{
  "method": "eikonal",
  "datasets": [
    "3d_twosphere_traj"
  ],
  "seed": 173,
  "avg_metrics": {
    "bidirectional_chamfer": 0.11341044306755066,
    "eps_stop": 0.008937722072005272,
    "eval_eps_used": 0.008937722072005272,
    "gt_to_learned_mean": 0.039287667721509933,
    "gt_to_learned_p95": 0.07559697329998016,
    "learned_to_gt_mean": 0.07412277162075043,
    "learned_to_gt_p95": 0.14079001545906067,
    "n_gt": 1024.0,
    "n_learned": 4096.0,
    "pred_FPrate": 0.008040201005025126,
    "pred_on_mean_v": 1.7887385183712468e-05,
    "pred_precision": 0.55322265625,
    "pred_recall": 0.8037109375,
    "proj_manifold_dist": 0.03741329908370972,
    "proj_steps": 19.0,
    "proj_true_dist": 0.041296884417533875,
    "proj_v_residual": 0.00043752213241532445
  },
  "std_metrics": {
    "bidirectional_chamfer": 0.0,
    "eps_stop": 0.0,
    "eval_eps_used": 0.0,
    "gt_to_learned_mean": 0.0,
    "gt_to_learned_p95": 0.0,
    "learned_to_gt_mean": 0.0,
    "learned_to_gt_p95": 0.0,
    "n_gt": 0.0,
    "n_learned": 0.0,
    "pred_FPrate": 0.0,
    "pred_on_mean_v": 0.0,
    "pred_precision": 0.0,
    "pred_recall": 0.0,
    "proj_manifold_dist": 0.0,
    "proj_steps": 0.0,
    "proj_true_dist": 0.0,
    "proj_v_residual": 0.0
  },
  "results": [
    {
      "method": "eikonal",
      "dataset": "3d_twosphere_traj",
      "metrics": {
        "pred_on_mean_v": 1.7887385183712468e-05,
        "proj_manifold_dist": 0.03741329908370972,
        "proj_v_residual": 0.00043752213241532445,
        "proj_true_dist": 0.041296884417533875,
        "proj_steps": 19.0,
        "pred_recall": 0.8037109375,
        "pred_FPrate": 0.008040201005025126,
        "pred_precision": 0.55322265625,
        "eval_eps_used": 0.008937722072005272,
        "bidirectional_chamfer": 0.11341044306755066,
        "gt_to_learned_mean": 0.039287667721509933,
        "learned_to_gt_mean": 0.07412277162075043,
        "gt_to_learned_p95": 0.07559697329998016,
        "learned_to_gt_p95": 0.14079001545906067,
        "n_gt": 1024.0,
        "n_learned": 4096.0,
        "eps_stop": 0.008937722072005272
      },
      "eval_path": "/home/baiyu/PycharmProjects/equality_manofld/outputs_unified/sweeps/eikonal_all_3d_traj/eikonal/3d_twosphere_traj_on_eikonal_eval.json",
      "ckpt_path": "/home/baiyu/PycharmProjects/equality_manofld/outputs_unified/sweeps/eikonal_all_3d_traj/eikonal/3d_twosphere_traj_on_eikonal_model.pt",
      "config": {
        "seed": 173,
        "device": "cuda",
        "n_train": 512,
        "n_grid": 4096,
        "hidden": 128,
        "depth": 3,
        "lr": 0.002,
        "lr_decay_step": 1000,
        "lr_decay_gamma": 0.5,
        "epochs": 2000,
        "batch_size": 128,
        "lam_eikonal": 0.2,
        "lam_eikonal_ortho": 1,
        "eikonal_near_ratio": 0.85,
        "eikonal_near_std_ratio": 0.05,
        "train_sample_pad_ratio": 0.6,
        "train_min_axis_span_ratio": 0.08,
        "metric_eval_every": 1,
        "projector": {
          "alpha": 0.3,
          "steps": 80,
          "min_steps": 20
        },
        "planner": {
          "enable": false,
          "pair_min_ratio": 0.15,
          "pair_max_ratio": 0.35,
          "pair_tries": 1200,
          "init_mode": "joint_spline",
          "joint_mid_noise": 0.0,
          "lam_manifold": 1.0,
          "lam_len_joint": 0.4,
          "opt_steps": 1240,
          "opt_lr": 0.01,
          "opt_lam_smooth": 0.2,
          "trust_scale": 0.8,
          "method": "traj_opt",
          "anim_fps": 6,
          "anim_stride": 1,
          "save_gif": false,
          "pybullet_render": false,
          "pybullet_real_time_dt": 0.06
        },
        "viz_proj_traj_count": 64,
        "constraint_dim": "auto",
        "codim_auto_sample_ratio": 0.2,
        "codim_auto_k_neighbors": 5,
        "codim_auto_const_axis_std_ratio": 0.001,
        "codim_auto_strict_check": true,
        "show_3d_plot": true,
        "surface_plot_n": 28,
        "surface_eval_chunk": 8192,
        "surface_max_points": 5000,
        "plot_train_max_points": 1200,
        "plot_traj_max_count": 24,
        "plot_traj_stride": 2,
        "surface_use_marching_cubes": true,
        "train_log_every": 50
      },
      "loaded_config_paths": [
        "/home/baiyu/PycharmProjects/equality_manofld/configs/base.json",
        "/home/baiyu/PycharmProjects/equality_manofld/configs/methods/eikonal.json",
        "/home/baiyu/PycharmProjects/equality_manofld/configs/datasets/3d_twosphere_traj.json"
      ],
      "seed": 173
    }
  ],
  "global_overrides": [
    "epochs=2000",
    "lam_eikonal=0.2",
    "lam_eikonal_ortho=1",
    "lr=0.002",
    "projector.steps=80"
  ],
  "method_overrides": [],
  "dataset_overrides": {},
  "method_dataset_overrides": {},
  "cli_overrides": []
}