dataset,method,n,mean,median,std,min,max
3d_spatial_arm_circle_n3,ecomann,5,0.015234375,0.0,0.03046875,0.0,0.076171875
3d_torus_surface_traj,ecomann,5,0.028466796875,0.02392578125,0.014502528529199121,0.011962890625,0.0546875
