{
  "pred_on_mean_v": 0.15794937312602997,
  "proj_manifold_dist": 0.5603138208389282,
  "proj_v_residual": 0.2786739766597748,
  "proj_true_dist": 0.7412270903587341,
  "proj_steps": 19.653076171875,
  "pred_recall": 0.771484375,
  "pred_FPrate": 0.6438467807660961,
  "pred_precision": 0.085693359375,
  "eval_eps_used": 0.782072901725769,
  "dist_space": "data_space",
  "bidirectional_chamfer": 0.8306478261947632,
  "gt_to_learned_mean": 0.27021512389183044,
  "learned_to_gt_mean": 0.5604327321052551,
  "gt_to_learned_p95": 1.0513592958450317,
  "learned_to_gt_p95": 1.5229616165161133,
  "n_gt": 1024,
  "n_learned": 4096,
  "eps_stop": 0.782072901725769
}