{
  "pred_on_mean_v": 1.565166711807251,
  "proj_manifold_dist": 0.6538385152816772,
  "proj_v_residual": 0.3117900490760803,
  "proj_true_dist": 1.008324146270752,
  "proj_steps": 3.14990234375,
  "pred_recall": 0.4803703703703704,
  "pred_FPrate": 0.8361250697934115,
  "pred_precision": 0.01904296875,
  "eval_eps_used": 2.366342306137085,
  "dist_space": "data_space",
  "bidirectional_chamfer": 1.81634521484375,
  "gt_to_learned_mean": 1.1625066995620728,
  "learned_to_gt_mean": 0.6538385152816772,
  "gt_to_learned_p95": 2.2790048122406006,
  "learned_to_gt_p95": 1.6257216930389404,
  "n_gt": 8100,
  "n_learned": 4096,
  "eps_stop": 2.366342306137085,
  "train_seconds": 0.8191217710264027
}