{
  "pred_on_mean_v": 1.3083994388580322,
  "proj_manifold_dist": 0.4172792434692383,
  "proj_v_residual": 0.017363421618938446,
  "proj_true_dist": 1.4706315994262695,
  "proj_steps": 3.742919921875,
  "pred_recall": 0.9504183070866141,
  "pred_FPrate": 0.8842853640598186,
  "pred_precision": 0.0,
  "eval_eps_used": 2.240827798843384,
  "dist_space": "workspace",
  "bidirectional_chamfer": 1.005588173866272,
  "gt_to_learned_mean": 0.5883089303970337,
  "learned_to_gt_mean": 0.4172792434692383,
  "gt_to_learned_p95": 1.1368865966796875,
  "learned_to_gt_p95": 0.7008968591690063,
  "n_gt": 8128,
  "n_learned": 4096,
  "eps_stop": 2.240827798843384,
  "train_seconds": 9.364694917981979
}