{
  "pred_on_mean_v": 0.046824242919683456,
  "proj_manifold_dist": 0.40269261598587036,
  "proj_v_residual": 0.012298259884119034,
  "proj_true_dist": 0.5216318964958191,
  "proj_steps": 2.9248046875,
  "pred_recall": 0.42322834645669294,
  "pred_FPrate": 0.10888671875,
  "pred_precision": 0.00048828125,
  "eval_eps_used": 0.3759239614009857,
  "dist_space": "workspace",
  "bidirectional_chamfer": 0.663611888885498,
  "gt_to_learned_mean": 0.2109091430902481,
  "learned_to_gt_mean": 0.45270276069641113,
  "gt_to_learned_p95": 0.294109970331192,
  "learned_to_gt_p95": 1.0996989011764526,
  "n_gt": 8128,
  "n_learned": 4096,
  "eps_stop": 0.3759239614009857,
  "train_seconds": 98.04259371501394
}