{
  "pred_on_mean_v": 0.010946013033390045,
  "proj_manifold_dist": 0.24500912427902222,
  "proj_v_residual": 0.22335317730903625,
  "proj_true_dist": 1.341933012008667,
  "proj_steps": 1.0,
  "pred_recall": 0.739013671875,
  "pred_FPrate": 0.09532237673830594,
  "pred_precision": 0.256591796875,
  "eval_eps_used": 0.19719934463500977,
  "dist_space": "workspace",
  "bidirectional_chamfer": 0.46218183636665344,
  "gt_to_learned_mean": 0.15709882974624634,
  "learned_to_gt_mean": 0.3050830066204071,
  "gt_to_learned_p95": 0.4102415442466736,
  "learned_to_gt_p95": 0.9131808876991272,
  "n_gt": 1024,
  "n_learned": 4096,
  "eps_stop": 0.19719934463500977,
  "train_seconds": 16.809338910970837,
  "gen_manifold_dist": 0.29597944021224976,
  "gen_chamfer": 0.4490857422351837
}