{
  "pred_on_mean_v": 0.004023455549031496,
  "proj_manifold_dist": 0.06827412545681,
  "proj_v_residual": 0.15852010250091553,
  "proj_true_dist": 0.45034873485565186,
  "proj_steps": 1.0,
  "pred_recall": 0.665771484375,
  "pred_FPrate": 0.04426955238563699,
  "pred_precision": 0.345703125,
  "eval_eps_used": 0.1406034529209137,
  "dist_space": "data_space",
  "bidirectional_chamfer": 0.15257972478866577,
  "gt_to_learned_mean": 0.08379258215427399,
  "learned_to_gt_mean": 0.06878714263439178,
  "gt_to_learned_p95": 0.4172234535217285,
  "learned_to_gt_p95": 0.26133865118026733,
  "n_gt": 1024,
  "n_learned": 4096,
  "eps_stop": 0.1406034529209137,
  "train_seconds": 1.0769747029989958,
  "gen_manifold_dist": 0.08094966411590576,
  "gen_chamfer": 0.1687716245651245
}