{
  "pred_on_mean_v": 0.052328526973724365,
  "proj_manifold_dist": 0.4239203631877899,
  "proj_v_residual": 0.6140720844268799,
  "proj_true_dist": 0.6056893467903137,
  "proj_steps": 1.0,
  "pred_recall": 0.89990234375,
  "pred_FPrate": 0.024169921875,
  "pred_precision": 0.00048828125,
  "eval_eps_used": 0.3978361189365387,
  "dist_space": "workspace",
  "bidirectional_chamfer": 0.5300195217132568,
  "gt_to_learned_mean": 0.097860187292099,
  "learned_to_gt_mean": 0.43215930461883545,
  "gt_to_learned_p95": 0.155013307929039,
  "learned_to_gt_p95": 1.6756566762924194,
  "n_gt": 1024,
  "n_learned": 4096,
  "eps_stop": 0.3978361189365387,
  "train_seconds": 16.498658415861428,
  "gen_manifold_dist": 0.5375038981437683,
  "gen_chamfer": 0.641990602016449
}