{
  "method": "eikonal",
  "datasets": [
    "2d_ellipse",
    "2d_looped_spiro",
    "2d_planar_arm_line_n2",
    "2d_sparse_sine"
  ],
  "seed": 173,
  "avg_metrics": {
    "bidirectional_chamfer": 0.03714017942547798,
    "eps_stop": 0.021811069222167134,
    "eval_eps_used": 0.021811069222167134,
    "gt_to_learned_mean": 0.01579676871187985,
    "gt_to_learned_p95": 0.044727290980517864,
    "learned_to_gt_mean": 0.02134341117925942,
    "learned_to_gt_p95": 0.07786761969327927,
    "n_gt": 1024.0,
    "n_learned": 4096.0,
    "pred_FPrate": 0.0020611532001718917,
    "pred_on_mean_v": 0.00010297494191036094,
    "pred_precision": 0.9293212890625,
    "pred_recall": 0.7630615234375,
    "proj_manifold_dist": 0.019781379960477352,
    "proj_steps": 19.00775146484375,
    "proj_true_dist": 0.12403295701369643,
    "proj_v_residual": 0.0039014455396682024,
    "train_seconds": 4.950247552478686
  },
  "std_metrics": {
    "bidirectional_chamfer": 0.01812240522060068,
    "eps_stop": 0.007060702399347724,
    "eval_eps_used": 0.007060702399347724,
    "gt_to_learned_mean": 0.010734936870255759,
    "gt_to_learned_p95": 0.032433228911264336,
    "learned_to_gt_mean": 0.010342407787165886,
    "learned_to_gt_p95": 0.05795334819280414,
    "n_gt": 0.0,
    "n_learned": 0.0,
    "pred_FPrate": 0.0023815424404484142,
    "pred_on_mean_v": 6.196922783747903e-05,
    "pred_precision": 0.08808918881389587,
    "pred_recall": 0.10762552550981734,
    "proj_manifold_dist": 0.010839398718351162,
    "proj_steps": 0.013145533122500313,
    "proj_true_dist": 0.1368849762420521,
    "proj_v_residual": 0.005658602592691924,
    "train_seconds": 1.0178641352925661
  },
  "results": [
    {
      "method": "eikonal",
      "dataset": "2d_ellipse",
      "metrics": {
        "pred_on_mean_v": 1.8438622646499425e-05,
        "proj_manifold_dist": 0.008860860019922256,
        "proj_v_residual": 0.0005174754187464714,
        "proj_true_dist": 0.02453637681901455,
        "proj_steps": 19.0,
        "pred_recall": 0.646484375,
        "pred_FPrate": 0.0,
        "pred_precision": 1.0,
        "eval_eps_used": 0.011059301905333996,
        "bidirectional_chamfer": 0.021827761083841324,
        "gt_to_learned_mean": 0.010912196710705757,
        "learned_to_gt_mean": 0.010915563441812992,
        "gt_to_learned_p95": 0.03570040687918663,
        "learned_to_gt_p95": 0.03124336712062359,
        "n_gt": 1024.0,
        "n_learned": 4096.0,
        "eps_stop": 0.011059301905333996,
        "train_seconds": 4.338345424039289
      },
      "eval_path": "/home/baiyu/PycharmProjects/equality_manofld/outputs_unified/sweeps/eikonal_all_2d/eikonal/2d_ellipse_on_eikonal_eval.json",
      "ckpt_path": "/home/baiyu/PycharmProjects/equality_manofld/outputs_unified/sweeps/eikonal_all_2d/eikonal/2d_ellipse_on_eikonal_model.pt",
      "config": {
        "seed": 173,
        "device": "cuda",
        "n_train": 128,
        "n_grid": 4096,
        "hidden": 128,
        "depth": 3,
        "lr": 0.0002,
        "lr_decay_step": 1000,
        "lr_decay_gamma": 0.5,
        "epochs": 1200,
        "batch_size": 128,
        "lam_eikonal": 0.25,
        "lam_eikonal_ortho": 1.0,
        "eikonal_near_ratio": 0.85,
        "eikonal_near_std_ratio": 0.05,
        "train_sample_pad_ratio": 0.6,
        "train_min_axis_span_ratio": 0.08,
        "metric_eval_every": 1,
        "projector": {
          "alpha": 0.3,
          "steps": 80,
          "min_steps": 20
        },
        "planner": {
          "enable": false,
          "pair_min_ratio": 0.15,
          "pair_max_ratio": 0.35,
          "pair_tries": 1200,
          "init_mode": "joint_spline",
          "joint_mid_noise": 0.0,
          "lam_manifold": 1.0,
          "lam_len_joint": 0.4,
          "opt_steps": 1240,
          "opt_lr": 0.01,
          "opt_lam_smooth": 0.2,
          "trust_scale": 0.8,
          "method": "traj_opt",
          "anim_fps": 6,
          "anim_stride": 1,
          "save_gif": false,
          "pybullet_render": false,
          "pybullet_real_time_dt": 0.06
        },
        "viz_proj_traj_count": 64,
        "constraint_dim": 1,
        "codim_auto_sample_ratio": 0.2,
        "codim_auto_k_neighbors": 5,
        "codim_auto_const_axis_std_ratio": 0.001,
        "codim_auto_strict_check": true,
        "codim_learn_enable": true,
        "codim_learn_m_max": 5,
        "codim_learn_stage1_ratio": 0.1,
        "codim_learn_sparsity_final": 0.001,
        "codim_learn_gate_lr": 0.001,
        "codim_learn_gate_threshold": 0.5,
        "codim_learn_min_active": 1,
        "codim_learn_min_active_weight": 1.0,
        "codim_learn_stage1_lam_eikonal": 0.02,
        "codim_learn_finetune_ratio": 0.1,
        "show_3d_plot": true,
        "surface_plot_n": 28,
        "surface_eval_chunk": 8192,
        "surface_max_points": 5000,
        "plot_train_max_points": 1200,
        "plot_traj_max_count": 24,
        "plot_traj_stride": 2,
        "surface_use_marching_cubes": true,
        "train_log_every": 50
      },
      "loaded_config_paths": [
        "/home/baiyu/PycharmProjects/equality_manofld/configs/base.json",
        "/home/baiyu/PycharmProjects/equality_manofld/configs/methods/eikonal.json",
        "/home/baiyu/PycharmProjects/equality_manofld/configs/datasets/2d_ellipse.json"
      ],
      "seed": 173
    },
    {
      "method": "eikonal",
      "dataset": "2d_looped_spiro",
      "metrics": {
        "pred_on_mean_v": 6.89164298819378e-05,
        "proj_manifold_dist": 0.009069439023733139,
        "proj_v_residual": 0.0007851520786061883,
        "proj_true_dist": 0.04143543541431427,
        "proj_steps": 19.00048828125,
        "pred_recall": 0.9013671875,
        "pred_FPrate": 0.0,
        "pred_precision": 0.999755859375,
        "eval_eps_used": 0.020991146564483643,
        "bidirectional_chamfer": 0.02054252102971077,
        "gt_to_learned_mean": 0.009426889009773731,
        "learned_to_gt_mean": 0.011115632951259613,
        "gt_to_learned_p95": 0.02247033081948757,
        "learned_to_gt_p95": 0.023898178711533546,
        "n_gt": 1024.0,
        "n_learned": 4096.0,
        "eps_stop": 0.020991146564483643,
        "train_seconds": 6.045377752976492
      },
      "eval_path": "/home/baiyu/PycharmProjects/equality_manofld/outputs_unified/sweeps/eikonal_all_2d/eikonal/2d_looped_spiro_on_eikonal_eval.json",
      "ckpt_path": "/home/baiyu/PycharmProjects/equality_manofld/outputs_unified/sweeps/eikonal_all_2d/eikonal/2d_looped_spiro_on_eikonal_model.pt",
      "config": {
        "seed": 173,
        "device": "cuda",
        "n_train": 128,
        "n_grid": 4096,
        "hidden": 128,
        "depth": 3,
        "lr": 0.0002,
        "lr_decay_step": 1000,
        "lr_decay_gamma": 0.5,
        "epochs": 2000,
        "batch_size": 128,
        "lam_eikonal": 0.12,
        "lam_eikonal_ortho": 1.0,
        "eikonal_near_ratio": 0.85,
        "eikonal_near_std_ratio": 0.05,
        "train_sample_pad_ratio": 0.6,
        "train_min_axis_span_ratio": 0.08,
        "metric_eval_every": 1,
        "projector": {
          "alpha": 0.3,
          "steps": 80,
          "min_steps": 20
        },
        "planner": {
          "enable": false,
          "pair_min_ratio": 0.15,
          "pair_max_ratio": 0.35,
          "pair_tries": 1200,
          "init_mode": "joint_spline",
          "joint_mid_noise": 0.0,
          "lam_manifold": 1.0,
          "lam_len_joint": 0.4,
          "opt_steps": 1240,
          "opt_lr": 0.01,
          "opt_lam_smooth": 0.2,
          "trust_scale": 0.8,
          "method": "traj_opt",
          "anim_fps": 6,
          "anim_stride": 1,
          "save_gif": false,
          "pybullet_render": false,
          "pybullet_real_time_dt": 0.06
        },
        "viz_proj_traj_count": 64,
        "constraint_dim": 1,
        "codim_auto_sample_ratio": 0.2,
        "codim_auto_k_neighbors": 5,
        "codim_auto_const_axis_std_ratio": 0.001,