{
  "pred_on_mean_v": 0.01245903316885233,
  "proj_manifold_dist": 0.2508578896522522,
  "proj_v_residual": 0.23472565412521362,
  "proj_true_dist": 1.6058907508850098,
  "proj_steps": 1.0,
  "pred_recall": 0.4039124015748031,
  "pred_FPrate": 0.0,
  "pred_precision": 0.014892578125,
  "eval_eps_used": 0.23036497831344604,
  "dist_space": "workspace",
  "bidirectional_chamfer": 0.4634338915348053,
  "gt_to_learned_mean": 0.25791507959365845,
  "learned_to_gt_mean": 0.20551881194114685,
  "gt_to_learned_p95": 0.7188437581062317,
  "learned_to_gt_p95": 0.9707728624343872,
  "n_gt": 8128,
  "n_learned": 4096,
  "eps_stop": 0.23036497831344604,
  "train_seconds": 4.518659579975065,
  "gen_manifold_dist": 0.23901930451393127,
  "gen_chamfer": 0.4689139127731323
}