{
  "pred_on_mean_v": 0.012059805914759636,
  "proj_manifold_dist": 0.07403691858053207,
  "proj_v_residual": 0.1506974995136261,
  "proj_true_dist": 1.1944130659103394,
  "proj_steps": 1.0,
  "pred_recall": 0.8765994094488189,
  "pred_FPrate": 0.0,
  "pred_precision": 0.069091796875,
  "eval_eps_used": 0.1982465386390686,
  "dist_space": "workspace",
  "bidirectional_chamfer": 0.19109034538269043,
  "gt_to_learned_mean": 0.10795881599187851,
  "learned_to_gt_mean": 0.08313152194023132,
  "gt_to_learned_p95": 0.20112557709217072,
  "learned_to_gt_p95": 0.1282278150320053,
  "n_gt": 8128,
  "n_learned": 4096,
  "eps_stop": 0.1982465386390686,
  "train_seconds": 17.06251307600178,
  "gen_manifold_dist": 0.08562701940536499,
  "gen_chamfer": 0.1875144988298416
}