{"sweep/n_seeds":1,"2d_planar_arm_line_n2/vae/proj_true_dist":0.639926552772522,"sweep/avg/eps_stop":0.23852318773667017,"2d_sparse_sine/vae/pred_on_mean_v":0.006529649719595909,"sweep/n_datasets":6,"sweep/std/gt_to_learned_mean":0.030167187270115685,"2d_square/vae/bidirectional_chamfer":0.08493003994226456,"2d_sparse_sine/vae/n_gt":1024,"2d_square/vae/pred_recall":0.8316498316498316,"2d_figure_eight/vae/plot/2d_figure_eight_vae_visualize_all":{"_type":"image-file","sha256":"2ab8fe22978bc082f0f058b6d8029aa9a67e3b439b97b476a17a4d77962cbf2c","size":491221,"path":"media/images/2d_figure_eight/vae/plot/2d_figure_eight_vae_visualize_all_11_2ab8fe22978bc082f0f0.png","format":"png","width":2756,"height":888},"2d_planar_arm_line_n2/vae/n_gt":1024,"2d_ellipse/vae/learned_to_gt_p95":0.12975960969924927,"sweep/avg/gt_to_learned_mean":0.09129134627679984,"2d_ellipse/vae/pred_manifold_dist":0.1096695214509964,"2d_planar_arm_line_n2/vae/plot/2d_planar_arm_line_n2_vae_planning_demo":{"format":"png","width":1785,"height":2040,"_type":"image-file","sha256":"2544e4821d3650d8e67200bcab0abb022ad797f6ea26032d73d008cf79b7e0d2","size":243943,"path":"media/images/2d_planar_arm_line_n2/vae/plot/2d_planar_arm_line_n2_vae_planning_demo_22_2544e4821d3650d8e672.png"},"sweep/avg/proj_steps":1,"2d_figure_eight/vae/learned_to_gt_mean":0.0702614039182663,"2d_square/vae/proj_v_residual":0.062293827533721924,"2d_planar_arm_line_n2/vae/proj_manifold_dist":0.25140485167503357,"2d_planar_arm_line_n2/vae/pred_FPrate":0.17757009345794392,"2d_figure_eight/vae/proj_steps":1,"2d_looped_spiro/vae/plot/2d_looped_spiro_vae_contour_traj":{"height":960,"_type":"image-file","sha256":"ecb5d740e3281dc355bfc1f533de5535b71520aa5ff5a3351f3f94bee41aa134","size":808130,"path":"media/images/2d_looped_spiro/vae/plot/2d_looped_spiro_vae_contour_traj_14_ecb5d740e3281dc355bf.png","format":"png","width":1280},"2d_ellipse/vae/pred_FPrate":0.1950578338590957,"_step":38,"sweep/std/proj_steps":0,"2d_square/vae/proj_manifold_dist":0.038596056401729584,"2d_looped_spiro/vae/pred_manifold_dist":0.11098833382129669,"2d_ellipse/vae/pred_on_mean_v":0.010589267127215862,"2d_square/vae/eps_stop":0.1494016796350479,"2d_planar_arm_line_n2/loaded_layers_count":3,"2d_sparse_sine/vae/learned_to_gt_p95":0.09317460656166077,"sweep/std/proj_true_dist":0.1474840651097326,"2d_figure_eight/vae/eps_stop":0.2559860348701477,"2d_ellipse/vae/proj_v_residual":0.14072486758232117,"sweep/avg/learned_to_gt_p95":0.3368212307492892,"2d_square/vae/n_learned":4096,"2d_ellipse/vae/n_learned":4096,"2d_sparse_sine/vae/pred_precision":0.5041597337770383,"2d_sparse_sine/vae/eval_eps_used":0.19124507904052734,"2d_ellipse/vae/gt_to_learned_p95":0.45001929998397827,"sweep/avg/learned_to_gt_mean":0.09590263788898785,"2d_sparse_sine/vae/proj_steps":1,"2d_ellipse/vae/plot/2d_ellipse_vae_contour_traj":{"format":"png","width":1280,"height":960,"_type":"image-file","sha256":"d97f183a2af30f71ccaf01ac7bb03c860ff3076c6c3f9af51dea378ba3cf200a","size":802700,"path":"media/images/2d_ellipse/vae/plot/2d_ellipse_vae_contour_traj_2_d97f183a2af30f71ccaf.png"},"2d_planar_arm_line_n2/vae/pred_recall":0.7956204379562044,"sweep/n_cases":6,"2d_figure_eight/vae/pred_manifold_dist":0.09688954055309296,"2d_ellipse/vae/proj_steps":1,"sweep/std/eps_stop":0.05305834172292578,"sweep/std/pred_manifold_dist":0.02953146278734765,"sweep/avg/pred_FPrate":0.1795899438930776,"2d_planar_arm_line_n2/vae/pred_precision":0.13423645320197045,"2d_looped_spiro/vae/gt_to_learned_mean":0.12544375658035278,"2d_looped_spiro/vae/proj_true_dist":0.6720200777053833,"2d_looped_spiro/vae/proj_steps":1,"2d_sparse_sine/vae/proj_true_dist":0.33429771661758423,"2d_looped_spiro/vae/bidirectional_chamfer":0.23270060122013092,"sweep/std/bidirectional_chamfer":0.06952629863286755,"2d_figure_eight/vae/n_learned":4096,"2d_looped_spiro/vae/plot/2d_looped_spiro_vae_loss_curves":{"width":1350,"height":600,"_type":"image-file","sha256":"97133217c216f334ec40bb72e012eb03afa875de93138fcc1ffe0b07989a1352","size":96621,"path":"media/images/2d_looped_spiro/vae/plot/2d_looped_spiro_vae_loss_curves_15_97133217c216f334ec40.png","format":"png"},"2d_square/vae/plot/2d_square_vae_contour_traj":{"width":1280,"height":960,"_type":"image-file","sha256":"b9ddd649ddc993a1733c4f4e27e21f8fc760da9611ca5a6fbd1221972e92598d","size":785242,"path":"media/images/2d_square/vae/plot/2d_square_vae_contour_traj_32_b9ddd649ddc993a1733c.png","format":"png"},"sweep/avg/pred_precision":0.26829661219073886,"2d_planar_arm_line_n2/vae/learned_to_gt_mean":0.2515043616294861,"2d_sparse_sine/vae/pred_recall":0.7575,"sweep/avg/bidirectional_chamfer":0.1871939810613791,"2d_ellipse/vae/eps_stop":0.24979403614997864,"2d_looped_spiro/vae/n_learned":4096,"2d_sparse_sine/vae/plot/2d_sparse_sine_vae_planner_paths":{"size":353619,"path":"media/images/2d_sparse_sine/vae/plot/2d_sparse_sine_vae_planner_paths_28_93299df8872df9a31502.png","format":"png","width":1200,"height":900,"_type":"image-file","sha256":"93299df8872df9a315024b563588139a5e7ba8836ffaf955fa1bcdcbd2a5ee75"},"2d_square/vae/gt_to_learned_p95":0.12643681466579437,"sweep/avg/proj_true_dist":0.45619921882947284,"2d_figure_eight/vae/gt_to_learned_p95":0.34685444831848145,"2d_square/vae/learned_to_gt_p95":0.09860174357891083,"2d_looped_spiro/vae/n_gt":1024,"2d_figure_eight/vae/pred_precision":0.18465045592705168,"2d_ellipse/vae/plot/2d_ellipse_vae_loss_curves":{"width":1350,"height":600,"_type":"image-file","sha256":"d92282da93f5408a3fe8854842dd542c7cb577939496b53556c3d33223feac9a","size":87070,"path":"media/images/2d_ellipse/vae/plot/2d_ellipse_vae_loss_curves_3_d92282da93f5408a3fe8.png","format":"png"},"2d_figure_eight/vae/proj_v_residual":0.10684351623058319,"2d_sparse_sine/vae/proj_v_residual":0.1365361213684082,"2d_figure_eight/vae/gt_to_learned_mean":0.11129553616046906,"2d_looped_spiro/vae/pred_on_mean_v":0.019824013113975525,"2d_planar_arm_line_n2/vae/eps_stop":0.3079334497451782,"sweep/avg/pred_manifold_dist":0.10326783979932468,"2d_sparse_sine/vae/pred_FPrate":0.08062770562770563,"2d_sparse_sine/loaded_layers_count":3,"2d_square/vae/plot/2d_square_vae_planner_paths":{"width":1200,"height":900,"_type":"image-file","sha256":"4e2a883b5b70aad1ddb089251d3c6210a051c5a7a170396e40af22ea9f84dc73","size":386960,"path":"media/images/2d_square/vae/plot/2d_square_vae_planner_paths_34_4e2a883b5b70aad1ddb0.png","format":"png"},"2d_square/vae/proj_true_dist":0.28942006826400757,"2d_planar_arm_line_n2/vae/pred_manifold_dist":0.1578800529241562,"sweep/std/pred_FPrate":0.05900198402098231,"2d_sparse_sine/vae/plot/2d_sparse_sine_vae_contour_traj":{"width":1280,"height":960,"_type":"image-file","sha256":"d80e2ff076695b0289e6a65564cbd0039cfef104c5dee4b415dfa7d4f70e22da","size":582123,"path":"media/images/2d_sparse_sine/vae/plot/2d_sparse_sine_vae_contour_traj_26_d80e2ff076695b0289e6.png","format":"png"},"2d_planar_arm_line_n2/vae/pred_on_mean_v":0.019204577431082726,"sweep/std/n_gt":0,"2d_planar_arm_line_n2/vae/learned_to_gt_p95":1.3128852844238281,"2d_looped_spiro/loaded_layers_count":3,"sweep/avg/n_learned":4096,"sweep/avg/gt_to_learned_p95":0.32618815700213116,"2d_looped_spiro/vae/learned_to_gt_mean":0.10725684463977814,"2d_ellipse/vae/n_gt":1024,"sweep/std/pred_recall":0.0387747762018974,"2d_square/vae/pred_manifold_dist":0.06301403790712357,"sweep/avg/proj_v_residual":0.12688265244166055,"2d_figure_eight/vae/plot/2d_figure_eight_vae_loss_curves":{"_type":"image-file","sha256":"c703799a55d70a35107f3cb4f146da0033002f52fd1c4263312454d38ee73f32","size":92496,"path":"media/images/2d_figure_eight/vae/plot/2d_figure_eight_vae_loss_curves_9_c703799a55d70a35107f.png","format":"png","width":1350,"height":600},"2d_ellipse/vae/pred_recall":0.726027397260274,"2d_figure_eight/loaded_layers_count":3,"2d_figure_eight/vae/pred_FPrate":0.28288953335090955,"2d_ellipse/vae/learned_to_gt_mean":0.0661838948726654,"sweep/std/proj_v_residual":0.041464499534505754,"2d_square/vae/n_gt":1024,