{
  "pred_on_mean_v": 0.002843963447958231,
  "proj_manifold_dist": 0.26735252141952515,
  "proj_v_residual": 0.0362892746925354,
  "proj_true_dist": 0.45603036880493164,
  "proj_steps": 19.018798828125,
  "pred_recall": 0.85498046875,
  "pred_FPrate": 0.14159067882472137,
  "pred_precision": 0.29296875,
  "eval_eps_used": 0.12265022844076157,
  "dist_space": "workspace",
  "bidirectional_chamfer": 0.27677857875823975,
  "gt_to_learned_mean": 0.009220320731401443,
  "learned_to_gt_mean": 0.2675582468509674,
  "gt_to_learned_p95": 0.02498198300600052,
  "learned_to_gt_p95": 1.3843673467636108,
  "n_gt": 1024,
  "n_learned": 4096,
  "eps_stop": 0.12265022844076157
}