{
  "method": "ecomann",
  "datasets": [
    "3d_twosphere_traj"
  ],
  "seed": 173,
  "avg_metrics": {
    "bidirectional_chamfer": 0.26614201068878174,
    "eps_stop": 0.23562617599964142,
    "eval_eps_used": 0.23562617599964142,
    "gt_to_learned_mean": 0.12092877924442291,
    "gt_to_learned_p95": 0.27312594652175903,
    "learned_to_gt_mean": 0.14521324634552002,
    "learned_to_gt_p95": 0.2823762595653534,
    "n_gt": 1024.0,
    "n_learned": 4096.0,
    "pred_FPrate": 0.2919597989949749,
    "pred_on_mean_v": 0.011724979616701603,
    "pred_precision": 0.087890625,
    "pred_recall": 0.81201171875,
    "proj_manifold_dist": 0.12182918936014175,
    "proj_steps": 2.9033203125,
    "proj_true_dist": 0.17805375158786774,
    "proj_v_residual": 5.722655987483449e-05,
    "train_seconds": 11.286700666882098
  },
  "std_metrics": {
    "bidirectional_chamfer": 0.0,
    "eps_stop": 0.0,
    "eval_eps_used": 0.0,
    "gt_to_learned_mean": 0.0,
    "gt_to_learned_p95": 0.0,
    "learned_to_gt_mean": 0.0,
    "learned_to_gt_p95": 0.0,
    "n_gt": 0.0,
    "n_learned": 0.0,
    "pred_FPrate": 0.0,
    "pred_on_mean_v": 0.0,
    "pred_precision": 0.0,
    "pred_recall": 0.0,
    "proj_manifold_dist": 0.0,
    "proj_steps": 0.0,
    "proj_true_dist": 0.0,
    "proj_v_residual": 0.0,
    "train_seconds": 0.0
  },
  "results": [
    {
      "method": "ecomann",
      "dataset": "3d_twosphere_traj",
      "metrics": {
        "pred_on_mean_v": 0.011724979616701603,
        "proj_manifold_dist": 0.12182918936014175,
        "proj_v_residual": 5.722655987483449e-05,
        "proj_true_dist": 0.17805375158786774,
        "proj_steps": 2.9033203125,
        "pred_recall": 0.81201171875,
        "pred_FPrate": 0.2919597989949749,
        "pred_precision": 0.087890625,
        "eval_eps_used": 0.23562617599964142,
        "bidirectional_chamfer": 0.26614201068878174,
        "gt_to_learned_mean": 0.12092877924442291,
        "learned_to_gt_mean": 0.14521324634552002,
        "gt_to_learned_p95": 0.27312594652175903,
        "learned_to_gt_p95": 0.2823762595653534,
        "n_gt": 1024.0,
        "n_learned": 4096.0,
        "eps_stop": 0.23562617599964142,
        "train_seconds": 11.286700666882098
      },
      "eval_path": "/home/baiyu/PycharmProjects/equality_manofld/outputs_unified/sweeps/ecomann_all_3d/ecomann/3d_twosphere_traj_ecomann_eval.json",
      "ckpt_path": "/home/baiyu/PycharmProjects/equality_manofld/outputs_unified/sweeps/ecomann_all_3d/ecomann/3d_twosphere_traj_ecomann_model.pt",
      "config": {
        "seed": 173,
        "device": "cuda",
        "n_train": 512,
        "n_grid": 4096,
        "hidden_sizes": [
          128,
          128,
          128
        ],
        "epochs": 30,
        "batch_size": 128,
        "lr": 0.01,
        "weight_decay": 0.0,
        "use_batch_norm": true,
        "is_performing_data_augmentation": true,
        "is_optimizing_local_tangent_space_alignment_loss": true,
        "is_optimizing_signed_siamese_pairs": true,
        "is_aligning_lpca_normal_space_eigvecs": true,
        "is_augmenting_w_rand_comb_of_normaleigvecs": true,
        "clean_aug_data": true,
        "siam_mode": "all",
        "n_normal_space_traversal": 5,
        "n_local_neighborhood_mult": 1,
        "train_log_every": 5,
        "projector": {
          "alpha": 0.3,
          "steps": 80,
          "min_steps": 20
        },
        "planner": {
          "enable": false,
          "method": "traj_opt",
          "steps": 64,
          "opt_steps": 1240,
          "opt_lr": 0.01,
          "opt_lam_smooth": 0.2,
          "lam_manifold": 1.0,
          "lam_len_joint": 0.4,
          "trust_scale": 0.8,
          "off_dist": 0.6,
          "pair_min_ratio": 0.15,
          "pair_max_ratio": 0.35,
          "pair_tries": 1200,
          "init_mode": "joint_spline",
          "joint_mid_noise": 0.0,
          "anim_fps": 6,
          "anim_stride": 1,
          "save_gif": false,
          "pybullet_render": false,
          "pybullet_real_time_dt": 0.06
        }
      },
      "loaded_config_paths": [
        "/home/baiyu/PycharmProjects/equality_manofld/configs/base.json",
        "/home/baiyu/PycharmProjects/equality_manofld/configs/methods/ecomann.json",
        "/home/baiyu/PycharmProjects/equality_manofld/configs/datasets/3d_twosphere_traj.json",
        "/home/baiyu/PycharmProjects/equality_manofld/configs/method_dataset/ecomann_3d_twosphere_traj.json"
      ],
      "seed": 173
    }
  ],
  "global_overrides": [],
  "method_overrides": [],
  "dataset_overrides": {},
  "method_dataset_overrides": {},
  "cli_overrides": []
}