{
  "pred_on_mean_v": 0.00917238462716341,
  "proj_manifold_dist": 68816.0078125,
  "proj_v_residual": 0.024602940306067467,
  "proj_true_dist": 68816.2109375,
  "proj_steps": 5.864013671875,
  "pred_recall": 0.896484375,
  "pred_FPrate": 0.19032597266035753,
  "pred_precision": 0.20849609375,
  "eval_eps_used": 0.20357374846935272,
  "dist_space": "data_space",
  "bidirectional_chamfer": 68816.09375,
  "gt_to_learned_mean": 0.0863230973482132,
  "learned_to_gt_mean": 68816.0078125,
  "gt_to_learned_p95": 0.20579931139945984,
  "learned_to_gt_p95": 0.25014981627464294,
  "n_gt": 1024,
  "n_learned": 4096,
  "eps_stop": 0.20357374846935272
}