{
  "pred_on_mean_v": 0.015055716037750244,
  "proj_manifold_dist": 2224.114990234375,
  "proj_v_residual": 0.016801737248897552,
  "proj_true_dist": 2224.2783203125,
  "proj_steps": 3.460205078125,
  "pred_recall": 0.842041015625,
  "pred_FPrate": 0.4711310308462958,
  "pred_precision": 0.099609375,
  "eval_eps_used": 0.2663669288158417,
  "dist_space": "data_space",
  "bidirectional_chamfer": 2224.24560546875,
  "gt_to_learned_mean": 0.13029657304286957,
  "learned_to_gt_mean": 2224.115234375,
  "gt_to_learned_p95": 0.34304937720298767,
  "learned_to_gt_p95": 0.35861921310424805,
  "n_gt": 1024,
  "n_learned": 4096,
  "eps_stop": 0.2663669288158417
}