{
  "pred_on_mean_v": 0.07170499861240387,
  "proj_manifold_dist": 0.5541164875030518,
  "proj_v_residual": 0.05103437602519989,
  "proj_true_dist": 0.73821622133255,
  "proj_steps": 3.95166015625,
  "pred_recall": 0.894287109375,
  "pred_FPrate": 0.5534225814599646,
  "pred_precision": 0.09521484375,
  "eval_eps_used": 0.6333749294281006,
  "dist_space": "workspace",
  "bidirectional_chamfer": 0.5980881452560425,
  "gt_to_learned_mean": 0.04390932619571686,
  "learned_to_gt_mean": 0.5541788339614868,
  "gt_to_learned_p95": 0.13232862949371338,
  "learned_to_gt_p95": 2.0662150382995605,
  "n_gt": 1024,
  "n_learned": 4096,
  "eps_stop": 0.6333749294281006
}