{
  "pred_on_mean_v": 0.006894861347973347,
  "proj_manifold_dist": 299.7524108886719,
  "proj_v_residual": 0.0071812961250543594,
  "proj_true_dist": 299.85125732421875,
  "proj_steps": 3.598388671875,
  "pred_recall": 0.876708984375,
  "pred_FPrate": 0.20715977888918136,
  "pred_precision": 0.15234375,
  "eval_eps_used": 0.1743515282869339,
  "dist_space": "data_space",
  "bidirectional_chamfer": 299.8268127441406,
  "gt_to_learned_mean": 0.07403269410133362,
  "learned_to_gt_mean": 299.7527770996094,
  "gt_to_learned_p95": 0.1345014125108719,
  "learned_to_gt_p95": 0.12955406308174133,
  "n_gt": 1024,
  "n_learned": 4096,
  "eps_stop": 0.1743515282869339
}