{
  "pred_on_mean_v": 0.05784999951720238,
  "proj_manifold_dist": 40.72960662841797,
  "proj_v_residual": 0.0014984433073550463,
  "proj_true_dist": 40.87240219116211,
  "proj_steps": 3.082275390625,
  "pred_recall": 0.693115234375,
  "pred_FPrate": 0.37851731601731603,
  "pred_precision": 0.162841796875,
  "eval_eps_used": 0.5106918215751648,
  "dist_space": "data_space",
  "bidirectional_chamfer": 41.04869842529297,
  "gt_to_learned_mean": 0.3189001679420471,
  "learned_to_gt_mean": 40.72979736328125,
  "gt_to_learned_p95": 0.6736606359481812,
  "learned_to_gt_p95": 0.6727486848831177,
  "n_gt": 1024,
  "n_learned": 4096,
  "eps_stop": 0.5106918215751648
}