{"sweep/avg/proj_v_residual":0.007345321636724596,"2d_looped_spiro/eikonal/eps_stop":0.08671604096889496,"2d_ellipse/eikonal/eps_stop":0.015930889174342155,"2d_ellipse/eikonal/proj_manifold_dist":0.008878069929778576,"2d_square/eikonal/plot/2d_square_on_eikonal_planner_paths":{"sha256":"11b464892d337e600156137a42efa833ac575b4d8068c3ffebc58ad3b66e4749","size":292415,"path":"media/images/2d_square/eikonal/plot/2d_square_on_eikonal_planner_paths_24_11b464892d337e600156.png","format":"png","width":1200,"height":900,"_type":"image-file"},"_wandb":{"runtime":61},"sweep/std/bidirectional_chamfer":0.075621624921325,"sweep/std/eval_eps_used":0.10183980289776735,"2d_looped_spiro/eikonal/n_learned":4096,"2d_sparse_sine/eikonal/bidirectional_chamfer":0.06275062263011932,"2d_figure_eight/eikonal/n_gt":1024,"sweep/avg/gt_to_learned_p95":0.08731777934978406,"2d_planar_arm_line_n2/eikonal/eval_eps_used":0.0294543094933033,"2d_ellipse/eikonal/gt_to_learned_mean":0.009511539712548256,"2d_looped_spiro/eikonal/proj_manifold_dist":0.07782409340143204,"sweep/std/pred_manifold_dist":0.055021937951793706,"2d_figure_eight/eikonal/plot/2d_figure_eight_on_eikonal_planner_paths":{"size":253479,"path":"media/images/2d_figure_eight/eikonal/plot/2d_figure_eight_on_eikonal_planner_paths_7_e54ba5e9606a8cfe9973.png","format":"png","width":1200,"height":900,"_type":"image-file","sha256":"e54ba5e9606a8cfe9973fc766a3d0b1dbb8a1ae5be7e56d8117bc0c21e47cd0b"},"2d_sparse_sine/eikonal/gt_to_learned_p95":0.08897191286087036,"2d_figure_eight/eikonal/gt_to_learned_mean":0.09904153645038605,"2d_square/eikonal/pred_recall":0.8215488215488216,"2d_square/loaded_layers_count":4,"2d_ellipse/eikonal/pred_recall":0.3595890410958904,"2d_figure_eight/eikonal/pred_recall":0.8712871287128713,"2d_square/eikonal/gt_to_learned_mean":0.019256819039583206,"2d_figure_eight/eikonal/learned_to_gt_p95":0.3449968695640564,"2d_ellipse/eikonal/n_learned":4096,"2d_planar_arm_line_n2/eikonal/learned_to_gt_mean":0.03777614235877991,"sweep/avg/n_learned":4096,"sweep/std/pred_FPrate":0.24184874161668182,"2d_planar_arm_line_n2/eikonal/learned_to_gt_p95":0.13736183941364288,"2d_ellipse/eikonal/learned_to_gt_p95":0.01871129870414734,"2d_looped_spiro/eikonal/pred_recall":0.8503184713375797,"2d_sparse_sine/eikonal/plot/2d_sparse_sine_on_eikonal_planner_paths":{"sha256":"d83d829571d4c0f271cfef31dbbf0aabbfe203de0cdf65e4f7760981a774746c","size":433650,"path":"media/images/2d_sparse_sine/eikonal/plot/2d_sparse_sine_on_eikonal_planner_paths_20_d83d829571d4c0f271cf.png","format":"png","width":1200,"height":900,"_type":"image-file"},"2d_ellipse/eikonal/learned_to_gt_mean":0.010708692483603954,"2d_looped_spiro/eikonal/eval_eps_used":0.08671604096889496,"2d_planar_arm_line_n2/eikonal/gt_to_learned_p95":0.02066139690577984,"sweep/avg/proj_steps":19.025838216145832,"2d_sparse_sine/eikonal/n_gt":1024,"2d_looped_spiro/eikonal/n_gt":1024,"2d_ellipse/eikonal/n_gt":1024,"2d_sparse_sine/eikonal/proj_true_dist":0.07196647673845291,"2d_looped_spiro/eikonal/plot/2d_looped_spiro_on_eikonal_planner_paths":{"width":1200,"height":900,"_type":"image-file","sha256":"a732bf4cd826a2ad07f9f47e1166632972281be342e00c2c7d09081e227f16c7","size":532762,"path":"media/images/2d_looped_spiro/eikonal/plot/2d_looped_spiro_on_eikonal_planner_paths_11_a732bf4cd826a2ad07f9.png","format":"png"},"sweep/std/proj_true_dist":0.11896607951320542,"2d_ellipse/eikonal/gt_to_learned_p95":0.016558237373828888,"2d_looped_spiro/eikonal/pred_precision":0.4165366614664587,"2d_looped_spiro/eikonal/proj_true_dist":0.14818453788757324,"2d_ellipse/eikonal/pred_FPrate":0,"2d_looped_spiro/eikonal/learned_to_gt_mean":0.07850590348243713,"sweep/avg/n_gt":1024,"2d_planar_arm_line_n2/eikonal/plot/2d_planar_arm_line_n2_on_eikonal_contour_traj":{"_type":"image-file","sha256":"cfe2a4a39ab5fc6de9b4f5d02cd87ddf85f1b6bb68e5ccb308230bc3c4e153fc","size":849507,"path":"media/images/2d_planar_arm_line_n2/eikonal/plot/2d_planar_arm_line_n2_on_eikonal_contour_traj_14_cfe2a4a39ab5fc6de9b4.png","format":"png","width":1280,"height":960},"2d_looped_spiro/eikonal/pred_on_mean_v":0.001287473482079804,"sweep/std/pred_on_mean_v":0.004875806666663099,"2d_planar_arm_line_n2/eikonal/gt_to_learned_mean":0.00849879439920187,"sweep/std/gt_to_learned_p95":0.07169649889813606,"2d_ellipse/eikonal/proj_v_residual":0.0005823893006891012,"2d_looped_spiro/loaded_layers_count":4,"2d_ellipse/eikonal/pred_manifold_dist":0.009923100471496582,"2d_looped_spiro/eikonal/pred_FPrate":0.09888947646747752,"2d_figure_eight/eikonal/n_learned":4096,"2d_planar_arm_line_n2/eikonal/n_gt":1024,"sweep/n_datasets":6,"2d_ellipse/eikonal/pred_precision":1,"2d_planar_arm_line_n2/loaded_layers_count":4,"2d_figure_eight/eikonal/proj_steps":19.024658203125,"2d_sparse_sine/eikonal/pred_on_mean_v":0.00018490810180082917,"2d_figure_eight/eikonal/bidirectional_chamfer":0.24150855839252472,"2d_square/eikonal/pred_on_mean_v":0.00028072998975403607,"2d_ellipse/loaded_layers_count":3,"2d_sparse_sine/eikonal/pred_manifold_dist":0.03393477573990822,"2d_looped_spiro/eikonal/gt_to_learned_mean":0.04436248540878296,"2d_sparse_sine/eikonal/proj_v_residual":0.0006990471156314015,"2d_sparse_sine/eikonal/learned_to_gt_p95":0.05853485316038132,"2d_figure_eight/loaded_layers_count":4,"2d_planar_arm_line_n2/eikonal/plot/2d_planar_arm_line_n2_on_eikonal_training_diag":{"path":"media/images/2d_planar_arm_line_n2/eikonal/plot/2d_planar_arm_line_n2_on_eikonal_training_diag_16_70606bd9ea753bfc5e65.png","format":"png","width":1800,"height":540,"_type":"image-file","sha256":"70606bd9ea753bfc5e654f4b580b02d27d83aa1ea120dc5ccd6bc777c1b5d6fe","size":80600},"sweep/avg/gt_to_learned_mean":0.03538484017675122,"2d_looped_spiro/eikonal/proj_steps":19.072021484375,"2d_figure_eight/eikonal/proj_manifold_dist":0.14218883216381073,"2d_sparse_sine/loaded_layers_count":3,"2d_planar_arm_line_n2/eikonal/proj_v_residual":0.014324035495519638,"2d_square/eikonal/proj_manifold_dist":0.01706920936703682,"sweep/avg/pred_manifold_dist":0.05851964311053356,"2d_planar_arm_line_n2/eikonal/n_learned":4096,"2d_planar_arm_line_n2/eikonal/pred_manifold_dist":0.028421934694051743,"2d_figure_eight/eikonal/pred_FPrate":0.6715001318217769,"2d_sparse_sine/eikonal/proj_steps":19,"sweep/std/gt_to_learned_mean":0.03108915435152283,"2d_square/eikonal/bidirectional_chamfer":0.037403397262096405,"2d_sparse_sine/eikonal/n_learned":4096,"2d_planar_arm_line_n2/eikonal/proj_true_dist":0.3576529920101166,"2d_figure_eight/eikonal/eps_stop":0.3069557547569275,"2d_figure_eight/eikonal/proj_v_residual":0.02475786954164505,"2d_planar_arm_line_n2/eikonal/proj_manifold_dist":0.037104956805706024,"2d_square/eikonal/eps_stop":0.04144497588276863,"2d_figure_eight/eikonal/pred_manifold_dist":0.17131927609443665,"2d_sparse_sine/eikonal/pred_FPrate":0.001893939393939394,"2d_ellipse/eikonal/plot/2d_ellipse_on_eikonal_contour_traj":{"height":960,"_type":"image-file","sha256":"46ebea5be659ae868893d96e371a01845a61bea4e20123944a4cffed026fbe93","size":763378,"path":"media/images/2d_ellipse/eikonal/plot/2d_ellipse_on_eikonal_contour_traj_2_46ebea5be659ae868893.png","format":"png","width":1280},"2d_sparse_sine/eikonal/gt_to_learned_mean":0.03163786605000496,"2d_planar_arm_line_n2/eikonal/pred_on_mean_v":0.00025939021725207567,"sweep/avg/pred_on_mean_v":0.0025833572071860544,"sweep/avg/bidirectional_chamfer":0.08850435602168243,"2d_square/eikonal/n_learned":4096,"sweep/std/n_gt":0,"sweep/std/pred_precision":0.3100316904633776,"2d_square/eikonal/proj_true_dist":0.040555208921432495,"sweep/avg/pred_recall":0.6297486063129408,"2d_figure_eight/eikonal/gt_to_learned_p95":0.2314085215330124,"sweep/std/pred_recall":0.22483960437926334,"2d_square/eikonal/learned_to_gt_p95":0.05487634241580963,"2d_planar_arm_line_n2/eikonal/pred_precision":0.6761904761904762,"2d_planar_arm_line_n2/eikonal/pred_recall":0.5182481751824818,"sweep/avg/proj_manifold_dist":0.0521559949653844,"sweep/std/proj_v_residual":0.009170198473265312,