{"sweep/std/pred_precision":0.3369267487754494,"3d_vz_2d_ellipse/delta/proj_v_residual":0.0034458194859325886,"3d_vz_2d_looped_spiro/delta/plot/3d_vz_2d_looped_spiro_delta_knn_normal":{"path":"media/images/3d_vz_2d_looped_spiro/delta/plot/3d_vz_2d_looped_spiro_delta_knn_normal_32_366622fbc0cc87317d9d.png","format":"png","width":900,"height":750,"_type":"image-file","sha256":"366622fbc0cc87317d9d8a7ec20830de9e63355fdedddf25ee0bbf45efc18490","size":166842},"3d_torus_surface/delta/proj_v_residual":0.024803519248962402,"3d_spatial_arm_circle_n3/delta/proj_manifold_dist":0.006236878223717213,"3d_twosphere/delta/eps_stop":0.04525327682495117,"3d_spatial_arm_circle_n3/delta/n_gt":1024,"sweep/std/proj_manifold_dist":0.07983439362910072,"3d_twosphere/delta/gt_to_learned_p95":0.0946604385972023,"3d_planar_arm_line_n3/delta/gt_to_learned_mean":0.01049870066344738,"sweep/avg/eps_stop":0.06879197049420327,"sweep/avg/pred_precision":0.37958114199276194,"3d_twosphere/delta/learned_to_gt_p95":0.15534408390522003,"3d_vz_2d_ellipse/delta/n_gt":1024,"3d_planar_arm_line_n3/delta/pred_recall":0.8231292517006803,"_wandb":{"runtime":115},"3d_spiral/delta/learned_to_gt_mean":0.028116364032030106,"3d_spatial_arm_circle_n3/delta/proj_true_dist":0.05803002044558525,"3d_planar_arm_line_n3/delta/pred_precision":0.13267543859649122,"3d_twosphere/delta/n_gt":1024,"3d_vz_2d_looped_spiro/delta/plot/3d_vz_2d_looped_spiro_delta_loss_curves":{"width":1800,"height":600,"_type":"image-file","sha256":"bdee612ac52afa9a80d0514b8cad8f645837819ed23edeb310f5b349cab73a3e","size":172615,"path":"media/images/3d_vz_2d_looped_spiro/delta/plot/3d_vz_2d_looped_spiro_delta_loss_curves_33_bdee612ac52afa9a80d0.png","format":"png"},"3d_spatial_arm_circle_n3/delta/proj_v_residual":0.01734435372054577,"3d_vz_2d_looped_spiro/delta/learned_to_gt_p95":0.44212716817855835,"3d_planar_arm_line_n3/delta/eps_stop":0.18466004729270935,"3d_vz_2d_looped_spiro/delta/gt_to_learned_mean":0.07721612602472305,"sweep/std/bidirectional_chamfer":0.0919884386694736,"3d_vz_2d_looped_spiro/delta/pred_on_mean_v":0.0053505972027778625,"3d_vz_2d_ellipse/delta/gt_to_learned_mean":0.049282003194093704,"3d_saddle_surface/delta/eval_eps_used":0.013170494697988033,"3d_vz_2d_looped_spiro/delta/proj_manifold_dist":0.20142793655395508,"sweep/std/proj_true_dist":0.1255906205929514,"sweep/avg/gt_to_learned_p95":0.07708228315459564,"3d_vz_2d_looped_spiro/delta/gt_to_learned_p95":0.16926799714565277,"3d_spiral/delta/n_learned":4096,"3d_torus_surface/delta/plot/3d_torus_surface_delta_knn_normal":{"height":750,"_type":"image-file","sha256":"597fba97d67484caa948fb6d699ff907f704296c78ea4f4b3586ae8e7005fbda","size":202148,"path":"media/images/3d_torus_surface/delta/plot/3d_torus_surface_delta_knn_normal_22_597fba97d67484caa948.png","format":"png","width":900},"3d_vz_2d_ellipse/delta/pred_manifold_dist":0.1675710827112198,"3d_twosphere/delta/plot/3d_twosphere_delta_knn_normal":{"format":"png","width":900,"height":750,"_type":"image-file","sha256":"48e50979d4a51fa40f5965f6b9fddccd8939810ea69d584d3b91d6c9b313eeaf","size":180540,"path":"media/images/3d_twosphere/delta/plot/3d_twosphere_delta_knn_normal_27_48e50979d4a51fa40f59.png"},"3d_spatial_arm_circle_n3/delta/eval_eps_used":0.018924551084637642,"3d_vz_2d_ellipse/delta/pred_FPrate":0.09813084112149532,"3d_torus_surface/delta/plot/3d_torus_surface_delta_zero_surfaces_3d":{"width":1260,"height":1080,"_type":"image-file","sha256":"969f086959ef512a7d4e7095ded134ee7ec79a37c51554539dbdfaae2754cfba","size":366601,"path":"media/images/3d_torus_surface/delta/plot/3d_torus_surface_delta_zero_surfaces_3d_24_969f086959ef512a7d4e.png","format":"png"},"_runtime":115.047292213,"sweep/avg/proj_true_dist":0.16086394572630525,"3d_torus_surface/delta/pred_precision":0.489247311827957,"3d_vz_2d_ellipse/delta/gt_to_learned_p95":0.11713907867670059,"sweep/std/n_learned":0,"3d_planar_arm_line_n3/delta/pred_on_mean_v":0.006255116313695908,"3d_vz_2d_ellipse/delta/eps_stop":0.07927577942609787,"3d_saddle_surface/delta/pred_FPrate":0.005894413121476166,"sweep/avg/pred_manifold_dist":0.10355505696497858,"3d_planar_arm_line_n3/delta/eval_eps_used":0.18466004729270935,"3d_vz_2d_looped_spiro/delta/n_gt":1024,"3d_vz_2d_looped_spiro/delta/eval_eps_used":0.13252505660057068,"3d_vz_2d_ellipse/delta/learned_to_gt_mean":0.2415596842765808,"3d_twosphere/loaded_layers_count":3,"sweep/std/pred_manifold_dist":0.07341577532332506,"3d_vz_2d_looped_spiro/delta/pred_FPrate":0.24360236220472442,"3d_vz_2d_looped_spiro/delta/pred_precision":0.029411764705882353,"3d_planar_arm_line_n3/delta/plot/3d_planar_arm_line_n3_delta_knn_normal":{"height":750,"_type":"image-file","sha256":"b0f76be8b45e46262d63ea4df432e99aeca7fcd7ede0189987f9770f15030ed8","size":196972,"path":"media/images/3d_planar_arm_line_n3/delta/plot/3d_planar_arm_line_n3_delta_knn_normal_2_b0f76be8b45e46262d63.png","format":"png","width":900},"3d_vz_2d_ellipse/delta/plot/3d_vz_2d_ellipse_delta_zero_surfaces_3d":{"size":464960,"path":"media/images/3d_vz_2d_ellipse/delta/plot/3d_vz_2d_ellipse_delta_zero_surfaces_3d_39_ac82fda18a46f16d0767.png","format":"png","width":1260,"height":1080,"_type":"image-file","sha256":"ac82fda18a46f16d07673acd36a8f5c4914d33358e1064261779b6d12c630f5d"},"3d_vz_2d_looped_spiro/delta/pred_manifold_dist":0.2150351107120514,"sweep/std/proj_v_residual":0.029227184293450673,"3d_torus_surface/delta/pred_on_mean_v":0.00032255033147521317,"3d_torus_surface/delta/gt_to_learned_p95":0.12109015882015228,"3d_vz_2d_ellipse/delta/proj_true_dist":0.25049376487731934,"3d_spatial_arm_circle_n3/delta/plot/3d_spatial_arm_circle_n3_delta_loss_curves":{"path":"media/images/3d_spatial_arm_circle_n3/delta/plot/3d_spatial_arm_circle_n3_delta_loss_curves_13_9435ee256d86d09f70e7.png","format":"png","width":1800,"height":600,"_type":"image-file","sha256":"9435ee256d86d09f70e762196fb45daf461da069c4a772bf8e36509111faa19b","size":96664},"3d_twosphere/delta/proj_manifold_dist":0.047529373317956924,"3d_torus_surface/delta/gt_to_learned_mean":0.06005414202809334,"3d_spiral/delta/proj_v_residual":0.03497045487165451,"3d_torus_surface/delta/proj_manifold_dist":0.05884949862957001,"sweep/std/eps_stop":0.05672416108052474,"3d_twosphere/delta/proj_v_residual":0.011199110187590122,"3d_vz_2d_looped_spiro/delta/pred_recall":0.9375,"3d_planar_arm_line_n3/delta/proj_true_dist":0.4101528823375702,"3d_spatial_arm_circle_n3/delta/plot/3d_spatial_arm_circle_n3_delta_zero_surfaces_3d":{"sha256":"d207f7318287ced3599726aacc221fdcbc88bd3c999cf0385a2ca31d41a52d28","size":244037,"path":"media/images/3d_spatial_arm_circle_n3/delta/plot/3d_spatial_arm_circle_n3_delta_zero_surfaces_3d_14_d207f7318287ced35997.png","format":"png","width":1260,"height":1080,"_type":"image-file"},"sweep/avg/pred_FPrate":0.08637058918462416,"sweep/std/gt_to_learned_mean":0.024506080285215497,"3d_torus_surface/delta/n_learned":4096,"3d_spatial_arm_circle_n3/delta/bidirectional_chamfer":0.012783433310687542,"3d_torus_surface/delta/pred_FPrate":0.024081115335868188,"3d_saddle_surface/delta/proj_steps":40.9609375,"3d_saddle_surface/delta/bidirectional_chamfer":0.16785836219787598,"3d_planar_arm_line_n3/delta/proj_v_residual":0.09288661181926727,"3d_spiral/delta/pred_precision":0.3148148148148148,"3d_twosphere/delta/pred_manifold_dist":0.058532316237688065,"3d_spiral/delta/eval_eps_used":0.046784888952970505,"sweep/avg/n_learned":4096,"3d_spiral/delta/proj_manifold_dist":0.026670437306165695,"3d_spatial_arm_circle_n3/loaded_layers_count":3,"3d_saddle_surface/delta/plot/3d_saddle_surface_delta_loss_curves":{"size":95734,"path":"media/images/3d_saddle_surface/delta/plot/3d_saddle_surface_delta_loss_curves_8_4dac587d33e0df0ca093.png","format":"png","width":1800,"height":600,"_type":"image-file","sha256":"4dac587d33e0df0ca0936cefb4428d032d28c424ec4a5a684b3bdd1a5a1a1a91"},"3d_twosphere/delta/pred_on_mean_v":0.0002705733058974147,"3d_torus_surface/delta/eps_stop":0.029741669073700905,"3d_vz_2d_ellipse/delta/pred_precision":0.0589622641509434,