{
  "pred_on_mean_v": 7.0380607212428e-05,
  "proj_manifold_dist": 0.38006818294525146,
  "proj_v_residual": 0.008310523815453053,
  "proj_true_dist": 0.5178691744804382,
  "proj_steps": 19.0068359375,
  "pred_recall": 0.10061728395061728,
  "pred_FPrate": 0.01970842332613391,
  "pred_precision": 0.245361328125,
  "eval_eps_used": 0.019547615200281143,
  "dist_space": "data_space",
  "bidirectional_chamfer": 0.7154840230941772,
  "gt_to_learned_mean": 0.33541586995124817,
  "learned_to_gt_mean": 0.38006818294525146,
  "gt_to_learned_p95": 0.8509127497673035,
  "learned_to_gt_p95": 1.3615286350250244,
  "n_gt": 8100,
  "n_learned": 4096,
  "eps_stop": 0.019547615200281143,
  "train_seconds": 9.378999319043942
}