{
  "pred_on_mean_v": 1.1014710253220983e-05,
  "proj_manifold_dist": 0.062197014689445496,
  "proj_v_residual": 0.0030811959877610207,
  "proj_true_dist": 0.31412455439567566,
  "proj_steps": 29.0,
  "pred_recall": 0.359375,
  "pred_FPrate": 0.0,
  "pred_precision": 0.659423828125,
  "eval_eps_used": 0.006754893809556961,
  "dist_space": "workspace",
  "bidirectional_chamfer": 0.2990865707397461,
  "gt_to_learned_mean": 0.05352083221077919,
  "learned_to_gt_mean": 0.245565727353096,
  "gt_to_learned_p95": 0.10517629235982895,
  "learned_to_gt_p95": 0.9718824625015259,
  "n_gt": 8128,
  "n_learned": 4096,
  "eps_stop": 0.006754893809556961,
  "train_seconds": 42.0390988200088
}