{
  "pred_on_mean_v": 0.05512525141239166,
  "proj_manifold_dist": 0.5781283378601074,
  "proj_v_residual": 0.021088486537337303,
  "proj_true_dist": 0.9612694978713989,
  "proj_steps": 3.17578125,
  "pred_recall": 0.577037037037037,
  "pred_FPrate": 0.5766738660907127,
  "pred_precision": 0.08056640625,
  "eval_eps_used": 0.49743640422821045,
  "dist_space": "data_space",
  "bidirectional_chamfer": 1.052558422088623,
  "gt_to_learned_mean": 0.4744300842285156,
  "learned_to_gt_mean": 0.5781283378601074,
  "gt_to_learned_p95": 1.137946367263794,
  "learned_to_gt_p95": 1.6999109983444214,
  "n_gt": 8100,
  "n_learned": 4096,
  "eps_stop": 0.49743640422821045,
  "train_seconds": 5.2823308180086315
}