{
  "pred_on_mean_v": 0.006750349886715412,
  "proj_manifold_dist": 0.2591466009616852,
  "proj_v_residual": 0.048827461898326874,
  "proj_true_dist": 0.49211519956588745,
  "proj_steps": 6.1962890625,
  "pred_recall": 0.4512795275590551,
  "pred_FPrate": 0.009521484375,
  "pred_precision": 0.02001953125,
  "eval_eps_used": 0.15699516236782074,
  "dist_space": "workspace",
  "bidirectional_chamfer": 0.44549745321273804,
  "gt_to_learned_mean": 0.10637979209423065,
  "learned_to_gt_mean": 0.3391176760196686,
  "gt_to_learned_p95": 0.16874273121356964,
  "learned_to_gt_p95": 1.0465466976165771,
  "n_gt": 8128,
  "n_learned": 4096,
  "eps_stop": 0.15699516236782074,
  "train_seconds": 289.0052885530167
}