{
  "pred_on_mean_v": 0.008526584133505821,
  "proj_manifold_dist": 0.07329674810171127,
  "proj_v_residual": 0.17389851808547974,
  "proj_true_dist": 1.1225508451461792,
  "proj_steps": 1.0,
  "pred_recall": 0.49569389763779526,
  "pred_FPrate": 0.0,
  "pred_precision": 0.0966796875,
  "eval_eps_used": 0.1866483837366104,
  "dist_space": "workspace",
  "bidirectional_chamfer": 0.2002437710762024,
  "gt_to_learned_mean": 0.1197434738278389,
  "learned_to_gt_mean": 0.0805002897977829,
  "gt_to_learned_p95": 0.244197279214859,
  "learned_to_gt_p95": 0.14871114492416382,
  "n_gt": 8128,
  "n_learned": 4096,
  "eps_stop": 0.1866483837366104,
  "train_seconds": 5.109277852985542,
  "gen_manifold_dist": 0.08733824640512466,
  "gen_chamfer": 0.2002626657485962
}