{
  "pred_on_mean_v": 1.8438622646499425e-05,
  "proj_manifold_dist": 0.008860860019922256,
  "proj_v_residual": 0.0005174754187464714,
  "proj_true_dist": 0.02453637681901455,
  "proj_steps": 19.0,
  "pred_recall": 0.646484375,
  "pred_FPrate": 0.0,
  "pred_precision": 1.0,
  "eval_eps_used": 0.011059301905333996,
  "dist_space": "data_space",
  "bidirectional_chamfer": 0.021827761083841324,
  "gt_to_learned_mean": 0.010912196710705757,
  "learned_to_gt_mean": 0.010915563441812992,
  "gt_to_learned_p95": 0.03570040687918663,
  "learned_to_gt_p95": 0.03124336712062359,
  "n_gt": 1024,
  "n_learned": 4096,
  "eps_stop": 0.011059301905333996,
  "train_seconds": 4.338345424039289
}