{
  "pred_on_mean_v": 0.0031820195727050304,
  "proj_manifold_dist": 0.0976337194442749,
  "proj_v_residual": 0.0026592090725898743,
  "proj_true_dist": 0.1656176894903183,
  "proj_steps": 19.00048828125,
  "pred_recall": 0.7734375,
  "pred_FPrate": 0.26627998945425785,
  "pred_precision": 0.29833984375,
  "eval_eps_used": 0.11833571642637253,
  "dist_space": "data_space",
  "bidirectional_chamfer": 0.19567154347896576,
  "gt_to_learned_mean": 0.09748755395412445,
  "learned_to_gt_mean": 0.09818398952484131,
  "gt_to_learned_p95": 0.3345102369785309,
  "learned_to_gt_p95": 0.39061957597732544,
  "n_gt": 1024,
  "n_learned": 4096,
  "eps_stop": 0.11833571642637253
}