{
  "pred_on_mean_v": 6.89164298819378e-05,
  "proj_manifold_dist": 0.009069439023733139,
  "proj_v_residual": 0.0007851520786061883,
  "proj_true_dist": 0.04143543541431427,
  "proj_steps": 19.00048828125,
  "pred_recall": 0.9013671875,
  "pred_FPrate": 0.0,
  "pred_precision": 0.999755859375,
  "eval_eps_used": 0.020991146564483643,
  "dist_space": "data_space",
  "bidirectional_chamfer": 0.02054252102971077,
  "gt_to_learned_mean": 0.009426889009773731,
  "learned_to_gt_mean": 0.011115632951259613,
  "gt_to_learned_p95": 0.02247033081948757,
  "learned_to_gt_p95": 0.023898178711533546,
  "n_gt": 1024,
  "n_learned": 4096,
  "eps_stop": 0.020991146564483643,
  "train_seconds": 6.045377752976492
}