{
  "pred_on_mean_v": 0.0004634158394765109,
  "proj_manifold_dist": 0.04715888574719429,
  "proj_v_residual": 0.015329634770751,
  "proj_true_dist": 0.3579046130180359,
  "proj_steps": 19.0693359375,
  "pred_recall": 0.5182481751824818,
  "pred_FPrate": 0.02071230108613286,
  "pred_manifold_dist": 0.039699487388134,
  "pred_precision": 0.46405228758169936,
  "eval_eps_used": 0.03917073830962181,
  "dist_space": "workspace",
  "bidirectional_chamfer": 0.06044277921319008,
  "gt_to_learned_mean": 0.012862331233918667,
  "learned_to_gt_mean": 0.04758044704794884,
  "gt_to_learned_p95": 0.031285129487514496,
  "learned_to_gt_p95": 0.1631636619567871,
  "n_gt": 1024,
  "n_learned": 4096,
  "eps_stop": 0.03917073830962181
}