{
  "pred_on_mean_v": 0.00016558915376663208,
  "proj_manifold_dist": 0.031593888998031616,
  "proj_v_residual": 0.01370100025087595,
  "proj_true_dist": 0.3593868613243103,
  "proj_steps": 19.030517578125,
  "pred_recall": 0.833984375,
  "pred_FPrate": 0.005809547865622632,
  "pred_precision": 0.7841796875,
  "eval_eps_used": 0.024751804769039154,
  "dist_space": "workspace",
  "bidirectional_chamfer": 0.04095834493637085,
  "gt_to_learned_mean": 0.008516831323504448,
  "learned_to_gt_mean": 0.03244151547551155,
  "gt_to_learned_p95": 0.02073677070438862,
  "learned_to_gt_p95": 0.1687125563621521,
  "n_gt": 1024,
  "n_learned": 4096,
  "eps_stop": 0.024751804769039154,
  "train_seconds": 5.816266248002648
}