{
  "pred_on_mean_v": 0.0008200075244531035,
  "proj_manifold_dist": 0.032929182052612305,
  "proj_v_residual": 0.0026659963186830282,
  "proj_true_dist": 0.06545327603816986,
  "proj_steps": 19.0,
  "pred_recall": 0.9090909090909091,
  "pred_FPrate": 0.11687286127928402,
  "pred_manifold_dist": 0.0466410331428051,
  "pred_precision": 0.37815126050420167,
  "eval_eps_used": 0.07808712124824524,
  "dist_space": "data_space",
  "bidirectional_chamfer": 0.06667586416006088,
  "gt_to_learned_mean": 0.033171117305755615,
  "learned_to_gt_mean": 0.03350474685430527,
  "gt_to_learned_p95": 0.09342746436595917,
  "learned_to_gt_p95": 0.0857558324933052,
  "n_gt": 1024,
  "n_learned": 4096,
  "eps_stop": 0.07808712124824524
}