{
  "pred_on_mean_v": 0.00015895556134637445,
  "proj_manifold_dist": 0.029601331800222397,
  "proj_v_residual": 0.0006021544104442,
  "proj_true_dist": 0.0707731544971466,
  "proj_steps": 19.0,
  "pred_recall": 0.67041015625,
  "pred_FPrate": 0.002435064935064935,
  "pred_precision": 0.933349609375,
  "eval_eps_used": 0.030442023649811745,
  "dist_space": "data_space",
  "bidirectional_chamfer": 0.06523209065198898,
  "gt_to_learned_mean": 0.03433115780353546,
  "learned_to_gt_mean": 0.03090093284845352,
  "gt_to_learned_p95": 0.10000165551900864,
  "learned_to_gt_p95": 0.08761637657880783,
  "n_gt": 1024,
  "n_learned": 4096,
  "eps_stop": 0.030442023649811745,
  "train_seconds": 3.601000784896314
}