{
  "pred_on_mean_v": 0.00028072998975403607,
  "proj_manifold_dist": 0.01706920936703682,
  "proj_v_residual": 0.0007490827119909227,
  "proj_true_dist": 0.040555208921432495,
  "proj_steps": 19.0,
  "pred_recall": 0.90771484375,
  "pred_FPrate": 0.03553566728086339,
  "pred_precision": 0.832763671875,
  "eval_eps_used": 0.04144497588276863,
  "dist_space": "data_space",
  "bidirectional_chamfer": 0.037403397262096405,
  "gt_to_learned_mean": 0.019256819039583206,
  "learned_to_gt_mean": 0.0181465782225132,
  "gt_to_learned_p95": 0.0659373551607132,
  "learned_to_gt_p95": 0.05487634241580963,
  "n_gt": 1024,
  "n_learned": 4096,
  "eps_stop": 0.04144497588276863
}