{
  "pred_on_mean_v": 0.03413240984082222,
  "proj_manifold_dist": 0.20336543023586273,
  "proj_v_residual": 0.012175975367426872,
  "proj_true_dist": 0.4493892788887024,
  "proj_steps": 3.320068359375,
  "pred_recall": 0.872802734375,
  "pred_FPrate": 0.35135135135135137,
  "pred_precision": 0.02392578125,
  "eval_eps_used": 0.4313281178474426,
  "dist_space": "workspace",
  "bidirectional_chamfer": 0.30822157859802246,
  "gt_to_learned_mean": 0.1048283576965332,
  "learned_to_gt_mean": 0.20339320600032806,
  "gt_to_learned_p95": 0.2329387366771698,
  "learned_to_gt_p95": 0.4570688009262085,
  "n_gt": 1024,
  "n_learned": 4096,
  "eps_stop": 0.4313281178474426,
  "train_seconds": 17.70771800307557
}