{
  "pred_on_mean_v": 0.058859534561634064,
  "proj_manifold_dist": 0.22912564873695374,
  "proj_v_residual": 0.2719004154205322,
  "proj_true_dist": 0.6350127458572388,
  "proj_steps": 1.0,
  "pred_recall": 0.8740157480314961,
  "pred_FPrate": 0.2336138740117317,
  "pred_precision": 0.208984375,
  "eval_eps_used": 0.37600818276405334,
  "dist_space": "workspace",
  "bidirectional_chamfer": 0.2793019115924835,
  "gt_to_learned_mean": 0.05017625913023949,
  "learned_to_gt_mean": 0.22912564873695374,
  "gt_to_learned_p95": 0.12996502220630646,
  "learned_to_gt_p95": 1.2020553350448608,
  "n_gt": 8128,
  "n_learned": 4096,
  "eps_stop": 0.37600818276405334,
  "train_seconds": 1.020459554012632,
  "gen_manifold_dist": 0.7005891799926758,
  "gen_chamfer": 0.7522202730178833
}