{
  "pred_on_mean_v": 0.006951520685106516,
  "proj_manifold_dist": 0.1933140605688095,
  "proj_v_residual": 0.22047799825668335,
  "proj_true_dist": 1.355369210243225,
  "proj_steps": 1.0,
  "pred_recall": 0.7358513779527559,
  "pred_FPrate": 0.03885316184351554,
  "pred_precision": 0.614501953125,
  "eval_eps_used": 0.16934268176555634,
  "dist_space": "workspace",
  "bidirectional_chamfer": 0.3232848048210144,
  "gt_to_learned_mean": 0.1299707591533661,
  "learned_to_gt_mean": 0.1933140605688095,
  "gt_to_learned_p95": 0.29196852445602417,
  "learned_to_gt_p95": 0.7859376072883606,
  "n_gt": 8128,
  "n_learned": 4096,
  "eps_stop": 0.16934268176555634,
  "train_seconds": 16.542781430995092,
  "gen_manifold_dist": 0.2554800808429718,
  "gen_chamfer": 0.39310601353645325
}