{
  "pred_on_mean_v": 0.00373142771422863,
  "proj_manifold_dist": 0.0814332365989685,
  "proj_v_residual": 0.2207016497850418,
  "proj_true_dist": 0.7424675226211548,
  "proj_steps": 1.0,
  "pred_recall": 0.6529281496062992,
  "pred_FPrate": 0.016658500734933857,
  "pred_precision": 0.3544921875,
  "eval_eps_used": 0.13161338865756989,
  "dist_space": "workspace",
  "bidirectional_chamfer": 0.11356030404567719,
  "gt_to_learned_mean": 0.03212706372141838,
  "learned_to_gt_mean": 0.0814332365989685,
  "gt_to_learned_p95": 0.07964486628770828,
  "learned_to_gt_p95": 0.1993304044008255,
  "n_gt": 8128,
  "n_learned": 4096,
  "eps_stop": 0.13161338865756989,
  "train_seconds": 2.008791220985586,
  "gen_manifold_dist": 0.1210985779762268,
  "gen_chamfer": 0.15379798412322998
}