{
  "pred_on_mean_v": 0.0024535134434700012,
  "proj_manifold_dist": 0.057262156158685684,
  "proj_v_residual": 0.09856367111206055,
  "proj_true_dist": 0.286690890789032,
  "proj_steps": 1.0,
  "pred_recall": 0.5888287401574803,
  "pred_FPrate": 0.04148070359674455,
  "pred_precision": 0.631103515625,
  "eval_eps_used": 0.10290172696113586,
  "dist_space": "data_space",
  "bidirectional_chamfer": 0.12980318069458008,
  "gt_to_learned_mean": 0.0725410208106041,
  "learned_to_gt_mean": 0.057262156158685684,
  "gt_to_learned_p95": 0.18229393661022186,
  "learned_to_gt_p95": 0.13437213003635406,
  "n_gt": 8128,
  "n_learned": 4096,
  "eps_stop": 0.10290172696113586,
  "train_seconds": 3.9954196650069207,
  "gen_manifold_dist": 0.045947328209877014,
  "gen_chamfer": 0.12251701205968857
}