{
  "pred_on_mean_v": 0.003898228518664837,
  "proj_manifold_dist": 0.37243491411209106,
  "proj_v_residual": 0.17043381929397583,
  "proj_true_dist": 0.6447977423667908,
  "proj_steps": 1.0,
  "pred_recall": 0.2317283950617284,
  "pred_FPrate": 0.06565382528486163,
  "pred_precision": 0.231689453125,
  "eval_eps_used": 0.12905722856521606,
  "dist_space": "data_space",
  "bidirectional_chamfer": 0.6397380828857422,
  "gt_to_learned_mean": 0.2673031985759735,
  "learned_to_gt_mean": 0.37243491411209106,
  "gt_to_learned_p95": 0.7374657988548279,
  "learned_to_gt_p95": 1.222161054611206,
  "n_gt": 8100,
  "n_learned": 4096,
  "eps_stop": 0.12905722856521606,
  "train_seconds": 4.335086814011447,
  "gen_manifold_dist": 0.22642412781715393,
  "gen_chamfer": 0.4922437071800232
}