{
  "pred_on_mean_v": 0.0035319849848747253,
  "proj_manifold_dist": 0.06787018477916718,
  "proj_v_residual": 0.11672324687242508,
  "proj_true_dist": 0.3976914584636688,
  "proj_steps": 1.0,
  "pred_recall": 0.7289616141732284,
  "pred_FPrate": 0.05446853516657853,
  "pred_precision": 0.61376953125,
  "eval_eps_used": 0.12347569316625595,
  "dist_space": "data_space",
  "bidirectional_chamfer": 0.13392898440361023,
  "gt_to_learned_mean": 0.06605879962444305,
  "learned_to_gt_mean": 0.06787018477916718,
  "gt_to_learned_p95": 0.15428276360034943,
  "learned_to_gt_p95": 0.22361193597316742,
  "n_gt": 8128,
  "n_learned": 4096,
  "eps_stop": 0.12347569316625595,
  "train_seconds": 4.701841867004987,
  "gen_manifold_dist": 0.07960160076618195,
  "gen_chamfer": 0.14501413702964783
}