{
  "pred_on_mean_v": 0.02269582264125347,
  "proj_manifold_dist": 0.11458298563957214,
  "proj_v_residual": 0.48915284872055054,
  "proj_true_dist": 0.16628549993038177,
  "proj_steps": 1.0,
  "pred_recall": 0.9002,
  "pred_FPrate": 0.027716458180034338,
  "pred_precision": 0.30224609375,
  "eval_eps_used": 0.21291661262512207,
  "dist_space": "workspace",
  "bidirectional_chamfer": 0.19078834354877472,
  "gt_to_learned_mean": 0.0006881216540932655,
  "learned_to_gt_mean": 0.19010022282600403,
  "gt_to_learned_p95": 0.001287692110054195,
  "learned_to_gt_p95": 1.768695592880249,
  "n_gt": 15000,
  "n_learned": 4096,
  "eps_stop": 0.21291661262512207,
  "train_seconds": 118.35352879299899,
  "gen_manifold_dist": 0.1776207834482193,
  "gen_chamfer": 0.178407683968544
}