{
  "pred_on_mean_v": 0.008337410166859627,
  "proj_manifold_dist": 0.27971595525741577,
  "proj_v_residual": 0.4897891879081726,
  "proj_true_dist": 0.33714592456817627,
  "proj_steps": 1.0,
  "pred_recall": 0.8361333333333333,
  "pred_FPrate": 0.004179985247110892,
  "pred_precision": 0.236328125,
  "eval_eps_used": 0.17807143926620483,
  "dist_space": "workspace",
  "bidirectional_chamfer": 0.31230428814888,
  "gt_to_learned_mean": 0.0013792139943689108,
  "learned_to_gt_mean": 0.31092506647109985,
  "gt_to_learned_p95": 0.0027764709666371346,
  "learned_to_gt_p95": 1.6642649173736572,
  "n_gt": 15000,
  "n_learned": 4096,
  "eps_stop": 0.17807143926620483,
  "train_seconds": 119.24328420701204,
  "gen_manifold_dist": 0.3193216919898987,
  "gen_chamfer": 0.3206404447555542
}