{
  "pred_on_mean_v": 0.005836907308548689,
  "proj_manifold_dist": 0.08599427342414856,
  "proj_v_residual": 0.15998893976211548,
  "proj_true_dist": 0.45326119661331177,
  "proj_steps": 1.0,
  "pred_recall": 0.500246062992126,
  "pred_FPrate": 0.0014655593551538837,
  "pred_precision": 0.237060546875,
  "eval_eps_used": 0.15050970017910004,
  "dist_space": "workspace",
  "bidirectional_chamfer": 0.16751107573509216,
  "gt_to_learned_mean": 0.06875980645418167,
  "learned_to_gt_mean": 0.09875127673149109,
  "gt_to_learned_p95": 0.11851765215396881,
  "learned_to_gt_p95": 0.2954486906528473,
  "n_gt": 8128,
  "n_learned": 4096,
  "eps_stop": 0.15050970017910004,
  "train_seconds": 24.049294583004666,
  "gen_manifold_dist": 0.07205002009868622,
  "gen_chamfer": 0.1366814374923706
}