{
  "pred_on_mean_v": 0.00030540829175151885,
  "proj_manifold_dist": 0.036994267255067825,
  "proj_v_residual": 0.030916133895516396,
  "proj_true_dist": 0.30211973190307617,
  "proj_steps": 19.0,
  "pred_recall": 0.7424950787401575,
  "pred_FPrate": 0.00440852314474651,
  "pred_precision": 0.693603515625,
  "eval_eps_used": 0.04661954566836357,
  "dist_space": "workspace",
  "bidirectional_chamfer": 0.051504649221897125,
  "gt_to_learned_mean": 0.0145103819668293,
  "learned_to_gt_mean": 0.036994267255067825,
  "gt_to_learned_p95": 0.03299759700894356,
  "learned_to_gt_p95": 0.10622333735227585,
  "n_gt": 8128,
  "n_learned": 4096,
  "eps_stop": 0.04661954566836357,
  "train_seconds": 7.6450273059890606
}