{
  "pred_on_mean_v": 7.750566874165088e-05,
  "proj_manifold_dist": 0.4037887454032898,
  "proj_v_residual": 0.007781636901199818,
  "proj_true_dist": 0.5475963354110718,
  "proj_steps": 19.042236328125,
  "pred_recall": 0.07938271604938271,
  "pred_FPrate": 0.028718504470333243,
  "pred_precision": 0.195068359375,
  "eval_eps_used": 0.02111489325761795,
  "dist_space": "data_space",
  "bidirectional_chamfer": 0.7349237203598022,
  "gt_to_learned_mean": 0.33113500475883484,
  "learned_to_gt_mean": 0.4037887454032898,
  "gt_to_learned_p95": 0.870228111743927,
  "learned_to_gt_p95": 1.3652374744415283,
  "n_gt": 8100,
  "n_learned": 4096,
  "eps_stop": 0.02111489325761795,
  "train_seconds": 12.95901975396555
}