{
  "pred_on_mean_v": 0.00048017845256254077,
  "proj_manifold_dist": 0.03190181776881218,
  "proj_v_residual": 0.0005879343952983618,
  "proj_true_dist": 0.05764654278755188,
  "proj_steps": 29.00146484375,
  "pred_recall": 0.801980198019802,
  "pred_FPrate": 0.09833904561033482,
  "pred_manifold_dist": 0.043051108717918396,
  "pred_precision": 0.3944805194805195,
  "eval_eps_used": 0.05295794829726219,
  "dist_space": "data_space",
  "bidirectional_chamfer": 0.06753341853618622,
  "gt_to_learned_mean": 0.03473735973238945,
  "learned_to_gt_mean": 0.03279606252908707,
  "gt_to_learned_p95": 0.07587412744760513,
  "learned_to_gt_p95": 0.07580600678920746,
  "n_gt": 1024,
  "n_learned": 4096,
  "eps_stop": 0.05295794829726219
}