{
  "pred_on_mean_v": 0.00016659912944305688,
  "proj_manifold_dist": 0.07445989549160004,
  "proj_v_residual": 0.0007126379059627652,
  "proj_true_dist": 0.10616287589073181,
  "proj_steps": 29.368896484375,
  "pred_recall": 0.5732484076433121,
  "pred_FPrate": 0.02088841882601798,
  "pred_manifold_dist": 0.080561563372612,
  "pred_precision": 0.694980694980695,
  "eval_eps_used": 0.028628671541810036,
  "dist_space": "data_space",
  "bidirectional_chamfer": 0.09292229264974594,
  "gt_to_learned_mean": 0.017389928922057152,
  "learned_to_gt_mean": 0.07553236186504364,
  "gt_to_learned_p95": 0.04064212739467621,
  "learned_to_gt_p95": 0.4301871955394745,
  "n_gt": 1024,
  "n_learned": 4096,
  "eps_stop": 0.028628671541810036
}