{
  "pred_on_mean_v": 0.00015574300778098404,
  "proj_manifold_dist": 0.035655904561281204,
  "proj_v_residual": 0.01675933226943016,
  "proj_true_dist": 0.35319116711616516,
  "proj_steps": 29.034423828125,
  "pred_recall": 0.47058823529411764,
  "pred_FPrate": 0.004292929292929293,
  "pred_manifold_dist": 0.01830696128308773,
  "pred_precision": 0.7901234567901234,
  "eval_eps_used": 0.022250156849622726,
  "dist_space": "workspace",
  "bidirectional_chamfer": 0.04231102019548416,
  "gt_to_learned_mean": 0.0059689683839678764,
  "learned_to_gt_mean": 0.03634205088019371,
  "gt_to_learned_p95": 0.01745658554136753,
  "learned_to_gt_p95": 0.2221696972846985,
  "n_gt": 1024,
  "n_learned": 4096,
  "eps_stop": 0.022250156849622726
}