{
  "pred_on_mean_v": 0.003493489231914282,
  "proj_manifold_dist": 0.1581464558839798,
  "proj_v_residual": 0.02580685168504715,
  "proj_true_dist": 0.2594643235206604,
  "proj_steps": 29.677490234375,
  "pred_recall": 0.8518518518518519,
  "pred_FPrate": 0.14419225634178906,
  "pred_manifold_dist": 0.1672007143497467,
  "pred_precision": 0.3563766388557807,
  "eval_eps_used": 0.13069579005241394,
  "dist_space": "data_space",
  "bidirectional_chamfer": 0.23205280303955078,
  "gt_to_learned_mean": 0.07158274948596954,
  "learned_to_gt_mean": 0.16047005355358124,
  "gt_to_learned_p95": 0.18335328996181488,
  "learned_to_gt_p95": 0.5096602439880371,
  "n_gt": 1024,
  "n_learned": 4096,
  "eps_stop": 0.13069579005241394
}