{
  "pred_on_mean_v": 1.0990771443175618e-05,
  "proj_manifold_dist": 0.003970318008214235,
  "proj_v_residual": 2.5140057914541103e-05,
  "proj_true_dist": 0.014690062031149864,
  "proj_steps": 49.0,
  "pred_recall": 0.8865649606299213,
  "pred_FPrate": 0.0,
  "pred_precision": 1.0,
  "eval_eps_used": 0.0067197056487202644,
  "dist_space": "data_space",
  "bidirectional_chamfer": 0.008319971151649952,
  "gt_to_learned_mean": 0.004349653143435717,
  "learned_to_gt_mean": 0.003970318008214235,
  "gt_to_learned_p95": 0.009416828863322735,
  "learned_to_gt_p95": 0.009970514103770256,
  "n_gt": 8128,
  "n_learned": 4096,
  "eps_stop": 0.0067197056487202644,
  "train_seconds": 3.3091201490024105
}