{
  "pred_on_mean_v": 0.0007819000165909529,
  "proj_manifold_dist": 0.1229766309261322,
  "proj_v_residual": 0.02643389068543911,
  "proj_true_dist": 0.3977554440498352,
  "proj_steps": 50.546875,
  "pred_recall": 0.9237204724409449,
  "pred_FPrate": 0.06885998469778118,
  "pred_precision": 0.6572265625,
  "eval_eps_used": 0.07076570391654968,
  "dist_space": "workspace",
  "bidirectional_chamfer": 0.1336366981267929,
  "gt_to_learned_mean": 0.010660072788596153,
  "learned_to_gt_mean": 0.1229766309261322,
  "gt_to_learned_p95": 0.022413648664951324,
  "learned_to_gt_p95": 0.9944220781326294,
  "n_gt": 8128,
  "n_learned": 4096,
  "eps_stop": 0.07076570391654968,
  "train_seconds": 3.543948748992989
}