{
  "pred_on_mean_v": 0.0012994688004255295,
  "proj_manifold_dist": 0.06271269172430038,
  "proj_v_residual": 0.020093217492103577,
  "proj_true_dist": 0.37582892179489136,
  "proj_steps": 49.0,
  "pred_recall": 0.8411663385826772,
  "pred_FPrate": 0.053763440860215055,
  "pred_precision": 0.561279296875,
  "eval_eps_used": 0.08311153203248978,
  "dist_space": "workspace",
  "bidirectional_chamfer": 0.06910893321037292,
  "gt_to_learned_mean": 0.006396242883056402,
  "learned_to_gt_mean": 0.06271269172430038,
  "gt_to_learned_p95": 0.015058403834700584,
  "learned_to_gt_p95": 0.19195283949375153,
  "n_gt": 8128,
  "n_learned": 4096,
  "eps_stop": 0.08311153203248978,
  "train_seconds": 13.860089053021511
}