{
  "pred_on_mean_v": 0.0003348103491589427,
  "proj_manifold_dist": 0.17093801498413086,
  "proj_v_residual": 0.028123218566179276,
  "proj_true_dist": 0.8966475129127502,
  "proj_steps": 49.4833984375,
  "pred_recall": 0.7433562992125984,
  "pred_FPrate": 0.010182207931404072,
  "pred_precision": 0.70166015625,
  "eval_eps_used": 0.04003073647618294,
  "dist_space": "workspace",
  "bidirectional_chamfer": 0.2786831259727478,
  "gt_to_learned_mean": 0.10774510353803635,
  "learned_to_gt_mean": 0.17093801498413086,
  "gt_to_learned_p95": 0.22858238220214844,
  "learned_to_gt_p95": 0.6758697032928467,
  "n_gt": 8128,
  "n_learned": 4096,
  "eps_stop": 0.04003073647618294,
  "train_seconds": 59.31051397501142
}