{
  "pred_on_mean_v": 0.0010022078640758991,
  "proj_manifold_dist": 0.1439427137374878,
  "proj_v_residual": 0.004975959658622742,
  "proj_true_dist": 0.2883204519748688,
  "proj_steps": 49.01318359375,
  "pred_recall": 0.8578986220472441,
  "pred_FPrate": 0.08208772359715756,
  "pred_precision": 0.07568359375,
  "eval_eps_used": 0.06763511896133423,
  "dist_space": "workspace",
  "bidirectional_chamfer": 0.18950748443603516,
  "gt_to_learned_mean": 0.04556477814912796,
  "learned_to_gt_mean": 0.1439427137374878,
  "gt_to_learned_p95": 0.08534522354602814,
  "learned_to_gt_p95": 0.32217276096343994,
  "n_gt": 8128,
  "n_learned": 4096,
  "eps_stop": 0.06763511896133423,
  "train_seconds": 3.604086499020923
}