{
  "pred_on_mean_v": 6.264001422096044e-05,
  "proj_manifold_dist": 0.03220268338918686,
  "proj_v_residual": 0.00852122064679861,
  "proj_true_dist": 0.03910177946090698,
  "proj_steps": 54.358642578125,
  "pred_recall": 0.8233267716535433,
  "pred_FPrate": 0.01864006300866369,
  "pred_precision": 0.892333984375,
  "eval_eps_used": 0.017206164076924324,
  "dist_space": "data_space",
  "bidirectional_chamfer": 0.0768522098660469,
  "gt_to_learned_mean": 0.044649526476860046,
  "learned_to_gt_mean": 0.03220268338918686,
  "gt_to_learned_p95": 0.09056180715560913,
  "learned_to_gt_p95": 0.05957407504320145,
  "n_gt": 8128,
  "n_learned": 4096,
  "eps_stop": 0.017206164076924324,
  "train_seconds": 14.488187476992607
}