{
  "pred_on_mean_v": 3.036040834558662e-05,
  "proj_manifold_dist": 0.033271487802267075,
  "proj_v_residual": 0.004262933507561684,
  "proj_true_dist": 0.03979436308145523,
  "proj_steps": 51.619384765625,
  "pred_recall": 0.890748031496063,
  "pred_FPrate": 0.00978318350079323,
  "pred_precision": 0.87451171875,
  "eval_eps_used": 0.01180593017488718,
  "dist_space": "data_space",
  "bidirectional_chamfer": 0.07653803378343582,
  "gt_to_learned_mean": 0.04326654598116875,
  "learned_to_gt_mean": 0.033271487802267075,
  "gt_to_learned_p95": 0.07922142744064331,
  "learned_to_gt_p95": 0.06010907515883446,
  "n_gt": 8128,
  "n_learned": 4096,
  "eps_stop": 0.01180593017488718,
  "train_seconds": 13.666344978992129
}