{
  "pred_on_mean_v": 3.7424531910801306e-05,
  "proj_manifold_dist": 0.04245898127555847,
  "proj_v_residual": 4.373793490231037e-05,
  "proj_true_dist": 0.04661446064710617,
  "proj_steps": 49.0,
  "pred_recall": 0.8692592592592593,
  "pred_FPrate": 0.000812787862367922,
  "pred_precision": 0.91259765625,
  "eval_eps_used": 0.014440794475376606,
  "dist_space": "data_space",
  "bidirectional_chamfer": 0.1004217267036438,
  "gt_to_learned_mean": 0.05796274542808533,
  "learned_to_gt_mean": 0.04245898127555847,
  "gt_to_learned_p95": 0.11668416112661362,
  "learned_to_gt_p95": 0.0831848606467247,
  "n_gt": 8100,
  "n_learned": 4096,
  "eps_stop": 0.014440794475376606,
  "train_seconds": 6.792215522000333
}