{
  "pred_on_mean_v": 0.0005330882268026471,
  "proj_manifold_dist": 0.20188692212104797,
  "proj_v_residual": 0.0009224496898241341,
  "proj_true_dist": 0.20870648324489594,
  "proj_steps": 49.0,
  "pred_recall": 0.8220964566929134,
  "pred_FPrate": 0.06310081340892285,
  "pred_precision": 0.130615234375,
  "eval_eps_used": 0.05056498572230339,
  "dist_space": "data_space",
  "bidirectional_chamfer": 0.2382470965385437,
  "gt_to_learned_mean": 0.03636017441749573,
  "learned_to_gt_mean": 0.20188692212104797,
  "gt_to_learned_p95": 0.07691069692373276,
  "learned_to_gt_p95": 0.594910740852356,
  "n_gt": 8128,
  "n_learned": 4096,
  "eps_stop": 0.05056498572230339,
  "train_seconds": 3.4266236260009464
}