{
  "pred_on_mean_v": 0.0003093694685958326,
  "proj_manifold_dist": 0.15050052106380463,
  "proj_v_residual": 0.00019334294483996928,
  "proj_true_dist": 0.16356657445430756,
  "proj_steps": 49.0,
  "pred_recall": 0.8341535433070866,
  "pred_FPrate": 0.04891304347826087,
  "pred_precision": 0.182861328125,
  "eval_eps_used": 0.03714966028928757,
  "dist_space": "data_space",
  "bidirectional_chamfer": 0.1809331625699997,
  "gt_to_learned_mean": 0.030432647094130516,
  "learned_to_gt_mean": 0.15050052106380463,
  "gt_to_learned_p95": 0.057469435036182404,
  "learned_to_gt_p95": 0.4450797736644745,
  "n_gt": 8128,
  "n_learned": 4096,
  "eps_stop": 0.03714966028928757,
  "train_seconds": 3.7401985579926986
}