{
  "pred_on_mean_v": 5.675787906511687e-05,
  "proj_manifold_dist": 0.07124468684196472,
  "proj_v_residual": 0.00907851941883564,
  "proj_true_dist": 0.3539349436759949,
  "proj_steps": 55.40966796875,
  "pred_recall": 0.8845964566929134,
  "pred_FPrate": 0.0004884004884004884,
  "pred_precision": 0.4716796875,
  "eval_eps_used": 0.01806717924773693,
  "dist_space": "workspace",
  "bidirectional_chamfer": 0.19617345929145813,
  "gt_to_learned_mean": 0.0546431764960289,
  "learned_to_gt_mean": 0.14153027534484863,
  "gt_to_learned_p95": 0.09312489628791809,
  "learned_to_gt_p95": 0.6729210019111633,
  "n_gt": 8128,
  "n_learned": 4096,
  "eps_stop": 0.01806717924773693,
  "train_seconds": 88.0292419489997
}