{"sweep/std/learned_to_gt_mean":0.04624581434427977,"2d_ellipse/delta/proj_true_dist":0.026774177327752113,"2d_planar_arm_line_n2/delta/gt_to_learned_mean":0.009489515796303749,"2d_planar_arm_line_n2/delta/proj_v_residual":0.0759677067399025,"2d_planar_arm_line_n2/delta/pred_FPrate":0.15454545454545454,"2d_figure_eight/delta/pred_manifold_dist":0.09235783666372299,"sweep/std/proj_v_residual":0.020956869080273475,"sweep/avg/pred_precision":0.305736089873827,"sweep/std/gt_to_learned_p95":0.40596289266691543,"2d_square/delta/gt_to_learned_p95":0.14670081436634064,"2d_figure_eight/delta/plot/2d_figure_eight_delta_planner_paths":{"height":900,"_type":"image-file","sha256":"d91ef51842dd16179250c349cbeab598a4c948f9e95752dcc508e19bffeff29d","size":290672,"path":"media/images/2d_figure_eight/delta/plot/2d_figure_eight_delta_planner_paths_11_d91ef51842dd16179250.png","format":"png","width":1200},"2d_planar_arm_line_n2/delta/pred_on_mean_v":0.004281068220734596,"sweep/avg/n_gt":1024,"2d_planar_arm_line_n2/delta/learned_to_gt_mean":0.10955580323934555,"sweep/avg/proj_true_dist":0.1828735088929534,"2d_square/delta/pred_on_mean_v":0.004980742000043392,"2d_ellipse/delta/pred_recall":0.8767123287671232,"_wandb":{"runtime":63},"2d_figure_eight/loaded_layers_count":3,"sweep/avg/learned_to_gt_mean":0.06937370573480924,"sweep/std/pred_recall":0.06823411979957288,"2d_figure_eight/delta/proj_v_residual":0.0744870975613594,"2d_looped_spiro/delta/gt_to_learned_mean":0.10096777975559235,"2d_sparse_sine/delta/pred_on_mean_v":0.004705275874584913,"sweep/std/pred_FPrate":0.10761468181619718,"2d_planar_arm_line_n2/delta/pred_precision":0.16960651289009498,"2d_looped_spiro/delta/gt_to_learned_p95":0.16840478777885437,"2d_figure_eight/delta/eval_eps_used":0.14614000916481018,"2d_ellipse/delta/pred_precision":0.5898617511520737,"2d_ellipse/delta/proj_steps":35.986083984375,"2d_ellipse/delta/plot/2d_ellipse_delta_contour_traj":{"size":764797,"path":"media/images/2d_ellipse/delta/plot/2d_ellipse_delta_contour_traj_2_27a0562beef879367a23.png","format":"png","width":1280,"height":960,"_type":"image-file","sha256":"27a0562beef879367a232205ed78f7846929b8c2b43fedb81685a24f311aa7fb"},"2d_looped_spiro/delta/pred_recall":0.9426751592356688,"2d_figure_eight/delta/pred_recall":0.7524752475247525,"sweep/std/pred_manifold_dist":0.03668513234761101,"2d_figure_eight/delta/plot/2d_figure_eight_delta_contour_traj":{"size":695961,"path":"media/images/2d_figure_eight/delta/plot/2d_figure_eight_delta_contour_traj_8_938df24688d7216638ca.png","format":"png","width":1280,"height":960,"_type":"image-file","sha256":"938df24688d7216638cae6e82df8676732b2b54ff3576784bb7aca3a0f003f76"},"2d_planar_arm_line_n2/delta/pred_recall":0.9191176470588235,"2d_figure_eight/delta/n_learned":4096,"2d_square/delta/pred_manifold_dist":0.08510244637727737,"2d_ellipse/delta/gt_to_learned_mean":0.008629130199551582,"2d_figure_eight/delta/gt_to_learned_p95":0.2453649640083313,"sweep/std/proj_steps":3.953595050982633,"2d_ellipse/delta/learned_to_gt_mean":0.012906838208436966,"2d_square/delta/pred_FPrate":0.25822584890760725,"_timestamp":1.7725516577998295e+09,"sweep/std/n_learned":0,"2d_square/delta/n_learned":4096,"2d_sparse_sine/delta/proj_manifold_dist":0.027331534773111343,"2d_figure_eight/delta/gt_to_learned_mean":0.06568099558353424,"2d_sparse_sine/delta/n_learned":4096,"2d_looped_spiro/delta/plot/2d_looped_spiro_delta_loss_curves":{"sha256":"1f1fc98b33c2aeb5a6f37eeb2555ddc76494b5ab7c01bbf554fd1bffd53c7caf","size":164897,"path":"media/images/2d_looped_spiro/delta/plot/2d_looped_spiro_delta_loss_curves_16_1f1fc98b33c2aeb5a6f3.png","format":"png","width":1800,"height":600,"_type":"image-file"},"2d_figure_eight/delta/proj_manifold_dist":0.05275692045688629,"2d_square/delta/pred_precision":0.21331194867682438,"sweep/avg/proj_steps":32.769938151041664,"2d_planar_arm_line_n2/delta/plot/2d_planar_arm_line_n2_delta_knn_normal":{"path":"media/images/2d_planar_arm_line_n2/delta/plot/2d_planar_arm_line_n2_delta_knn_normal_21_503bc2335a9f413d8f41.png","format":"png","width":900,"height":750,"_type":"image-file","sha256":"503bc2335a9f413d8f4128a6b9a440d563b99c62579870f5ecbd2a845647621e","size":56737},"sweep/std/pred_precision":0.17114872168232262,"2d_ellipse/delta/n_learned":4096,"sweep/avg/pred_on_mean_v":0.005187070627774422,"2d_planar_arm_line_n2/delta/plot/2d_planar_arm_line_n2_delta_contour_traj":{"height":960,"_type":"image-file","sha256":"253bb70b1f32232a0f93cb035b239db60717aada82a8f1bc0dd4eee21db96dac","size":799677,"path":"media/images/2d_planar_arm_line_n2/delta/plot/2d_planar_arm_line_n2_delta_contour_traj_20_253bb70b1f32232a0f93.png","format":"png","width":1280},"2d_figure_eight/delta/learned_to_gt_p95":0.13339893519878387,"sweep/avg/pred_FPrate":0.19480388524919703,"sweep/std/n_gt":0,"2d_looped_spiro/delta/eval_eps_used":0.21027885377407074,"2d_square/delta/proj_true_dist":0.13645850121974945,"2d_square/delta/learned_to_gt_mean":0.06446701288223267,"2d_square/delta/gt_to_learned_mean":0.05812755227088928,"2d_sparse_sine/delta/proj_true_dist":0.14936178922653198,"2d_ellipse/delta/proj_manifold_dist":0.011297529563307762,"_runtime":63.486130988,"2d_ellipse/delta/pred_FPrate":0.04679284963196635,"sweep/n_seeds":1,"2d_sparse_sine/delta/bidirectional_chamfer":0.22891360521316528,"2d_looped_spiro/delta/pred_manifold_dist":0.15892386436462402,"2d_square/delta/proj_steps":29,"2d_sparse_sine/delta/proj_v_residual":0.09807167202234268,"2d_figure_eight/delta/pred_on_mean_v":0.005283561535179615,"2d_looped_spiro/delta/pred_on_mean_v":0.011295510455965996,"sweep/avg/pred_manifold_dist":0.09629129370053609,"sweep/avg/proj_manifold_dist":0.06865060360481341,"2d_figure_eight/delta/plot/2d_figure_eight_delta_loss_curves":{"width":1800,"height":600,"_type":"image-file","sha256":"25854fd3f69f04bf18a84c8f0221c04b6840b87780449dd4ea86176297e40b63","size":128674,"path":"media/images/2d_figure_eight/delta/plot/2d_figure_eight_delta_loss_curves_10_25854fd3f69f04bf18a8.png","format":"png"},"sweep/std/gt_to_learned_mean":0.06511986849002824,"2d_sparse_sine/delta/learned_to_gt_p95":0.08003046363592148,"2d_sparse_sine/delta/plot/2d_sparse_sine_delta_contour_traj":{"_type":"image-file","sha256":"8a42863fca222006f3761d0ab1071ef51e861d54a3a90c1bdb25ce5a67270712","size":580142,"path":"media/images/2d_sparse_sine/delta/plot/2d_sparse_sine_delta_contour_traj_26_8a42863fca222006f376.png","format":"png","width":1280,"height":960},"2d_sparse_sine/loaded_layers_count":3,"2d_figure_eight/delta/pred_FPrate":0.27313472185605064,"2d_ellipse/delta/proj_v_residual":0.030185341835021973,"2d_ellipse/delta/eval_eps_used":0.05304829403758049,"sweep/avg/n_learned":4096,"2d_looped_spiro/delta/pred_FPrate":0.3498149127445796,"2d_figure_eight/delta/n_gt":1024,"2d_sparse_sine/delta/gt_to_learned_p95":1.18965482711792,"sweep/avg/pred_recall":0.8631838797015439,"2d_ellipse/delta/plot/2d_ellipse_delta_knn_normal":{"width":900,"height":750,"_type":"image-file","sha256":"c998c3bef703f7ef09148c0c004b33707638001795ff6f9c7528d9c0a5188331","size":64314,"path":"media/images/2d_ellipse/delta/plot/2d_ellipse_delta_knn_normal_3_c998c3bef703f7ef0914.png","format":"png"},"sweep/std/proj_true_dist":0.1130775024423291,"2d_planar_arm_line_n2/delta/eval_eps_used":0.13622727990150452,"2d_square/delta/learned_to_gt_p95":0.1504366099834442,"2d_planar_arm_line_n2/delta/bidirectional_chamfer":0.11904531717300415,"sweep/std/pred_on_mean_v":0.003153765155687763,"sweep/avg/gt_to_learned_p95":0.2993267759059866,"2d_ellipse/loaded_layers_count":3,"sweep/avg/eval_eps_used":0.13405173830688,"2d_planar_arm_line_n2/delta/n_gt":1024,"2d_figure_eight/delta/learned_to_gt_mean":0.05335818976163864,"2d_planar_arm_line_n2/delta/gt_to_learned_p95":0.02302630804479122,"2d_looped_spiro/delta/plot/2d_looped_spiro_delta_knn_normal":{"_type":"image-file","sha256":"cb54e8fa646de7cd0bf2f87e71795ef4076bfee3e9edce9760bb5db9e5e5a836","size":75683,