{
  "pred_on_mean_v": 6.18732810835354e-05,
  "proj_manifold_dist": 0.059196747839450836,
  "proj_v_residual": 0.003167050192132592,
  "proj_true_dist": 0.32360440492630005,
  "proj_steps": 19.0,
  "pred_recall": 0.724365234375,
  "pred_FPrate": 0.0,
  "pred_precision": 0.615234375,
  "eval_eps_used": 0.01651841215789318,
  "dist_space": "workspace",
  "bidirectional_chamfer": 0.3282164931297302,
  "gt_to_learned_mean": 0.050715453922748566,
  "learned_to_gt_mean": 0.27750104665756226,
  "gt_to_learned_p95": 0.09852316975593567,
  "learned_to_gt_p95": 1.0424121618270874,
  "n_gt": 1024,
  "n_learned": 4096,
  "eps_stop": 0.01651841215789318
}