{
  "pred_on_mean_v": 8.048157724260818e-06,
  "proj_manifold_dist": 0.052305933088064194,
  "proj_v_residual": 0.0021787146106362343,
  "proj_true_dist": 0.31023746728897095,
  "proj_steps": 29.0,
  "pred_recall": 0.4362696850393701,
  "pred_FPrate": 0.0,
  "pred_precision": 0.718505859375,
  "eval_eps_used": 0.006023766938596964,
  "dist_space": "workspace",
  "bidirectional_chamfer": 0.2980462610721588,
  "gt_to_learned_mean": 0.04937499389052391,
  "learned_to_gt_mean": 0.2486712634563446,
  "gt_to_learned_p95": 0.09513721615076065,
  "learned_to_gt_p95": 1.011587381362915,
  "n_gt": 8128,
  "n_learned": 4096,
  "eps_stop": 0.006023766938596964,
  "train_seconds": 62.59111495199613
}