{
  "pred_on_mean_v": 0.00584365613758564,
  "proj_manifold_dist": 0.1674480438232422,
  "proj_v_residual": 0.05306234210729599,
  "proj_true_dist": 0.6597625017166138,
  "proj_steps": 9.6494140625,
  "pred_recall": 0.8454724409448819,
  "pred_FPrate": 0.05305623471882641,
  "pred_precision": 0.03759765625,
  "eval_eps_used": 0.1440303921699524,
  "dist_space": "workspace",
  "bidirectional_chamfer": 0.22838912904262543,
  "gt_to_learned_mean": 0.06094108149409294,
  "learned_to_gt_mean": 0.1674480438232422,
  "gt_to_learned_p95": 0.09445760399103165,
  "learned_to_gt_p95": 0.46687567234039307,
  "n_gt": 8128,
  "n_learned": 4096,
  "eps_stop": 0.1440303921699524,
  "train_seconds": 77.70584651897661
}