{
  "pred_on_mean_v": 0.05062699690461159,
  "proj_manifold_dist": 0.37396490573883057,
  "proj_v_residual": 0.011023489758372307,
  "proj_true_dist": 0.5021888017654419,
  "proj_steps": 3.285400390625,
  "pred_recall": 0.81,
  "pred_FPrate": 0.5720064724919094,
  "pred_precision": 0.09375,
  "eval_eps_used": 0.47224608063697815,
  "dist_space": "data_space",
  "bidirectional_chamfer": 0.7070462703704834,
  "gt_to_learned_mean": 0.33308133482933044,
  "learned_to_gt_mean": 0.37396490573883057,
  "gt_to_learned_p95": 0.6657313108444214,
  "learned_to_gt_p95": 0.8591634035110474,
  "n_gt": 8100,
  "n_learned": 4096,
  "eps_stop": 0.47224608063697815,
  "train_seconds": 14.881565466988832
}