{
  "pred_on_mean_v": 0.003081335686147213,
  "proj_manifold_dist": 0.2421787977218628,
  "proj_v_residual": 0.08693011850118637,
  "proj_true_dist": 0.5211132168769836,
  "proj_steps": 5.72216796875,
  "pred_recall": 0.7272391732283464,
  "pred_FPrate": 0.00390625,
  "pred_precision": 0.0966796875,
  "eval_eps_used": 0.11238966882228851,
  "dist_space": "workspace",
  "bidirectional_chamfer": 0.47426706552505493,
  "gt_to_learned_mean": 0.08069055527448654,
  "learned_to_gt_mean": 0.3935765027999878,
  "gt_to_learned_p95": 0.13243505358695984,
  "learned_to_gt_p95": 1.8113821744918823,
  "n_gt": 8128,
  "n_learned": 4096,
  "eps_stop": 0.11238966882228851,
  "train_seconds": 1668.6683659219998
}