{
  "pred_on_mean_v": 5.011358553019818e-06,
  "proj_manifold_dist": 0.0028637652285397053,
  "proj_v_residual": 0.0007047036779113114,
  "proj_true_dist": 0.0533285066485405,
  "proj_steps": 19.00048828125,
  "pred_recall": 0.0,
  "pred_FPrate": 0.0,
  "pred_manifold_dist": NaN,
  "pred_precision": NaN,
  "eval_eps_used": 0.0045019215904176235,
  "dist_space": "workspace",
  "bidirectional_chamfer": 0.0077331350184977055,
  "gt_to_learned_mean": 0.002617834135890007,
  "learned_to_gt_mean": 0.0051153008826076984,
  "gt_to_learned_p95": 0.004015656188130379,
  "learned_to_gt_p95": 0.011872319504618645,
  "n_gt": 1024,
  "n_learned": 4096,
  "eps_stop": 0.0045019215904176235
}