{
  "pred_on_mean_v": 0.0003487046342343092,
  "proj_manifold_dist": 0.422939270734787,
  "proj_v_residual": 0.00020060349197592586,
  "proj_true_dist": 0.4345443844795227,
  "proj_steps": 29.0,
  "pred_recall": NaN,
  "pred_FPrate": 0.0009765625,
  "pred_manifold_dist": 0.2065492868423462,
  "pred_precision": 0.0,
  "eval_eps_used": 0.038490451872348785,
  "dist_space": "data_space",
  "bidirectional_chamfer": 0.7532845735549927,
  "gt_to_learned_mean": 0.21957382559776306,
  "learned_to_gt_mean": 0.533710777759552,
  "gt_to_learned_p95": 0.3565519452095032,
  "learned_to_gt_p95": 1.553363561630249,
  "n_gt": 1024,
  "n_learned": 4096,
  "eps_stop": 0.038490451872348785
}