{
  "pred_on_mean_v": 0.00030604552011936903,
  "proj_manifold_dist": 0.04141581431031227,
  "proj_v_residual": 0.03542150557041168,
  "proj_true_dist": 0.31586524844169617,
  "proj_steps": 19.0029296875,
  "pred_recall": 0.6502214566929134,
  "pred_FPrate": 0.002937576499388005,
  "pred_precision": 0.669677734375,
  "eval_eps_used": 0.037872787564992905,
  "dist_space": "workspace",
  "bidirectional_chamfer": 0.05565017834305763,
  "gt_to_learned_mean": 0.014234364964067936,
  "learned_to_gt_mean": 0.04141581431031227,
  "gt_to_learned_p95": 0.03218761086463928,
  "learned_to_gt_p95": 0.14313669502735138,
  "n_gt": 8128,
  "n_learned": 4096,
  "eps_stop": 0.037872787564992905,
  "train_seconds": 4.261145188997034
}