{"3d_spatial_arm_circle_n3/vae/proj_steps":1,"3d_planar_arm_line_n3/vae/eval_eps_used":0.303447425365448,"3d_torus_surface/vae/plot/3d_torus_surface_vae_zero_surfaces_3d":{"sha256":"5974f54e1b676ba23a62d8ee46feeaaf4ef8032c0e428fb375a81a6a876f9401","size":1999018,"path":"media/images/3d_torus_surface/vae/plot/3d_torus_surface_vae_zero_surfaces_3d_23_5974f54e1b676ba23a62.png","format":"png","width":3240,"height":1080,"_type":"image-file"},"3d_spiral/vae/plot/3d_spiral_vae_zero_surfaces_3d":{"height":1080,"_type":"image-file","sha256":"be352a13ec453e46e3fe2a27afe205ae102609bce72ec56f1cc21ead03696525","size":1828129,"path":"media/images/3d_spiral/vae/plot/3d_spiral_vae_zero_surfaces_3d_17_be352a13ec453e46e3fe.png","format":"png","width":3240},"3d_spatial_arm_circle_n3/vae/eval_eps_used":0.1963401585817337,"3d_torus_surface/vae/pred_precision":0.10200190657769304,"3d_spiral/vae/proj_steps":1,"3d_spiral/vae/gt_to_learned_p95":0.03619517758488655,"3d_vz_2d_ellipse/vae/pred_precision":0.06830601092896176,"3d_vz_2d_ellipse/vae/pred_FPrate":0.0838662075750123,"3d_vz_2d_ellipse/vae/bidirectional_chamfer":0.2502393424510956,"sweep/std/pred_manifold_dist":0.05060522413090356,"3d_vz_2d_ellipse/loaded_layers_count":3,"3d_vz_2d_ellipse/vae/plot/3d_vz_2d_ellipse_vae_planner_paths_3d":{"width":1428,"height":1156,"_type":"image-file","sha256":"4642e68c4d4beba521e90c462ac1cb6376d53b10e95fef274af0c43fab35fd18","size":278226,"path":"media/images/3d_vz_2d_ellipse/vae/plot/3d_vz_2d_ellipse_vae_planner_paths_3d_27_4642e68c4d4beba521e9.png","format":"png"},"sweep/avg/pred_FPrate":0.1095310671594792,"sweep/avg/pred_recall":0.7927010338552438,"3d_planar_arm_line_n3/vae/gt_to_learned_mean":0.010373566299676895,"3d_spiral/vae/eps_stop":0.09583543241024017,"3d_spiral/vae/eval_eps_used":0.09583543241024017,"sweep/avg/bidirectional_chamfer":0.21936946213245392,"3d_spatial_arm_circle_n3/vae/pred_precision":0.03663003663003663,"sweep/avg/n_learned":4096,"3d_vz_2d_ellipse/vae/proj_steps":1,"sweep/std/bidirectional_chamfer":0.1759974790393882,"3d_vz_2d_ellipse/vae/eval_eps_used":0.19136543571949005,"3d_spiral/vae/plot/3d_spiral_vae_planner_paths_3d":{"height":1156,"_type":"image-file","sha256":"164b82c8994f49ffa15dcca3ae7f06d3c9bc02f628bad77a242a131a5d36ddc3","size":311514,"path":"media/images/3d_spiral/vae/plot/3d_spiral_vae_planner_paths_3d_15_164b82c8994f49ffa15d.png","format":"png","width":1428},"3d_spatial_arm_circle_n3/vae/plot/3d_spatial_arm_circle_n3_vae_zero_surfaces_3d":{"size":1583104,"path":"media/images/3d_spatial_arm_circle_n3/vae/plot/3d_spatial_arm_circle_n3_vae_zero_surfaces_3d_11_ecdee636539fe5c76efb.png","format":"png","width":3240,"height":1080,"_type":"image-file","sha256":"ecdee636539fe5c76efbc0d4c5d973aa4f9caa070e8a8762763f57965ba3bd49"},"3d_torus_surface/vae/proj_v_residual":0.2376886010169983,"3d_torus_surface/vae/pred_manifold_dist":0.19910205900669098,"3d_torus_surface/vae/eps_stop":0.26130780577659607,"3d_vz_2d_ellipse/vae/gt_to_learned_p95":0.4442484974861145,"3d_vz_2d_ellipse/vae/plot/3d_vz_2d_ellipse_vae_loss_curves":{"path":"media/images/3d_vz_2d_ellipse/vae/plot/3d_vz_2d_ellipse_vae_loss_curves_26_9c28ff0a016e51bfce18.png","format":"png","width":1350,"height":600,"_type":"image-file","sha256":"9c28ff0a016e51bfce18690299e2f19b9bda8e5ff391fdead6f2180ff584d21f","size":87801},"sweep/avg/eval_eps_used":0.2096592515707016,"3d_spatial_arm_circle_n3/vae/learned_to_gt_mean":0.03195739537477493,"3d_vz_2d_ellipse/vae/pred_manifold_dist":0.12223619967699051,"3d_spiral/vae/pred_FPrate":0.005394801373222168,"3d_spatial_arm_circle_n3/vae/plot/3d_spatial_arm_circle_n3_vae_planning_demo":{"height":2040,"_type":"image-file","sha256":"915d5ccb3f2b435498c1c4470347c9d23f1b203c9b34873a9618b8902b945fe2","size":1267445,"path":"media/images/3d_spatial_arm_circle_n3/vae/plot/3d_spatial_arm_circle_n3_vae_planning_demo_9_915d5ccb3f2b435498c1.png","format":"png","width":1785},"sweep/n_datasets":5,"3d_planar_arm_line_n3/vae/gt_to_learned_p95":0.02144162729382515,"3d_planar_arm_line_n3/vae/learned_to_gt_p95":0.9258539080619812,"3d_vz_2d_ellipse/vae/n_gt":1024,"sweep/std/pred_precision":0.12561415441660137,"3d_spiral/vae/pred_precision":0.3888888888888889,"3d_torus_surface/vae/eval_eps_used":0.26130780577659607,"3d_planar_arm_line_n3/loaded_layers_count":3,"sweep/avg/proj_steps":1,"sweep/std/eps_stop":0.07061404738440223,"3d_planar_arm_line_n3/vae/plot/3d_planar_arm_line_n3_vae_visualize_all":{"width":2772,"height":888,"_type":"image-file","sha256":"d7eca2026748eaffc698b777767234bf3758df5852b075bb7c9a35a3547ca027","size":535948,"path":"media/images/3d_planar_arm_line_n3/vae/plot/3d_planar_arm_line_n3_vae_visualize_all_4_d7eca2026748eaffc698.png","format":"png"},"3d_torus_surface/vae/plot/3d_torus_surface_vae_loss_curves":{"_type":"image-file","sha256":"9503d8534d6fe0250b680f9de636b93025fb540723c8b29338384e05c4979436","size":81109,"path":"media/images/3d_torus_surface/vae/plot/3d_torus_surface_vae_loss_curves_20_9503d8534d6fe0250b68.png","format":"png","width":1350,"height":600},"3d_spiral/vae/learned_to_gt_p95":0.042060330510139465,"3d_torus_surface/vae/learned_to_gt_mean":0.35850492119789124,"sweep/avg/pred_precision":0.1491237597285557,"3d_torus_surface/vae/pred_FPrate":0.23878326996197718,"3d_spatial_arm_circle_n3/vae/bidirectional_chamfer":0.040018707513809204,"sweep/avg/learned_to_gt_mean":0.15448380783200263,"3d_spatial_arm_circle_n3/vae/pred_recall":0.9090909090909091,"sweep/std/learned_to_gt_p95":0.48053386702243545,"3d_torus_surface/vae/learned_to_gt_p95":1.249340534210205,"3d_spatial_arm_circle_n3/vae/proj_true_dist":0.6957237720489502,"3d_planar_arm_line_n3/vae/plot/3d_planar_arm_line_n3_vae_zero_surfaces_3d":{"_type":"image-file","sha256":"509051fc3856b2893a1289259d663cbb4110e966cb6faf09d39961686a7c7f97","size":2317452,"path":"media/images/3d_planar_arm_line_n3/vae/plot/3d_planar_arm_line_n3_vae_zero_surfaces_3d_5_509051fc3856b2893a12.png","format":"png","width":3240,"height":1080},"3d_spiral/vae/pred_recall":0.7777777777777778,"_step":32,"3d_spiral/vae/pred_on_mean_v":0.0018652197904884815,"3d_spiral/vae/plot/3d_spiral_vae_loss_curves":{"size":76362,"path":"media/images/3d_spiral/vae/plot/3d_spiral_vae_loss_curves_14_bdb47e14c9e23476ca91.png","format":"png","width":1350,"height":600,"_type":"image-file","sha256":"bdb47e14c9e23476ca91c38c4dee018204a507e8cbb4936b1c13de4317d188ca"},"3d_spatial_arm_circle_n3/vae/eps_stop":0.1963401585817337,"3d_spatial_arm_circle_n3/vae/learned_to_gt_p95":0.04068653658032417,"3d_vz_2d_ellipse/vae/proj_manifold_dist":0.12995263934135437,"3d_vz_2d_ellipse/vae/eps_stop":0.19136543571949005,"3d_vz_2d_ellipse/vae/gt_to_learned_mean":0.11972842365503311,"sweep/std/gt_to_learned_mean":0.06551659750333734,"sweep/std/pred_on_mean_v":0.00658125850061441,"sweep/std/n_learned":0,"3d_spatial_arm_circle_n3/vae/proj_manifold_dist":0.030938636511564255,"3d_vz_2d_ellipse/vae/pred_recall":0.8333333333333334,"sweep/std/gt_to_learned_p95":0.19956262888762663,"3d_vz_2d_ellipse/vae/plot/3d_vz_2d_ellipse_vae_visualize_all":{"format":"png","width":2770,"height":888,"_type":"image-file","sha256":"ff2856ac7ceed13f484ad3657990174328ab371926309f8c9949b022bd4a6529","size":440960,"path":"media/images/3d_vz_2d_ellipse/vae/plot/3d_vz_2d_ellipse_vae_visualize_all_28_ff2856ac7ceed13f484a.png"},"3d_torus_surface/vae/pred_on_mean_v":0.015096529386937618,"3d_planar_arm_line_n3/vae/proj_v_residual":0.3143683671951294,"3d_spiral/vae/proj_manifold_dist":0.028649065643548965,"3d_torus_surface/vae/bidirectional_chamfer":0.5246375799179077,"3d_spiral/vae/bidirectional_chamfer":0.05076448619365692,"sweep/std/proj_manifold_dist":0.11596462884839152,"3d_spiral/vae/proj_true_dist":1.0354599952697754,"3d_spatial_arm_circle_n3/vae/plot/3d_spatial_arm_circle_n3_vae_visualize_all":{"format":"png","width":2759,"height":888,"_type":"image-file","sha256":"3e886edcf5b7c587ca0eb80129a63fda30f00c517e61a65c9d3b087c7bed3ec2","size":407633,