{
  "pred_on_mean_v": 2.5113738956861198e-05,
  "proj_manifold_dist": 0.00650107953697443,
  "proj_v_residual": 0.0005589906359091401,
  "proj_true_dist": 0.011132367886602879,
  "proj_steps": 19.0,
  "pred_recall": 0.875246062992126,
  "pred_FPrate": 0.0,
  "pred_precision": 1.0,
  "eval_eps_used": 0.01028325967490673,
  "dist_space": "data_space",
  "bidirectional_chamfer": 0.01315363310277462,
  "gt_to_learned_mean": 0.006652554031461477,
  "learned_to_gt_mean": 0.00650107953697443,
  "gt_to_learned_p95": 0.012706962414085865,
  "learned_to_gt_p95": 0.012577650137245655,
  "n_gt": 8128,
  "n_learned": 4096,
  "eps_stop": 0.01028325967490673,
  "train_seconds": 7.95213801698992
}