{
  "pred_on_mean_v": 0.004961054772138596,
  "proj_manifold_dist": 0.2988465428352356,
  "proj_v_residual": 0.030642008408904076,
  "proj_true_dist": 0.339502215385437,
  "proj_steps": 21.746337890625,
  "pred_recall": 0.77001953125,
  "pred_FPrate": 0.3393796004206099,
  "pred_precision": 0.132568359375,
  "eval_eps_used": 0.14425860345363617,
  "dist_space": "data_space",
  "bidirectional_chamfer": 0.39681577682495117,
  "gt_to_learned_mean": 0.09769491851329803,
  "learned_to_gt_mean": 0.29912084341049194,
  "gt_to_learned_p95": 0.30617040395736694,
  "learned_to_gt_p95": 0.9978141784667969,
  "n_gt": 1024,
  "n_learned": 4096,
  "eps_stop": 0.14425860345363617
}