{
  "pred_on_mean_v": 0.01417621225118637,
  "proj_manifold_dist": 0.22519582509994507,
  "proj_v_residual": 0.6415109634399414,
  "proj_true_dist": 1.2693166732788086,
  "proj_steps": 1.0,
  "pred_recall": 0.0,
  "pred_FPrate": 0.01220703125,
  "pred_precision": 0.000244140625,
  "eval_eps_used": 0.22107665240764618,
  "dist_space": "workspace",
  "bidirectional_chamfer": 0.666718065738678,
  "gt_to_learned_mean": 0.3628244996070862,
  "learned_to_gt_mean": 0.3038935661315918,
  "gt_to_learned_p95": 0.6782374978065491,
  "learned_to_gt_p95": 0.47269365191459656,
  "n_gt": 1024,
  "n_learned": 4096,
  "eps_stop": 0.22107665240764618,
  "gen_manifold_dist": 0.2252187430858612,
  "gen_chamfer": 0.5752496719360352
}