{
  "method": "ecomann",
  "datasets": [
    "6d_spatial_arm_up_n6_py",
    "6d_workspace_sine_surface_pose_traj"
  ],
  "seed": 173,
  "avg_metrics": {
    "bidirectional_chamfer": 0.7305023670196533,
    "eps_stop": 0.6031075716018677,
    "eval_eps_used": 0.6031075716018677,
    "gt_to_learned_mean": 0.16592393070459366,
    "gt_to_learned_p95": 0.250712588429451,
    "learned_to_gt_mean": 0.5645784437656403,
    "learned_to_gt_p95": 1.3599076867103577,
    "n_gt": 1024.0,
    "n_learned": 4096.0,
    "pred_FPrate": 0.148687990069826,
    "pred_on_mean_v": 0.1113296439871192,
    "pred_precision": 0.0,
    "pred_recall": 0.8621826171875,
    "proj_manifold_dist": 0.5141669362783432,
    "proj_steps": 6.862548828125,
    "proj_true_dist": 0.6648631989955902,
    "proj_v_residual": 0.13369953958317637,
    "train_seconds": 2861.2997206751024
  },
  "std_metrics": {
    "bidirectional_chamfer": 0.19719552993774414,
    "eps_stop": 0.32863616943359375,
    "eval_eps_used": 0.32863616943359375,
    "gt_to_learned_mean": 0.003052227199077606,
    "gt_to_learned_p95": 0.035749420523643494,
    "learned_to_gt_mean": 0.20024773478507996,
    "learned_to_gt_p95": 0.3479575514793396,
    "n_gt": 0.0,
    "n_learned": 0.0,
    "pred_FPrate": 0.09667333805517399,
    "pred_on_mean_v": 0.08547827694565058,
    "pred_precision": 0.0,
    "pred_recall": 0.0367431640625,
    "proj_manifold_dist": 0.24591143429279327,
    "proj_steps": 3.726806640625,
    "proj_true_dist": 0.2242630422115326,
    "proj_v_residual": 0.1238376465626061,
    "train_seconds": 2464.2290769630345
  },
  "results": [
    {
      "method": "ecomann",
      "dataset": "6d_spatial_arm_up_n6_py",
      "metrics": {
        "pred_on_mean_v": 0.19680792093276978,
        "proj_manifold_dist": 0.7600783705711365,
        "proj_v_residual": 0.25753718614578247,
        "proj_true_dist": 0.8891262412071228,
        "proj_steps": 10.58935546875,
        "pred_recall": 0.89892578125,
        "pred_FPrate": 0.245361328125,
        "pred_precision": 0.0,
        "eval_eps_used": 0.9317437410354614,
        "bidirectional_chamfer": 0.9276978969573975,
        "gt_to_learned_mean": 0.16287170350551605,
        "learned_to_gt_mean": 0.7648261785507202,
        "gt_to_learned_p95": 0.2864620089530945,
        "learned_to_gt_p95": 1.7078652381896973,
        "n_gt": 1024.0,
        "n_learned": 4096.0,
        "eps_stop": 0.9317437410354614,
        "train_seconds": 397.070643712068
      },
      "eval_path": "/home/baiyu/PycharmProjects/equality_manofld/outputs_unified/sweeps/ecomann_all_6d/ecomann/6d_spatial_arm_up_n6_py_ecomann_eval.json",
      "ckpt_path": "/home/baiyu/PycharmProjects/equality_manofld/outputs_unified/sweeps/ecomann_all_6d/ecomann/6d_spatial_arm_up_n6_py_ecomann_model.pt",
      "config": {
        "seed": 173,
        "device": "cuda",
        "n_train": 2048,
        "n_grid": 8192,
        "hidden_sizes": [
          128,
          128,
          128
        ],
        "epochs": 80,
        "batch_size": 128,
        "lr": 0.001,
        "weight_decay": 0.0,
        "use_batch_norm": true,
        "norm_level_clip_max": 100.0,
        "is_performing_data_augmentation": true,
        "is_optimizing_local_tangent_space_alignment_loss": true,
        "is_optimizing_signed_siamese_pairs": true,
        "is_aligning_lpca_normal_space_eigvecs": true,
        "is_augmenting_w_rand_comb_of_normaleigvecs": true,
        "clean_aug_data": true,
        "siam_mode": "all",
        "n_normal_space_traversal": 6,
        "n_local_neighborhood_mult": 1,
        "train_log_every": 5,
        "projector": {
          "alpha": 0.3,
          "steps": 80,
          "min_steps": 20
        },
        "planner": {
          "enable": false,
          "method": "traj_opt",
          "steps": 64,
          "opt_steps": 1240,
          "opt_lr": 0.01,
          "opt_lam_smooth": 0.2,
          "lam_manifold": 1.0,
          "lam_len_joint": 0.4,
          "trust_scale": 0.8,
          "off_dist": 0.6,
          "pair_min_ratio": 0.15,
          "pair_max_ratio": 0.35,
          "pair_tries": 1200,
          "init_mode": "joint_spline",
          "joint_mid_noise": 0.0,
          "anim_fps": 6,
          "anim_stride": 1,
          "save_gif": false,
          "pybullet_render": false,
          "pybullet_real_time_dt": 0.06
        }
      },
      "loaded_config_paths": [
        "/home/baiyu/PycharmProjects/equality_manofld/configs/base.json",
        "/home/baiyu/PycharmProjects/equality_manofld/configs/methods/ecomann.json",
        "/home/baiyu/PycharmProjects/equality_manofld/configs/datasets/6d_spatial_arm_up_n6_py.json",
        "/home/baiyu/PycharmProjects/equality_manofld/configs/method_dataset/ecomann_6d_spatial_arm_up_n6_py.json"
      ],
      "seed": 173
    },
    {
      "method": "ecomann",
      "dataset": "6d_workspace_sine_surface_pose_traj",
      "metrics": {
        "pred_on_mean_v": 0.02585136704146862,
        "proj_manifold_dist": 0.2682555019855499,
        "proj_v_residual": 0.009861893020570278,
        "proj_true_dist": 0.4406001567840576,
        "proj_steps": 3.1357421875,
        "pred_recall": 0.825439453125,
        "pred_FPrate": 0.05201465201465202,
        "pred_precision": 0.0,
        "eval_eps_used": 0.2744714021682739,
        "bidirectional_chamfer": 0.5333068370819092,
        "gt_to_learned_mean": 0.16897615790367126,
        "learned_to_gt_mean": 0.3643307089805603,
        "gt_to_learned_p95": 0.2149631679058075,
        "learned_to_gt_p95": 1.011950135231018,
        "n_gt": 1024.0,
        "n_learned": 4096.0,
        "eps_stop": 0.2744714021682739,
        "train_seconds": 5325.528797638137
      },
      "eval_path": "/home/baiyu/PycharmProjects/equality_manofld/outputs_unified/sweeps/ecomann_all_6d/ecomann/6d_workspace_sine_surface_pose_traj_ecomann_eval.json",
      "ckpt_path": "/home/baiyu/PycharmProjects/equality_manofld/outputs_unified/sweeps/ecomann_all_6d/ecomann/6d_workspace_sine_surface_pose_traj_ecomann_model.pt",
      "config": {
        "seed": 173,
        "device": "cuda",
        "n_train": 3048,
        "n_grid": 8192,
        "hidden_sizes": [
          128,
          128,
          128
        ],
        "epochs": 80,
        "batch_size": 128,
        "lr": 0.001,
        "weight_decay": 0.0,
        "use_batch_norm": true,
        "norm_level_clip_max": 100.0,
        "is_performing_data_augmentation": true,
        "is_optimizing_local_tangent_space_alignment_loss": true,
        "is_optimizing_signed_siamese_pairs": true,
        "is_aligning_lpca_normal_space_eigvecs": true,
        "is_augmenting_w_rand_comb_of_normaleigvecs": true,
        "clean_aug_data": true,
        "siam_mode": "all",
        "n_normal_space_traversal": 6,
        "n_local_neighborhood_mult": 1,
        "train_log_every": 5,
        "projector": {
          "alpha": 0.3,
          "steps": 80,
          "min_steps": 20
        },
        "planner": {
          "enable": false,
          "method": "traj_opt",
          "steps": 64,
          "opt_steps": 1240,
          "opt_lr": 0.01,
          "opt_lam_smooth": 0.2,
          "lam_manifold": 1.0,
          "lam_len_joint": 0.4,
          "trust_scale": 0.8,
          "off_dist": 0.6,
          "pair_min_ratio": 0.15,
          "pair_max_ratio": 0.35,
          "pair_tries": 1200,
          "init_mode": "joint_spline",
          "joint_mid_noise": 0.0,
          "anim_fps": 6,
          "anim_stride": 1,
          "save_gif": false,
          "pybullet_render": false,
          "pybullet_real_time_dt": 0.06
        }
      },