{
  "pred_on_mean_v": 0.013224386610090733,
  "proj_manifold_dist": 0.24809964001178741,
  "proj_v_residual": 0.05183809995651245,
  "proj_true_dist": 1.0888832807540894,
  "proj_steps": 3.159912109375,
  "pred_recall": 0.863525390625,
  "pred_FPrate": 0.28211586901763225,
  "pred_precision": 0.136962890625,
  "eval_eps_used": 0.28378474712371826,
  "dist_space": "workspace",
  "bidirectional_chamfer": 0.46662288904190063,
  "gt_to_learned_mean": 0.1564674824476242,
  "learned_to_gt_mean": 0.31015539169311523,
  "gt_to_learned_p95": 0.2887934148311615,
  "learned_to_gt_p95": 0.7406098246574402,
  "n_gt": 1024,
  "n_learned": 4096,
  "eps_stop": 0.28378474712371826,
  "train_seconds": 85.68797841784544
}