{
  "pred_on_mean_v": 0.19074085354804993,
  "proj_manifold_dist": 0.6188226938247681,
  "proj_v_residual": 0.6995757818222046,
  "proj_true_dist": 1.1713308095932007,
  "proj_steps": 8.850830078125,
  "pred_recall": 0.896728515625,
  "pred_FPrate": 0.5912889339073183,
  "pred_precision": 0.0390625,
  "eval_eps_used": 0.9518129229545593,
  "dist_space": "workspace",
  "bidirectional_chamfer": 0.6604434847831726,
  "gt_to_learned_mean": 0.041562166064977646,
  "learned_to_gt_mean": 0.618881344795227,
  "gt_to_learned_p95": 0.08806707710027695,
  "learned_to_gt_p95": 1.629622459411621,
  "n_gt": 1024,
  "n_learned": 4096,
  "eps_stop": 0.9518129229545593
}