{
  "pred_on_mean_v": 0.0005956245586276054,
  "proj_manifold_dist": 0.3424813449382782,
  "proj_v_residual": 0.2916276454925537,
  "proj_true_dist": 0.5394163131713867,
  "proj_steps": 61.220458984375,
  "pred_recall": 0.873046875,
  "pred_FPrate": 0.0036719706242350062,
  "pred_precision": 0.509521484375,
  "eval_eps_used": 0.05050276592373848,
  "dist_space": "workspace",
  "bidirectional_chamfer": 0.360332190990448,
  "gt_to_learned_mean": 0.01740097999572754,
  "learned_to_gt_mean": 0.34293121099472046,
  "gt_to_learned_p95": 0.02331332489848137,
  "learned_to_gt_p95": 1.5745269060134888,
  "n_gt": 1024,
  "n_learned": 4096,
  "eps_stop": 0.05050276592373848,
  "train_seconds": 294.45988110103644
}