{
  "pred_on_mean_v": 0.02933945320546627,
  "proj_manifold_dist": 0.29589158296585083,
  "proj_v_residual": 0.02349581941962242,
  "proj_true_dist": 0.3321988880634308,
  "proj_steps": 3.072265625,
  "pred_recall": 0.796875,
  "pred_FPrate": 0.22110181997048697,
  "pred_precision": 0.062255859375,
  "eval_eps_used": 0.30991506576538086,
  "dist_space": "data_space",
  "bidirectional_chamfer": 0.5182913541793823,
  "gt_to_learned_mean": 0.22219730913639069,
  "learned_to_gt_mean": 0.29609403014183044,
  "gt_to_learned_p95": 0.38760897517204285,
  "learned_to_gt_p95": 0.40583518147468567,
  "n_gt": 1024,
  "n_learned": 4096,
  "eps_stop": 0.30991506576538086,
  "train_seconds": 58.18289617495611
}