{
  "pred_on_mean_v": 3.1642487101635197e-06,
  "proj_manifold_dist": 0.11604723334312439,
  "proj_v_residual": 0.0004645934095606208,
  "proj_true_dist": 0.11756261438131332,
  "proj_steps": 19.0,
  "pred_recall": 0.88818359375,
  "pred_FPrate": 0.001763668430335097,
  "pred_precision": 0.619873046875,
  "eval_eps_used": 0.003941857721656561,
  "dist_space": "data_space",
  "bidirectional_chamfer": 0.18295252323150635,
  "gt_to_learned_mean": 0.03276822715997696,
  "learned_to_gt_mean": 0.15018430352210999,
  "gt_to_learned_p95": 0.07010350376367569,
  "learned_to_gt_p95": 0.7170103788375854,
  "n_gt": 1024,
  "n_learned": 4096,
  "eps_stop": 0.003941857721656561
}