{
  "pred_on_mean_v": 1.0229236977465916e-06,
  "proj_manifold_dist": 0.09724804759025574,
  "proj_v_residual": 0.0003652829327620566,
  "proj_true_dist": 0.09754680842161179,
  "proj_steps": 19.0,
  "pred_recall": 0.8662109375,
  "pred_FPrate": 0.0012804097311139564,
  "pred_precision": 0.761474609375,
  "eval_eps_used": 0.0024297311902046204,
  "dist_space": "data_space",
  "bidirectional_chamfer": 0.15684141218662262,
  "gt_to_learned_mean": 0.031032267957925797,
  "learned_to_gt_mean": 0.12580914795398712,
  "gt_to_learned_p95": 0.06144329160451889,
  "learned_to_gt_p95": 0.5424588918685913,
  "n_gt": 1024,
  "n_learned": 4096,
  "eps_stop": 0.0024297311902046204
}