{
  "pred_on_mean_v": 2.614807635836769e-05,
  "proj_manifold_dist": 0.09900462627410889,
  "proj_v_residual": 0.01870245486497879,
  "proj_true_dist": 0.5688989162445068,
  "proj_steps": 19.0,
  "pred_recall": 0.795654296875,
  "pred_FPrate": 0.0023065094823167607,
  "pred_precision": 0.603271484375,
  "eval_eps_used": 0.010661408305168152,
  "dist_space": "workspace",
  "bidirectional_chamfer": 0.2738426923751831,
  "gt_to_learned_mean": 0.09470922499895096,
  "learned_to_gt_mean": 0.17913347482681274,
  "gt_to_learned_p95": 0.20568472146987915,
  "learned_to_gt_p95": 0.38068464398384094,
  "n_gt": 1024,
  "n_learned": 4096,
  "eps_stop": 0.010661408305168152
}