{
  "pred_on_mean_v": 1.8038601865555393e-06,
  "proj_manifold_dist": 0.03571328520774841,
  "proj_v_residual": 0.0005719772889278829,
  "proj_true_dist": 0.035757966339588165,
  "proj_steps": 19.0,
  "pred_recall": 0.878662109375,
  "pred_FPrate": 0.0010139416983523447,
  "pred_precision": 0.725341796875,
  "eval_eps_used": 0.0034175822511315346,
  "dist_space": "data_space",
  "bidirectional_chamfer": 0.12385179102420807,
  "gt_to_learned_mean": 0.04087650775909424,
  "learned_to_gt_mean": 0.08297528326511383,
  "gt_to_learned_p95": 0.0867692083120346,
  "learned_to_gt_p95": 0.1713818609714508,
  "n_gt": 1024,
  "n_learned": 4096,
  "eps_stop": 0.0034175822511315346
}