method,mean_over_datasets,std_over_datasets,n_datasets
delta,0.5819524917846178,0.35832603152067144,11
eikonal,0.9494020875317154,0.11634007428472444,11
vae,0.32149149794044046,0.2241038886747266,11
ecomann,0.011363636363636364,0.03593497341100431,11
