{"2d_sparse_sine/eikonal/proj_steps":19,"2d_looped_spiro/eikonal/plot/2d_looped_spiro_on_eikonal_contour_traj":{"height":960,"_type":"image-file","sha256":"98624f047cb74414f9f2364b70c4d2fe569240340c3887880683a37ce09cc99c","size":794536,"path":"media/images/2d_looped_spiro/eikonal/plot/2d_looped_spiro_on_eikonal_contour_traj_10_98624f047cb74414f9f2.png","format":"png","width":1280},"2d_sparse_sine/eikonal/eval_eps_used":0.03355444595217705,"2d_ellipse/loaded_layers_count":3,"2d_looped_spiro/eikonal/plot/2d_looped_spiro_on_eikonal_planner_paths":{"path":"media/images/2d_looped_spiro/eikonal/plot/2d_looped_spiro_on_eikonal_planner_paths_11_f438bd5ccfb965e9aa42.png","format":"png","width":1200,"height":900,"_type":"image-file","sha256":"f438bd5ccfb965e9aa427596d97041aa58df023bdec29d127105413fee653b59","size":504861},"2d_sparse_sine/eikonal/proj_v_residual":0.0008513746433891356,"sweep/std/pred_recall":0.17184672063552,"2d_planar_arm_line_n2/eikonal/pred_precision":0.15699658703071673,"sweep/avg/eps_stop":0.14273515157401562,"2d_square/eikonal/pred_precision":0.31220095693779903,"2d_planar_arm_line_n2/eikonal/pred_on_mean_v":0.002270299009978771,"2d_figure_eight/eikonal/learned_to_gt_p95":0.3607105016708374,"2d_square/eikonal/gt_to_learned_p95":0.13754752278327942,"2d_looped_spiro/eikonal/n_gt":1024,"2d_figure_eight/eikonal/eval_eps_used":0.3274860680103302,"2d_square/eikonal/proj_true_dist":0.08746596425771713,"2d_ellipse/eikonal/pred_on_mean_v":0.004587208386510611,"2d_looped_spiro/eikonal/eps_stop":0.10986912995576859,"sweep/avg/proj_steps":19.044677734375,"_runtime":51.114568187,"2d_ellipse/eikonal/proj_manifold_dist":0.15386070311069489,"2d_square/eikonal/gt_to_learned_mean":0.05165418982505798,"2d_looped_spiro/eikonal/pred_on_mean_v":0.0020709626842290163,"2d_square/eikonal/n_learned":4096,"2d_figure_eight/eikonal/gt_to_learned_p95":0.22494269907474518,"2d_looped_spiro/eikonal/proj_v_residual":0.012463057413697243,"2d_figure_eight/eikonal/plot/2d_figure_eight_on_eikonal_contour_traj":{"_type":"image-file","sha256":"65482d998096526d3a3ebfd98b46b3af36628a3eac4b13f8e2484892fdc1ae5d","size":766811,"path":"media/images/2d_figure_eight/eikonal/plot/2d_figure_eight_on_eikonal_contour_traj_6_65482d998096526d3a3e.png","format":"png","width":1280,"height":960},"2d_planar_arm_line_n2/eikonal/proj_manifold_dist":0.35072576999664307,"sweep/std/proj_v_residual":0.007981573760296136,"sweep/std/pred_manifold_dist":0.09884065594343795,"sweep/std/eps_stop":0.09359157606831184,"2d_sparse_sine/eikonal/learned_to_gt_mean":0.035050444304943085,"2d_looped_spiro/eikonal/pred_FPrate":0.14859862506610258,"2d_sparse_sine/eikonal/proj_manifold_dist":0.03384312242269516,"2d_ellipse/eikonal/pred_precision":0.170446735395189,"2d_planar_arm_line_n2/eikonal/proj_v_residual":0.011099446564912796,"2d_ellipse/eikonal/eval_eps_used":0.18459679186344147,"2d_looped_spiro/eikonal/gt_to_learned_p95":0.12213929742574692,"2d_looped_spiro/eikonal/proj_steps":19.09521484375,"2d_square/eikonal/eps_stop":0.093570776283741,"sweep/std/gt_to_learned_p95":0.09421341505833176,"sweep/std/pred_FPrate":0.23657224326565676,"2d_looped_spiro/eikonal/bidirectional_chamfer":0.14322692155838013,"2d_planar_arm_line_n2/eikonal/eval_eps_used":0.1073336973786354,"2d_square/loaded_layers_count":4,"2d_ellipse/eikonal/proj_v_residual":0.011000461876392365,"2d_square/eikonal/pred_manifold_dist":0.058371275663375854,"2d_square/eikonal/pred_FPrate":0.15135561989997368,"2d_figure_eight/eikonal/pred_recall":0.8976897689768977,"sweep/avg/pred_precision":0.3341354605552471,"2d_ellipse/eikonal/plot/2d_ellipse_on_eikonal_planner_paths":{"_type":"image-file","sha256":"f721eddde756918d6ef3a83979fbcb6137d40b91ed75c932b29db70f33c365d8","size":453948,"path":"media/images/2d_ellipse/eikonal/plot/2d_ellipse_on_eikonal_planner_paths_3_f721eddde756918d6ef3.png","format":"png","width":1200,"height":900},"2d_figure_eight/eikonal/proj_manifold_dist":0.1333637237548828,"2d_planar_arm_line_n2/eikonal/proj_true_dist":0.5212188959121704,"2d_sparse_sine/eikonal/proj_true_dist":0.08013690263032913,"sweep/std/n_gt":0,"sweep/avg/proj_manifold_dist":0.13311195621887842,"2d_planar_arm_line_n2/eikonal/eps_stop":0.1073336973786354,"2d_planar_arm_line_n2/eikonal/pred_FPrate":0.12477898459206871,"2d_looped_spiro/eikonal/proj_true_dist":0.16344299912452698,"2d_figure_eight/eikonal/eps_stop":0.3274860680103302,"2d_square/eikonal/plot/2d_square_on_eikonal_planner_paths":{"width":1200,"height":900,"_type":"image-file","sha256":"78a3e4a20efa51f00321e674e545af71c58d2b3f7fa28cee3e972b5e6f53e327","size":341001,"path":"media/images/2d_square/eikonal/plot/2d_square_on_eikonal_planner_paths_24_78a3e4a20efa51f00321.png","format":"png"},"sweep/n_seeds":1,"_timestamp":1.7725758152729392e+09,"2d_looped_spiro/eikonal/gt_to_learned_mean":0.06370268762111664,"2d_sparse_sine/loaded_layers_count":3,"2d_square/eikonal/learned_to_gt_mean":0.04822573810815811,"2d_ellipse/eikonal/learned_to_gt_p95":0.6227762699127197,"2d_figure_eight/eikonal/pred_manifold_dist":0.18033382296562195,"2d_ellipse/eikonal/proj_steps":19.00244140625,"2d_planar_arm_line_n2/eikonal/learned_to_gt_mean":0.3509141206741333,"2d_figure_eight/eikonal/n_learned":4096,"2d_looped_spiro/eikonal/eval_eps_used":0.10986912995576859,"sweep/std/eval_eps_used":0.09359157606831184,"sweep/n_cases":6,"sweep/std/bidirectional_chamfer":0.1039694603399638,"2d_square/eikonal/proj_v_residual":0.0016789122018963099,"2d_sparse_sine/eikonal/plot/2d_sparse_sine_on_eikonal_contour_traj":{"width":1280,"height":960,"_type":"image-file","sha256":"72dc5aa133a3a7d4113e6cb2a619e5266b399f692f101a6d3b7d228c2ee75a0a","size":674658,"path":"media/images/2d_sparse_sine/eikonal/plot/2d_sparse_sine_on_eikonal_contour_traj_19_72dc5aa133a3a7d4113e.png","format":"png"},"2d_ellipse/eikonal/pred_FPrate":0.3172975814931651,"2d_figure_eight/eikonal/n_gt":1024,"sweep/avg/n_gt":1024,"sweep/std/learned_to_gt_p95":0.5416599103715184,"2d_looped_spiro/eikonal/learned_to_gt_p95":0.18359528481960297,"sweep/avg/gt_to_learned_mean":0.06414791196584702,"2d_looped_spiro/loaded_layers_count":4,"sweep/avg/gt_to_learned_p95":0.18981830030679703,"sweep/avg/proj_true_dist":0.21538265546162924,"sweep/std/proj_true_dist":0.14817681236911262,"2d_figure_eight/eikonal/pred_precision":0.08897612037945699,"sweep/std/gt_to_learned_mean":0.02462763382680976,"2d_sparse_sine/eikonal/pred_manifold_dist":0.029342688620090485,"2d_planar_arm_line_n2/eikonal/proj_steps":19.139404296875,"2d_planar_arm_line_n2/eikonal/bidirectional_chamfer":0.3831867575645447,"2d_sparse_sine/eikonal/eps_stop":0.03355444595217705,"_wandb":{"runtime":51},"2d_ellipse/eikonal/proj_true_dist":0.1999201774597168,"2d_ellipse/eikonal/bidirectional_chamfer":0.25453880429267883,"sweep/std/pred_on_mean_v":0.004632659726279848,"2d_sparse_sine/eikonal/n_gt":1024,"2d_planar_arm_line_n2/eikonal/pred_manifold_dist":0.32453134655952454,"sweep/avg/eval_eps_used":0.14273515157401562,"2d_square/eikonal/bidirectional_chamfer":0.0998799279332161,"2d_sparse_sine/eikonal/pred_precision":0.9444444444444444,"2d_figure_eight/eikonal/bidirectional_chamfer":0.2258734405040741,"2d_figure_eight/loaded_layers_count":4,"2d_ellipse/eikonal/pred_manifold_dist":0.18188315629959106,"sweep/std/n_learned":0,"2d_square/eikonal/plot/2d_square_on_eikonal_contour_traj":{"sha256":"1422c001c71c452e1a22fcb62aebb23a438a7c97a2a15f2c51d7bd51977eccf7","size":803720,"path":"media/images/2d_square/eikonal/plot/2d_square_on_eikonal_contour_traj_23_1422c001c71c452e1a22.png","format":"png","width":1280,"height":960,"_type":"image-file"},"2d_figure_eight/eikonal/pred_on_mean_v":0.014124796725809574,"sweep/std/proj_manifold_dist":0.10632956804533927,"2d_sparse_sine/eikonal/n_learned":4096,"2d_ellipse/eikonal/gt_to_learned_p95":0.3714820146560669,"2d_sparse_sine/eikonal/bidirectional_chamfer":0.07983525097370148,"2d_planar_arm_line_n2/loaded_layers_count":4,"2d_planar_arm_line_n2/eikonal/n_learned":4096,