{
  "pred_on_mean_v": 0.021219011396169662,
  "proj_manifold_dist": 0.22057877480983734,
  "proj_v_residual": 0.3143683671951294,
  "proj_true_dist": 0.546919584274292,
  "proj_steps": 1.0,
  "pred_recall": 0.7346938775510204,
  "pred_FPrate": 0.15522917194226388,
  "pred_manifold_dist": 0.16139869391918182,
  "pred_precision": 0.14979195561719832,
  "eval_eps_used": 0.303447425365448,
  "dist_space": "workspace",
  "bidirectional_chamfer": 0.23118719458580017,
  "gt_to_learned_mean": 0.010373566299676895,
  "learned_to_gt_mean": 0.22081363201141357,
  "gt_to_learned_p95": 0.02144162729382515,
  "learned_to_gt_p95": 0.9258539080619812,
  "n_gt": 1024,
  "n_learned": 4096,
  "eps_stop": 0.303447425365448
}