{
  "pred_on_mean_v": 0.009821002371609211,
  "proj_manifold_dist": 0.030938636511564255,
  "proj_v_residual": 0.11042514443397522,
  "proj_true_dist": 0.6957237720489502,
  "proj_steps": 1.0,
  "pred_recall": 0.9090909090909091,
  "pred_FPrate": 0.06438188494492043,
  "pred_manifold_dist": 0.12876103818416595,
  "pred_precision": 0.03663003663003663,
  "eval_eps_used": 0.1963401585817337,
  "dist_space": "workspace",
  "bidirectional_chamfer": 0.040018707513809204,
  "gt_to_learned_mean": 0.008061311207711697,
  "learned_to_gt_mean": 0.03195739537477493,
  "gt_to_learned_p95": 0.015328588895499706,
  "learned_to_gt_p95": 0.04068653658032417,
  "n_gt": 1024,
  "n_learned": 4096,
  "eps_stop": 0.1963401585817337
}