{"6d_spatial_arm_up_n6_py/delta/gt_to_learned_p95":0.14350223541259766,"sweep/std/proj_manifold_dist":0.11273945250234314,"6d_spatial_arm_up_n6/delta/proj_v_residual":0.277131587266922,"6d_spatial_arm_up_n6/delta/n_learned":4096,"6d_spatial_arm_up_n6_py/delta/pred_manifold_dist":0.5897613763809204,"sweep/avg/pred_on_mean_v":0.0007633186760358512,"6d_workspace_sine_surface_pose/delta/eps_stop":0.03439313545823097,"sweep/avg/proj_steps":37.150634765625,"sweep/std/pred_precision":0,"6d_spatial_arm_up_n6/delta/pred_precision":0,"6d_spatial_arm_up_n6/delta/learned_to_gt_mean":0.2785477638244629,"6d_spatial_arm_up_n6/loaded_layers_count":3,"sweep/n_seeds":1,"6d_spatial_arm_up_n6_py/loaded_layers_count":3,"6d_spatial_arm_up_n6_py/delta/bidirectional_chamfer":0.468644917011261,"6d_workspace_sine_surface_pose/delta/learned_to_gt_p95":0.8302111029624939,"6d_spatial_arm_up_n6/delta/proj_true_dist":1.2169653177261353,"sweep/std/learned_to_gt_mean":0.07154096471316125,"6d_workspace_sine_surface_pose/delta/n_gt":1024,"6d_spatial_arm_up_n6/delta/n_gt":1024,"6d_spatial_arm_up_n6/delta/eval_eps_used":0.08004254102706909,"6d_spatial_arm_up_n6_py/delta/learned_to_gt_mean":0.3867311179637909,"6d_spatial_arm_up_n6_py/delta/plot/6d_spatial_arm_up_n6_py_delta_knn_normal":{"_type":"image-file","sha256":"cf1a5527b270bf1d510bd9e1daa1dafb5c55be2e8165d7513f8d9bd96bb37561","size":174575,"path":"media/images/6d_spatial_arm_up_n6_py/delta/plot/6d_spatial_arm_up_n6_py_delta_knn_normal_9_cf1a5527b270bf1d510b.png","format":"png","width":900,"height":750},"sweep/avg/proj_manifold_dist":0.22779951989650726,"sweep/avg/learned_to_gt_mean":0.2928430636723836,"6d_spatial_arm_up_n6_py/delta/plot/6d_spatial_arm_up_n6_py_delta_loss_curves":{"_type":"image-file","sha256":"492505a2ec5e914656f0b09ec4280257222d4a4c3f728e397d70affc44440803","size":211583,"path":"media/images/6d_spatial_arm_up_n6_py/delta/plot/6d_spatial_arm_up_n6_py_delta_loss_curves_10_492505a2ec5e914656f0.png","format":"png","width":1800,"height":600},"6d_spatial_arm_up_n6/delta/proj_manifold_dist":0.20039033889770508,"sweep/n_cases":3,"sweep/std/eval_eps_used":0.018638160818615697,"sweep/avg/pred_precision":0,"6d_workspace_sine_surface_pose/delta/pred_on_mean_v":0.00026955088833346963,"6d_spatial_arm_up_n6/delta/pred_on_mean_v":0.0011444424744695425,"6d_spatial_arm_up_n6/delta/bidirectional_chamfer":0.7037659883499146,"_timestamp":1.772565469993451e+09,"6d_spatial_arm_up_n6_py/delta/proj_manifold_dist":0.37752553820610046,"6d_spatial_arm_up_n6_py/delta/eval_eps_used":0.05777775123715401,"6d_workspace_sine_surface_pose/delta/plot/6d_workspace_sine_surface_pose_delta_knn_normal":{"sha256":"d1d76701330e69911a471701d9a895683f0f0d5b2bb4cadb40fd0e87a5db0ef5","size":182072,"path":"media/images/6d_workspace_sine_surface_pose/delta/plot/6d_workspace_sine_surface_pose_delta_knn_normal_14_d1d76701330e69911a47.png","format":"png","width":900,"height":750,"_type":"image-file"},"6d_workspace_sine_surface_pose/delta/plot/6d_workspace_sine_surface_pose_delta_workspace_pose_orientation":{"height":1260,"_type":"image-file","sha256":"631d0bcbf3a16e03fb9cda426447004ae65280dbfe174a9e7a8df98046d36726","size":629116,"path":"media/images/6d_workspace_sine_surface_pose/delta/plot/6d_workspace_sine_surface_pose_delta_workspace_pose_orientation_16_631d0bcbf3a16e03fb9c.png","format":"png","width":1530},"sweep/std/pred_FPrate":0.004590594002659653,"6d_spatial_arm_up_n6_py/delta/gt_to_learned_mean":0.08191380649805069,"sweep/std/pred_manifold_dist":0.1632971375751353,"6d_spatial_arm_up_n6/delta/eps_stop":0.08004254102706909,"6d_spatial_arm_up_n6_py/delta/plot/6d_spatial_arm_up_n6_py_delta_eval_proj_workspace_orientation":{"size":525107,"path":"media/images/6d_spatial_arm_up_n6_py/delta/plot/6d_spatial_arm_up_n6_py_delta_eval_proj_workspace_orientation_8_a9d3f05f984a3888667c.png","format":"png","width":1872,"height":864,"_type":"image-file","sha256":"a9d3f05f984a3888667cf5a291e855cf7053aff61ade0b0cdb669739cd93266c"},"6d_workspace_sine_surface_pose/delta/eval_eps_used":0.03439313545823097,"sweep/avg/proj_true_dist":0.6961432496706644,"sweep/avg/eps_stop":0.05740447590748469,"6d_spatial_arm_up_n6/delta/gt_to_learned_mean":0.4252181947231293,"sweep/avg/learned_to_gt_p95":0.936555008093516,"6d_spatial_arm_up_n6_py/delta/pred_recall":NaN,"sweep/std/eps_stop":0.018638160818615697,"sweep/avg/gt_to_learned_p95":0.350293127199014,"6d_spatial_arm_up_n6/delta/learned_to_gt_p95":0.43624770641326904,"_step":20,"sweep/std/gt_to_learned_mean":0.16649644868093844,"6d_spatial_arm_up_n6_py/delta/n_gt":1024,"6d_workspace_sine_surface_pose/delta/proj_steps":35.876220703125,"6d_spatial_arm_up_n6_py/delta/learned_to_gt_p95":1.5432062149047852,"6d_workspace_sine_surface_pose/delta/plot/6d_workspace_sine_surface_pose_delta_workspace_pose_proj_error_distributions":{"path":"media/images/6d_workspace_sine_surface_pose/delta/plot/6d_workspace_sine_surface_pose_delta_workspace_pose_proj_error_distributions_17_0cf44b68a7c61a6c87f6.png","format":"png","width":1800,"height":756,"_type":"image-file","sha256":"0cf44b68a7c61a6c87f6b11c7aa3b32c1951dd6f00530a42aa48d5dfb7a01a79","size":81999},"6d_spatial_arm_up_n6_py/delta/n_learned":4096,"sweep/n_datasets":3,"sweep/avg/n_gt":1024,"6d_workspace_sine_surface_pose/delta/n_learned":4096,"6d_workspace_sine_surface_pose/delta/learned_to_gt_mean":0.2132503092288971,"sweep/std/proj_true_dist":0.3745810155315165,"6d_workspace_sine_surface_pose/loaded_layers_count":3,"_runtime":323.630298458,"sweep/avg/pred_FPrate":0.006917317708333333,"6d_spatial_arm_up_n6/delta/proj_steps":36.62255859375,"sweep/std/n_gt":0,"6d_spatial_arm_up_n6/delta/gt_to_learned_p95":0.8011324405670166,"6d_spatial_arm_up_n6_py/delta/proj_v_residual":0.20979060232639313,"sweep/std/learned_to_gt_p95":0.4581273873057052,"_wandb":{"runtime":323},"sweep/avg/bidirectional_chamfer":0.4828556180000305,"6d_spatial_arm_up_n6/delta/plot/6d_spatial_arm_up_n6_delta_eval_proj_workspace_orientation":{"path":"media/images/6d_spatial_arm_up_n6/delta/plot/6d_spatial_arm_up_n6_delta_eval_proj_workspace_orientation_2_1aa3570a04070bfc00d1.png","format":"png","width":1872,"height":864,"_type":"image-file","sha256":"1aa3570a04070bfc00d175681bbb88fb7172b97ea09bbf9bf2ab42317105fa61","size":550732},"6d_workspace_sine_surface_pose/delta/pred_manifold_dist":0.31424301862716675,"6d_spatial_arm_up_n6/delta/pred_FPrate":0.0126953125,"6d_workspace_sine_surface_pose/delta/proj_v_residual":0.01987898349761963,"6d_workspace_sine_surface_pose/delta/plot/6d_workspace_sine_surface_pose_delta_loss_curves":{"size":158824,"path":"media/images/6d_workspace_sine_surface_pose/delta/plot/6d_workspace_sine_surface_pose_delta_loss_curves_15_d4b5d8b0e46e75b7724a.png","format":"png","width":1800,"height":600,"_type":"image-file","sha256":"d4b5d8b0e46e75b7724ad3dd52eae187c9bbb78f04dd9794cd3ca1baa6b700c9"},"sweep/std/proj_steps":1.3104664170970006,"6d_workspace_sine_surface_pose/delta/gt_to_learned_p95":0.10624470561742783,"sweep/std/gt_to_learned_p95":0.31915419025940894,"6d_spatial_arm_up_n6_py/delta/plot/6d_spatial_arm_up_n6_py_delta_proj_value_distribution":{"path":"media/images/6d_spatial_arm_up_n6_py/delta/plot/6d_spatial_arm_up_n6_py_delta_proj_value_distribution_11_48fdc9c4f5da017f514c.png","format":"png","width":1655,"height":756,"_type":"image-file","sha256":"48fdc9c4f5da017f514cfcf4f9bd80386dcd90f5d2fec3a8a059130364e3bbf1","size":63279},"6d_spatial_arm_up_n6/delta/pred_recall":NaN,"6d_workspace_sine_surface_pose/delta/proj_manifold_dist":0.10548268258571625,"6d_spatial_arm_up_n6_py/delta/proj_true_dist":0.5195456147193909,"6d_spatial_arm_up_n6/delta/plot/6d_spatial_arm_up_n6_delta_loss_curves":{"sha256":"3f36642c2a29863ad79adca69c6457a4ab521c0e03251e7ff1ef6b576990cc9c","size":206588,"path":"media/images/6d_spatial_arm_up_n6/delta/plot/6d_spatial_arm_up_n6_delta_loss_curves_4_3f36642c2a29863ad79a.png","format":"png","width":1800,"height":600,"_type":"image-file"},"sweep/std/proj_v_residual":0.10892409863193298,