{
  "pred_on_mean_v": 0.015083733014762402,
  "proj_manifold_dist": 0.3634210526943207,
  "proj_v_residual": 0.11510767042636871,
  "proj_true_dist": 0.41781556606292725,
  "proj_steps": 23.632568359375,
  "pred_recall": 0.697265625,
  "pred_FPrate": 0.5667718191377498,
  "pred_precision": 0.10693359375,
  "eval_eps_used": 0.20443853735923767,
  "dist_space": "data_space",
  "bidirectional_chamfer": 0.433651864528656,
  "gt_to_learned_mean": 0.07000000774860382,
  "learned_to_gt_mean": 0.3636518716812134,
  "gt_to_learned_p95": 0.3013649582862854,
  "learned_to_gt_p95": 1.0770840644836426,
  "n_gt": 1024,
  "n_learned": 4096,
  "eps_stop": 0.20443853735923767
}