{
  "pred_on_mean_v": 0.00025816739071160555,
  "proj_manifold_dist": 0.07676327228546143,
  "proj_v_residual": 0.0016390783712267876,
  "proj_true_dist": 0.11473159492015839,
  "proj_steps": 19.029541015625,
  "pred_recall": 0.717529296875,
  "pred_FPrate": 0.03396029258098224,
  "pred_precision": 0.78955078125,
  "eval_eps_used": 0.03321974724531174,
  "dist_space": "data_space",
  "bidirectional_chamfer": 0.10440599918365479,
  "gt_to_learned_mean": 0.026951055973768234,
  "learned_to_gt_mean": 0.07745493948459625,
  "gt_to_learned_p95": 0.062445018440485,
  "learned_to_gt_p95": 0.48029306530952454,
  "n_gt": 1024,
  "n_learned": 4096,
  "eps_stop": 0.03321974724531174,
  "train_seconds": 2.7960496651940048
}