{
  "pred_on_mean_v": 0.00019895049626939,
  "proj_manifold_dist": 0.2614227533340454,
  "proj_v_residual": 0.00331898289732635,
  "proj_true_dist": 0.450518399477005,
  "proj_steps": 19.107666015625,
  "pred_recall": 0.828125,
  "pred_FPrate": 0.021837349397590362,
  "pred_precision": 0.61181640625,
  "eval_eps_used": 0.03177667409181595,
  "dist_space": "workspace",
  "bidirectional_chamfer": 0.2705764174461365,
  "gt_to_learned_mean": 0.008680702187120914,
  "learned_to_gt_mean": 0.26189571619033813,
  "gt_to_learned_p95": 0.03029438480734825,
  "learned_to_gt_p95": 1.6810539960861206,
  "n_gt": 1024,
  "n_learned": 4096,
  "eps_stop": 0.03177667409181595,
  "train_seconds": 4.899670243728906
}