{
  "pred_on_mean_v": 0.00017033604672178626,
  "proj_manifold_dist": 0.02854016050696373,
  "proj_v_residual": 0.0006891131633892655,
  "proj_true_dist": 0.06744949519634247,
  "proj_steps": 19.0,
  "pred_recall": 0.760498046875,
  "pred_FPrate": 0.0008032128514056225,
  "pred_precision": 0.965087890625,
  "eval_eps_used": 0.033561233431100845,
  "dist_space": "data_space",
  "bidirectional_chamfer": 0.0521654449403286,
  "gt_to_learned_mean": 0.02209332585334778,
  "learned_to_gt_mean": 0.03007211908698082,
  "gt_to_learned_p95": 0.059451568871736526,
  "learned_to_gt_p95": 0.053590767085552216,
  "n_gt": 1024,
  "n_learned": 4096,
  "eps_stop": 0.033561233431100845,
  "train_seconds": 2.65202275197953
}