{
  "pred_on_mean_v": 9.0529523731675e-05,
  "proj_manifold_dist": 0.1335727423429489,
  "proj_v_residual": 0.0011177507694810629,
  "proj_true_dist": 0.16377225518226624,
  "proj_steps": 19.329345703125,
  "pred_recall": 0.48779296875,
  "pred_FPrate": 0.01763352926143624,
  "pred_precision": 0.4091796875,
  "eval_eps_used": 0.020034460350871086,
  "dist_space": "data_space",
  "bidirectional_chamfer": 0.27348271012306213,
  "gt_to_learned_mean": 0.09926906228065491,
  "learned_to_gt_mean": 0.17421364784240723,
  "gt_to_learned_p95": 0.27446869015693665,
  "learned_to_gt_p95": 0.49138009548187256,
  "n_gt": 1024,
  "n_learned": 4096,
  "eps_stop": 0.020034460350871086,
  "train_seconds": 16.518375940155238
}