{
  "pred_on_mean_v": 1.9835582861560397e-05,
  "proj_manifold_dist": 0.038133654743433,
  "proj_v_residual": 0.00044777250150218606,
  "proj_true_dist": 0.04214756190776825,
  "proj_steps": 19.0,
  "pred_recall": 0.76171875,
  "pred_FPrate": 0.005037783375314861,
  "pred_precision": 0.548095703125,
  "eval_eps_used": 0.005822259467095137,
  "dist_space": "data_space",
  "bidirectional_chamfer": 0.11696688830852509,
  "gt_to_learned_mean": 0.042570795863866806,
  "learned_to_gt_mean": 0.07439608871936798,
  "gt_to_learned_p95": 0.08761635422706604,
  "learned_to_gt_p95": 0.1409822702407837,
  "n_gt": 1024,
  "n_learned": 4096,
  "eps_stop": 0.005822259467095137,
  "train_seconds": 16.601216492708772
}