{
  "pred_on_mean_v": 2.1675030438927934e-05,
  "proj_manifold_dist": 0.008769647218286991,
  "proj_v_residual": 0.0005338521441444755,
  "proj_true_dist": 0.015116313472390175,
  "proj_steps": 19.0,
  "pred_recall": 0.66015625,
  "pred_FPrate": 0.0,
  "pred_precision": 0.967529296875,
  "eval_eps_used": 0.010409086011350155,
  "dist_space": "data_space",
  "bidirectional_chamfer": 0.021196482703089714,
  "gt_to_learned_mean": 0.010713931173086166,
  "learned_to_gt_mean": 0.010482551530003548,
  "gt_to_learned_p95": 0.03485169634222984,
  "learned_to_gt_p95": 0.02783862128853798,
  "n_gt": 1024,
  "n_learned": 4096,
  "eps_stop": 0.010409086011350155,
  "train_seconds": 6.708533151075244
}