{
  "pred_on_mean_v": 0.0004700942663475871,
  "proj_manifold_dist": 0.20419642329216003,
  "proj_v_residual": 0.09096178412437439,
  "proj_true_dist": 0.3728179931640625,
  "proj_steps": 29.06884765625,
  "pred_recall": 0.896484375,
  "pred_FPrate": 0.00244140625,
  "pred_precision": 0.001220703125,
  "eval_eps_used": 0.046061549335718155,
  "dist_space": "workspace",
  "bidirectional_chamfer": 0.2811153531074524,
  "gt_to_learned_mean": 0.06342814117670059,
  "learned_to_gt_mean": 0.2176872193813324,
  "gt_to_learned_p95": 0.11044320464134216,
  "learned_to_gt_p95": 1.239891529083252,
  "n_gt": 1024,
  "n_learned": 4096,
  "eps_stop": 0.046061549335718155,
  "train_seconds": 70.04083009483293
}