{
  "pred_on_mean_v": 0.007539320271462202,
  "proj_manifold_dist": 0.25834524631500244,
  "proj_v_residual": 0.07623792439699173,
  "proj_true_dist": 0.2900201082229614,
  "proj_steps": 19.06982421875,
  "pred_recall": 0.90771484375,
  "pred_FPrate": 0.9091866280600158,
  "pred_precision": 0.071044921875,
  "eval_eps_used": 0.20777370035648346,
  "dist_space": "data_space",
  "bidirectional_chamfer": 0.29139551520347595,
  "gt_to_learned_mean": 0.032805997878313065,
  "learned_to_gt_mean": 0.258589506149292,
  "gt_to_learned_p95": 0.11721910536289215,
  "learned_to_gt_p95": 0.5924091935157776,
  "n_gt": 1024,
  "n_learned": 4096,
  "eps_stop": 0.20777370035648346
}