{
  "pred_on_mean_v": 5.1837858336512e-05,
  "proj_manifold_dist": 0.025013882666826248,
  "proj_v_residual": 4.1849383705994114e-05,
  "proj_true_dist": 0.062289945781230927,
  "proj_steps": 49.0,
  "pred_recall": 0.687130905511811,
  "pred_FPrate": 0.0002817695125387433,
  "pred_precision": 0.954833984375,
  "eval_eps_used": 0.015279470011591911,
  "dist_space": "data_space",
  "bidirectional_chamfer": 0.04987893998622894,
  "gt_to_learned_mean": 0.024865055456757545,
  "learned_to_gt_mean": 0.025013882666826248,
  "gt_to_learned_p95": 0.11652369797229767,
  "learned_to_gt_p95": 0.08969409763813019,
  "n_gt": 8128,
  "n_learned": 4096,
  "eps_stop": 0.015279470011591911,
  "train_seconds": 2.9827251019887626
}