{
  "pred_on_mean_v": 0.0006907399510964751,
  "proj_manifold_dist": 0.13967417180538177,
  "proj_v_residual": 0.015122032724320889,
  "proj_true_dist": 0.2966323494911194,
  "proj_steps": 49.107666015625,
  "pred_recall": 0.6548966535433071,
  "pred_FPrate": 0.04483096521313082,
  "pred_precision": 0.1357421875,
  "eval_eps_used": 0.05836012586951256,
  "dist_space": "workspace",
  "bidirectional_chamfer": 0.17626997828483582,
  "gt_to_learned_mean": 0.03659581020474434,
  "learned_to_gt_mean": 0.13967417180538177,
  "gt_to_learned_p95": 0.11051468551158905,
  "learned_to_gt_p95": 0.3629748225212097,
  "n_gt": 8128,
  "n_learned": 4096,
  "eps_stop": 0.05836012586951256,
  "train_seconds": 7.262094756995793
}