{
  "pred_on_mean_v": 0.0006777692469768226,
  "proj_manifold_dist": 0.06234457716345787,
  "proj_v_residual": 0.000512399710714817,
  "proj_true_dist": 0.3083784878253937,
  "proj_steps": 49.172607421875,
  "pred_recall": 0.5779012345679012,
  "pred_FPrate": 0.01709169831795985,
  "pred_precision": 0.7294921875,
  "eval_eps_used": 0.05452264845371246,
  "dist_space": "data_space",
  "bidirectional_chamfer": 0.158787339925766,
  "gt_to_learned_mean": 0.09644276648759842,
  "learned_to_gt_mean": 0.06234457716345787,
  "gt_to_learned_p95": 0.2507549524307251,
  "learned_to_gt_p95": 0.13592420518398285,
  "n_gt": 8100,
  "n_learned": 4096,
  "eps_stop": 0.05452264845371246,
  "train_seconds": 6.973668677004753
}