{
  "pred_on_mean_v": 0.00019642645202111453,
  "proj_manifold_dist": 0.031456198543310165,
  "proj_v_residual": 0.3428146243095398,
  "proj_true_dist": 0.07409451901912689,
  "proj_steps": 52.26171875,
  "pred_recall": 0.8997333333333334,
  "pred_FPrate": 0.0017169487368162864,
  "pred_precision": 0.615478515625,
  "eval_eps_used": 0.02651197835803032,
  "dist_space": "workspace",
  "bidirectional_chamfer": 0.14666098356246948,
  "gt_to_learned_mean": 0.0004638511745724827,
  "learned_to_gt_mean": 0.1461971253156662,
  "gt_to_learned_p95": 0.0008919639512896538,
  "learned_to_gt_p95": 1.9824355840682983,
  "n_gt": 15000,
  "n_learned": 4096,
  "eps_stop": 0.02651197835803032,
  "train_seconds": 500.6414160419954
}