{
  "pred_on_mean_v": 0.000334952404955402,
  "proj_manifold_dist": 0.04837007820606232,
  "proj_v_residual": 0.220965176820755,
  "proj_true_dist": 0.09870706498622894,
  "proj_steps": 52.574951171875,
  "pred_recall": 0.8428,
  "pred_FPrate": 0.0024588148512417014,
  "pred_precision": 0.6865234375,
  "eval_eps_used": 0.03990893438458443,
  "dist_space": "workspace",
  "bidirectional_chamfer": 0.11634357273578644,
  "gt_to_learned_mean": 0.0007377497968263924,
  "learned_to_gt_mean": 0.11560582369565964,
  "gt_to_learned_p95": 0.0020886335987597704,
  "learned_to_gt_p95": 0.671779215335846,
  "n_gt": 15000,
  "n_learned": 4096,
  "eps_stop": 0.03990893438458443,
  "train_seconds": 481.54984827700537
}