{
  "pred_on_mean_v": 0.00011523609282448888,
  "proj_manifold_dist": 0.10248646885156631,
  "proj_v_residual": 0.019605401903390884,
  "proj_true_dist": 0.3721869885921478,
  "proj_steps": 61.277587890625,
  "pred_recall": 0.6886072834645669,
  "pred_FPrate": 0.0007327796775769418,
  "pred_precision": 0.26953125,
  "eval_eps_used": 0.023507695645093918,
  "dist_space": "workspace",
  "bidirectional_chamfer": 0.26673606038093567,
  "gt_to_learned_mean": 0.06460907310247421,
  "learned_to_gt_mean": 0.20212697982788086,
  "gt_to_learned_p95": 0.10855786502361298,
  "learned_to_gt_p95": 0.8583917617797852,
  "n_gt": 8128,
  "n_learned": 4096,
  "eps_stop": 0.023507695645093918,
  "train_seconds": 91.8492617259908
}