{
  "method": "vae",
  "dataset": "3d_planar_arm_line_n3",
  "metrics": {
    "pred_on_mean_v": 0.22485342621803284,
    "proj_manifold_dist": 0.620712399482727,
    "proj_v_residual": 0.3238040804862976,
    "proj_true_dist": 0.9936820864677429,
    "proj_steps": 1.0,
    "pred_recall": 0.7092198581560284,
    "pred_FPrate": 0.5795195954487989,
    "pred_manifold_dist": 0.6060088872909546,
    "pred_precision": 0.04180602006688963,
    "eval_eps_used": 1.05904221534729,
    "bidirectional_chamfer": 0.6641469597816467,
    "gt_to_learned_mean": 0.04339822009205818,
    "learned_to_gt_mean": 0.62074875831604,
    "gt_to_learned_p95": 0.20474527776241302,
    "learned_to_gt_p95": 1.963498830795288,
    "n_gt": 1024.0,
    "n_learned": 4096.0,
    "eps_stop": 1.05904221534729
  },
  "eval_path": "outputs_unified/vae/3d_planar_arm_line_n3_vae_eval.json",
  "ckpt_path": "outputs_unified/vae/3d_planar_arm_line_n3_vae_model.pt",
  "config": {
    "seed": 36,
    "device": "cuda",
    "n_train": 50,
    "n_grid": 4096,
    "latent_dim": -1,
    "hidden_dims": [
      64,
      32
    ],
    "epochs": 500,
    "batch_size": 128,
    "lr": 0.001,
    "weight_decay": 0.0,
    "beta_final": 0.05,
    "warmup_epochs": 440,
    "ur5_backend": "analytic"
  },
  "loaded_config_paths": [
    "/home/baiyu/PycharmProjects/equality_manofld/configs/base.json",
    "/home/baiyu/PycharmProjects/equality_manofld/configs/methods/vae.json"
  ]
}