{
  "pred_on_mean_v": 0.012766201049089432,
  "proj_manifold_dist": 0.3391156494617462,
  "proj_v_residual": 0.10375073552131653,
  "proj_true_dist": 0.39218974113464355,
  "proj_steps": 21.907958984375,
  "pred_recall": 0.73583984375,
  "pred_FPrate": 0.5946372239747634,
  "pred_precision": 0.147216796875,
  "eval_eps_used": 0.21182434260845184,
  "dist_space": "data_space",
  "bidirectional_chamfer": 0.4192098379135132,
  "gt_to_learned_mean": 0.07978640496730804,
  "learned_to_gt_mean": 0.33942341804504395,
  "gt_to_learned_p95": 0.326853483915329,
  "learned_to_gt_p95": 1.0506484508514404,
  "n_gt": 1024,
  "n_learned": 4096,
  "eps_stop": 0.21182434260845184
}