{
  "pred_on_mean_v": 0.00019989859720226377,
  "proj_manifold_dist": 0.026552215218544006,
  "proj_v_residual": 0.028679735958576202,
  "proj_true_dist": 0.291334867477417,
  "proj_steps": 19.0,
  "pred_recall": 0.8334153543307087,
  "pred_FPrate": 0.0004889975550122249,
  "pred_precision": 0.89453125,
  "eval_eps_used": 0.02967820316553116,
  "dist_space": "workspace",
  "bidirectional_chamfer": 0.034980352967977524,
  "gt_to_learned_mean": 0.008428137749433517,
  "learned_to_gt_mean": 0.026552215218544006,
  "gt_to_learned_p95": 0.015888407826423645,
  "learned_to_gt_p95": 0.07530476897954941,
  "n_gt": 8128,
  "n_learned": 4096,
  "eps_stop": 0.02967820316553116,
  "train_seconds": 11.666662789997645
}