{
  "pred_on_mean_v": 1.0925156857410911e-05,
  "proj_manifold_dist": 0.04164491593837738,
  "proj_v_residual": 0.0006502520409412682,
  "proj_true_dist": 0.043350379914045334,
  "proj_steps": 19.0,
  "pred_recall": 0.8696296296296296,
  "pred_FPrate": 0.002157497303128371,
  "pred_precision": 0.912353515625,
  "eval_eps_used": 0.008478724397718906,
  "dist_space": "data_space",
  "bidirectional_chamfer": 0.10309838503599167,
  "gt_to_learned_mean": 0.06145346909761429,
  "learned_to_gt_mean": 0.04164491593837738,
  "gt_to_learned_p95": 0.12966980040073395,
  "learned_to_gt_p95": 0.08310636878013611,
  "n_gt": 8100,
  "n_learned": 4096,
  "eps_stop": 0.008478724397718906,
  "train_seconds": 23.75590213004034
}