{
  "pred_on_mean_v": 1.557783252792433e-05,
  "proj_manifold_dist": 0.09857907891273499,
  "proj_v_residual": 0.0020719291642308235,
  "proj_true_dist": 0.37234607338905334,
  "proj_steps": 29.0,
  "pred_recall": 0.7092765748031497,
  "pred_FPrate": 0.0,
  "pred_precision": 0.66845703125,
  "eval_eps_used": 0.00782964937388897,
  "dist_space": "workspace",
  "bidirectional_chamfer": 0.2894092798233032,
  "gt_to_learned_mean": 0.04895886033773422,
  "learned_to_gt_mean": 0.2404504120349884,
  "gt_to_learned_p95": 0.09714753180742264,
  "learned_to_gt_p95": 0.9459754228591919,
  "n_gt": 8128,
  "n_learned": 4096,
  "eps_stop": 0.00782964937388897,
  "train_seconds": 125.33970693399897
}