{"3d_spiral/delta/proj_v_residual":8.762886136537418e-05,"3d_vz_2d_ellipse/delta/proj_steps":29,"sweep/avg/eval_eps_used":0.021843379363417625,"3d_planar_arm_line_n3/delta/n_learned":4096,"3d_spiral/delta/n_learned":4096,"3d_planar_arm_line_n3/delta/proj_v_residual":0.02814723365008831,"sweep/std/pred_precision":0.24189754528504273,"3d_spatial_arm_circle_n3/delta/eps_stop":0.010818482376635075,"3d_planar_arm_line_n3/delta/proj_steps":29.0302734375,"3d_spiral/delta/proj_manifold_dist":0.41911226511001587,"sweep/avg/learned_to_gt_p95":0.4822197049856186,"3d_planar_arm_line_n3/loaded_layers_count":4,"sweep/std/gt_to_learned_p95":0.0358813156370837,"3d_planar_arm_line_n3/delta/pred_on_mean_v":0.0003662054950837046,"sweep/std/proj_manifold_dist":0.13564314462630886,"3d_spatial_arm_circle_n3/delta/proj_true_dist":0.2880432605743408,"_wandb":{"runtime":53},"3d_vz_2d_ellipse/delta/plot/3d_vz_2d_ellipse_delta_zero_surfaces_3d":{"_type":"image-file","sha256":"8b048fb3eacce1796b545791e20ebd2b37dd842b1c206b30cd545b63a295c624","size":463490,"path":"media/images/3d_vz_2d_ellipse/delta/plot/3d_vz_2d_ellipse_delta_zero_surfaces_3d_24_8b048fb3eacce1796b54.png","format":"png","width":1260,"height":1080},"3d_planar_arm_line_n3/delta/pred_FPrate":0.014687262598126107,"3d_torus_surface/delta/proj_steps":29,"sweep/std/gt_to_learned_mean":0.017833093650329673,"sweep/std/learned_to_gt_mean":0.1278380373054326,"3d_planar_arm_line_n3/delta/pred_manifold_dist":0.03611037880182266,"_timestamp":1.7725649378373818e+09,"sweep/n_cases":5,"3d_vz_2d_ellipse/delta/pred_precision":0.1440677966101695,"3d_torus_surface/delta/gt_to_learned_p95":0.11889916658401489,"sweep/avg/gt_to_learned_mean":0.029243983794003725,"sweep/std/pred_on_mean_v":0.00012719152412994907,"3d_vz_2d_ellipse/delta/learned_to_gt_mean":0.17490218579769135,"sweep/std/n_learned":0,"3d_spiral/delta/pred_manifold_dist":0.3863210678100586,"3d_spatial_arm_circle_n3/delta/plot/3d_spatial_arm_circle_n3_delta_knn_normal":{"width":900,"height":750,"_type":"image-file","sha256":"09b58e69aa6a9996aee7043857697b7b47b03ab932b5008a123193e9c06e3951","size":188321,"path":"media/images/3d_spatial_arm_circle_n3/delta/plot/3d_spatial_arm_circle_n3_delta_knn_normal_7_09b58e69aa6a9996aee7.png","format":"png"},"3d_torus_surface/delta/n_gt":1024,"3d_torus_surface/delta/pred_manifold_dist":0.056128524243831635,"3d_spiral/delta/eps_stop":0.02262887731194496,"3d_spiral/delta/plot/3d_spiral_delta_knn_normal":{"height":750,"_type":"image-file","sha256":"30f23ffa4e0681a8616b0565d4398f8ac755cf5ac554d500b40456f4700b7f18","size":194411,"path":"media/images/3d_spiral/delta/plot/3d_spiral_delta_knn_normal_12_30f23ffa4e0681a8616b.png","format":"png","width":900},"sweep/avg/eps_stop":0.021843379363417625,"3d_spatial_arm_circle_n3/delta/n_learned":4096,"3d_vz_2d_ellipse/delta/pred_manifold_dist":0.1679389625787735,"3d_planar_arm_line_n3/delta/proj_manifold_dist":0.05046948790550232,"3d_planar_arm_line_n3/delta/pred_precision":0.6305732484076433,"sweep/avg/gt_to_learned_p95":0.05941599551588297,"sweep/std/pred_manifold_dist":0.12632160887400024,"sweep/std/pred_recall":0.15932846212789517,"3d_spiral/delta/pred_precision":0.08148148148148149,"3d_vz_2d_ellipse/delta/n_gt":1024,"3d_spiral/delta/proj_steps":29.0302734375,"3d_vz_2d_ellipse/delta/pred_FPrate":0.02484013772749631,"3d_spatial_arm_circle_n3/delta/pred_recall":0.36363636363636365,"3d_vz_2d_ellipse/delta/plot/3d_vz_2d_ellipse_delta_loss_curves":{"size":190815,"path":"media/images/3d_vz_2d_ellipse/delta/plot/3d_vz_2d_ellipse_delta_loss_curves_23_7d8037e00efa36147a82.png","format":"png","width":1800,"height":600,"_type":"image-file","sha256":"7d8037e00efa36147a8237d6ff7699c0075c5340fbacaa54dd7683ca2132d9ab"},"3d_planar_arm_line_n3/delta/gt_to_learned_p95":0.010948450304567814,"3d_planar_arm_line_n3/delta/gt_to_learned_mean":0.004975997377187014,"3d_spiral/delta/plot/3d_spiral_delta_loss_curves":{"height":600,"_type":"image-file","sha256":"d5bf9aef95c20192fd9071da0c93114892e66076e380026a0d6d235711af4e56","size":173752,"path":"media/images/3d_spiral/delta/plot/3d_spiral_delta_loss_curves_13_d5bf9aef95c20192fd90.png","format":"png","width":1800},"3d_vz_2d_ellipse/delta/learned_to_gt_p95":0.5211853981018066,"3d_spatial_arm_circle_n3/delta/plot/3d_spatial_arm_circle_n3_delta_loss_curves":{"_type":"image-file","sha256":"2e1e9d7a4344e130ecf35ad8368869ddd21b51ae58880f005bcaa9ff0e5b9958","size":182276,"path":"media/images/3d_spatial_arm_circle_n3/delta/plot/3d_spatial_arm_circle_n3_delta_loss_curves_8_2e1e9d7a4344e130ecf3.png","format":"png","width":1800,"height":600},"sweep/std/proj_true_dist":0.12795031419083971,"3d_torus_surface/loaded_layers_count":4,"3d_planar_arm_line_n3/delta/learned_to_gt_p95":0.19933591783046722,"sweep/avg/bidirectional_chamfer":0.22726611644029618,"3d_planar_arm_line_n3/delta/proj_true_dist":0.36004000902175903,"3d_planar_arm_line_n3/delta/learned_to_gt_mean":0.051024794578552246,"3d_vz_2d_ellipse/delta/gt_to_learned_mean":0.026263142004609108,"3d_spiral/delta/pred_on_mean_v":9.939495066646487e-05,"sweep/avg/pred_FPrate":0.01781064413752156,"3d_spatial_arm_circle_n3/delta/pred_FPrate":0.011260709914320686,"3d_spatial_arm_circle_n3/delta/proj_manifold_dist":0.23947873711585999,"3d_spiral/delta/gt_to_learned_p95":0.06624244898557663,"sweep/avg/proj_v_residual":0.008512141261599026,"3d_torus_surface/delta/eps_stop":0.012605457566678524,"3d_torus_surface/delta/eval_eps_used":0.012605457566678524,"3d_vz_2d_ellipse/delta/eval_eps_used":0.02447175420820713,"sweep/std/learned_to_gt_p95":0.28715895467936997,"3d_spiral/delta/pred_recall":0.6111111111111112,"sweep/avg/n_gt":1024,"3d_vz_2d_ellipse/delta/pred_recall":0.5666666666666667,"3d_torus_surface/delta/plot/3d_torus_surface_delta_knn_normal":{"size":204329,"path":"media/images/3d_torus_surface/delta/plot/3d_torus_surface_delta_knn_normal_17_dba2b080a2e6ce1d9e39.png","format":"png","width":900,"height":750,"_type":"image-file","sha256":"dba2b080a2e6ce1d9e39cce722dcc9ab6bf0fc6a22b226757a032a4d44c2ae48"},"3d_vz_2d_ellipse/delta/plot/3d_vz_2d_ellipse_delta_knn_normal":{"_type":"image-file","sha256":"45b7d3339baeafd9d6d84e83edde4c3cb9c992e34ba2d90750a5b1d71cf34c78","size":189582,"path":"media/images/3d_vz_2d_ellipse/delta/plot/3d_vz_2d_ellipse_delta_knn_normal_22_45b7d3339baeafd9d6d8.png","format":"png","width":900,"height":750},"3d_torus_surface/delta/pred_on_mean_v":2.777625559247099e-05,"sweep/std/eval_eps_used":0.009982984473838833,"3d_spatial_arm_circle_n3/delta/bidirectional_chamfer":0.26072174310684204,"3d_torus_surface/delta/n_learned":4096,"3d_spatial_arm_circle_n3/delta/pred_manifold_dist":0.21610097587108612,"3d_torus_surface/delta/proj_v_residual":4.481997893890366e-05,"3d_spiral/delta/proj_true_dist":0.42446038126945496,"3d_torus_surface/delta/learned_to_gt_mean":0.10482896864414215,"3d_planar_arm_line_n3/delta/bidirectional_chamfer":0.05600079149007797,"3d_spiral/delta/n_gt":1024,"sweep/avg/pred_manifold_dist":0.1725199818611145,"sweep/std/bidirectional_chamfer":0.13171168230974872,"3d_torus_surface/delta/proj_manifold_dist":0.05823049694299698,"3d_torus_surface/delta/gt_to_learned_mean":0.05917845666408539,"3d_spiral/loaded_layers_count":4,"3d_torus_surface/delta/bidirectional_chamfer":0.16400742530822754,"3d_spiral/delta/learned_to_gt_p95":0.9849083423614502,"3d_torus_surface/delta/proj_true_dist":0.063300721347332,"3d_vz_2d_ellipse/delta/proj_manifold_dist":0.17464493215084076,"sweep/avg/pred_on_mean_v":0.00013396695467235987,"3d_planar_arm_line_n3/delta/n_gt":1024,"3d_spiral/delta/gt_to_learned_mean":0.03470544517040253,"3d_spatial_arm_circle_n3/delta/proj_steps":29.723388671875,"3d_torus_surface/delta/pred_FPrate":0.007858048162230671,"3d_spatial_arm_circle_n3/delta/eval_eps_used":0.010818482376635075,"3d_vz_2d_ellipse/delta/bidirectional_chamfer":0.2011653333902359,"3d_planar_arm_line_n3/delta/plot/3d_planar_arm_line_n3_delta_knn_normal":{"format":"png","width":900,"height":750,"_type":"image-file",