{"3d_torus_surface/eikonal/pred_precision":0.6388888888888888,"3d_torus_surface/eikonal/learned_to_gt_mean":0.10451485216617584,"sweep/avg/proj_true_dist":0.11442969770481189,"3d_saddle_surface/eikonal/pred_precision":1,"3d_vz_2d_ellipse/eikonal/pred_manifold_dist":0.011851651594042778,"3d_torus_surface/eikonal/pred_recall":0.152317880794702,"3d_torus_surface/eikonal/learned_to_gt_p95":0.20283879339694977,"sweep/avg/learned_to_gt_mean":0.06640897908558448,"3d_vz_2d_ellipse/eikonal/gt_to_learned_mean":0.0121614970266819,"3d_vz_2d_ellipse/eikonal/n_gt":1024,"3d_spatial_arm_circle_n3/eikonal/plot/3d_spatial_arm_circle_n3_on_eikonal_zero_surfaces_3d":{"width":3240,"height":1080,"_type":"image-file","sha256":"1524a463247ef3c63d7ec293ca047ec0b559a444a7da905ec37956dbb09c76d0","size":1512933,"path":"media/images/3d_spatial_arm_circle_n3/eikonal/plot/3d_spatial_arm_circle_n3_on_eikonal_zero_surfaces_3d_11_1524a463247ef3c63d7e.png","format":"png"},"3d_spiral/eikonal/pred_precision":1,"3d_spiral/eikonal/n_gt":1024,"sweep/avg/gt_to_learned_mean":0.020328039924303692,"3d_torus_surface/eikonal/gt_to_learned_mean":0.05927066132426262,"sweep/std/n_gt":0,"3d_spiral/eikonal/proj_true_dist":0.07459644973278046,"3d_vz_2d_ellipse/eikonal/learned_to_gt_mean":0.011608486995100975,"3d_planar_arm_line_n3/eikonal/learned_to_gt_mean":0.08255276083946228,"sweep/avg/bidirectional_chamfer":0.0867370202516516,"3d_spiral/eikonal/eps_stop":0.01298064086586237,"sweep/std/n_learned":0,"3d_spatial_arm_circle_n3/eikonal/proj_true_dist":0.055417560040950775,"3d_torus_surface/eikonal/n_learned":4096,"sweep/std/proj_true_dist":0.11813779984944989,"3d_vz_2d_ellipse/eikonal/learned_to_gt_p95":0.03270518034696579,"3d_spatial_arm_circle_n3/eikonal/learned_to_gt_p95":0.01384048257023096,"3d_vz_2d_ellipse/eikonal/proj_steps":19,"3d_spatial_arm_circle_n3/eikonal/pred_FPrate":0,"3d_spatial_arm_circle_n3/eikonal/n_learned":4096,"sweep/avg/learned_to_gt_p95":0.279945432053258,"sweep/std/eps_stop":0.014179477672897005,"sweep/n_cases":6,"sweep/std/bidirectional_chamfer":0.06143700382317572,"3d_saddle_surface/eikonal/pred_manifold_dist":0.02583237551152706,"3d_spiral/eikonal/n_learned":4096,"3d_spiral/eikonal/pred_manifold_dist":0.009108598344027996,"3d_torus_surface/eikonal/eval_eps_used":0.0055335042998194695,"3d_saddle_surface/eikonal/proj_true_dist":0.10881663113832474,"3d_planar_arm_line_n3/eikonal/eval_eps_used":0.04399460554122925,"3d_spiral/eikonal/gt_to_learned_mean":0.010395731776952744,"sweep/std/eval_eps_used":0.014179477672897005,"3d_spatial_arm_circle_n3/eikonal/proj_v_residual":0.0007486937684006989,"3d_spatial_arm_circle_n3/eikonal/eps_stop":0.007781432941555977,"3d_spiral/eikonal/pred_recall":0.2222222222222222,"3d_torus_surface/eikonal/pred_FPrate":0.0032953105196451204,"3d_spiral/eikonal/learned_to_gt_mean":0.055924881249666214,"3d_saddle_surface/eikonal/proj_steps":19.084228515625,"3d_saddle_surface/loaded_layers_count":3,"3d_vz_2d_ellipse/loaded_layers_count":3,"sweep/std/proj_manifold_dist":0.0368177704481226,"3d_saddle_surface/eikonal/learned_to_gt_p95":0.6275279521942139,"3d_spatial_arm_circle_n3/eikonal/pred_manifold_dist":NaN,"3d_torus_surface/eikonal/bidirectional_chamfer":0.16378551721572876,"3d_spiral/eikonal/pred_FPrate":0,"3d_saddle_surface/eikonal/gt_to_learned_mean":0.030233990401029587,"3d_spiral/eikonal/eval_eps_used":0.01298064086586237,"3d_torus_surface/loaded_layers_count":3,"3d_spatial_arm_circle_n3/eikonal/proj_steps":19,"3d_spatial_arm_circle_n3/eikonal/pred_recall":0,"3d_spatial_arm_circle_n3/eikonal/eval_eps_used":0.007781432941555977,"sweep/avg/n_learned":4096,"3d_spatial_arm_circle_n3/eikonal/learned_to_gt_mean":0.006989661604166031,"3d_planar_arm_line_n3/eikonal/gt_to_learned_p95":0.015154466032981873,"3d_vz_2d_ellipse/eikonal/plot/3d_vz_2d_ellipse_on_eikonal_planner_paths_3d":{"sha256":"a534cb01abb2349c7ef70ed908371aa371b6fe81486fc2e359717c340d4bb291","size":296787,"path":"media/images/3d_vz_2d_ellipse/eikonal/plot/3d_vz_2d_ellipse_on_eikonal_planner_paths_3d_22_a534cb01abb2349c7ef7.png","format":"png","width":1428,"height":1156,"_type":"image-file"},"3d_saddle_surface/eikonal/proj_v_residual":0.00035310472594574094,"3d_saddle_surface/eikonal/plot/3d_saddle_surface_on_eikonal_zero_surfaces_3d":{"height":1080,"_type":"image-file","sha256":"48f48000530c7b2857306dcc3583bc399f259c222bc1782733bbe510e01708e0","size":584146,"path":"media/images/3d_saddle_surface/eikonal/plot/3d_saddle_surface_on_eikonal_zero_surfaces_3d_7_48f48000530c7b285730.png","format":"png","width":1260},"3d_vz_2d_ellipse/eikonal/proj_manifold_dist":0.009724833071231842,"3d_saddle_surface/eikonal/gt_to_learned_p95":0.06058146432042122,"3d_spatial_arm_circle_n3/eikonal/pred_on_mean_v":1.147447619587183e-05,"3d_spiral/eikonal/learned_to_gt_p95":0.42456167936325073,"3d_spiral/eikonal/plot/3d_spiral_on_eikonal_planner_paths_3d":{"width":1428,"height":1156,"_type":"image-file","sha256":"01c8f0a8004e0e9d7d77bf1465f0db156292e7ae09b881c85fb97cc0d1cb3d7b","size":307007,"path":"media/images/3d_spiral/eikonal/plot/3d_spiral_on_eikonal_planner_paths_3d_14_01c8f0a8004e0e9d7d77.png","format":"png"},"3d_torus_surface/eikonal/pred_on_mean_v":5.295410119288135e-06,"3d_spiral/eikonal/bidirectional_chamfer":0.06632061302661896,"sweep/avg/eval_eps_used":0.013315497955773026,"_runtime":152.817166357,"3d_vz_2d_ellipse/eikonal/proj_true_dist":0.01622353307902813,"3d_saddle_surface/eikonal/proj_manifold_dist":0.10852465033531189,"sweep/avg/n_gt":1024,"sweep/avg/proj_v_residual":0.006598736140100907,"3d_vz_2d_ellipse/eikonal/plot/3d_vz_2d_ellipse_on_eikonal_zero_surfaces_3d":{"height":1080,"_type":"image-file","sha256":"c9cd2b0e4cfcae5312996a1e838ba2b014779c03984c52ad9a30137b759a705d","size":1657059,"path":"media/images/3d_vz_2d_ellipse/eikonal/plot/3d_vz_2d_ellipse_on_eikonal_zero_surfaces_3d_23_c9cd2b0e4cfcae531299.png","format":"png","width":3240},"sweep/avg/pred_FPrate":0.0056559965072203325,"3d_planar_arm_line_n3/eikonal/proj_v_residual":0.03662322834134102,"_timestamp":1.7726124593328962e+09,"3d_planar_arm_line_n3/eikonal/proj_true_dist":0.37141817808151245,"3d_planar_arm_line_n3/eikonal/eps_stop":0.04399460554122925,"sweep/std/gt_to_learned_p95":0.03935137702933038,"3d_spatial_arm_circle_n3/eikonal/proj_manifold_dist":0.004973900504410267,"3d_planar_arm_line_n3/eikonal/pred_on_mean_v":0.00039148327778093517,"3d_planar_arm_line_n3/eikonal/bidirectional_chamfer":0.08929238468408585,"3d_saddle_surface/eikonal/pred_on_mean_v":1.8551511971054424e-07,"3d_vz_2d_ellipse/eikonal/eps_stop":0.008600138127803802,"sweep/std/pred_FPrate":0.011238088954240954,"3d_spatial_arm_circle_n3/eikonal/plot/3d_spatial_arm_circle_n3_on_eikonal_planning_demo":{"_type":"image-file","sha256":"93705195521ed21415d63ec587fe1d67b6fafa26d2245ca9a26bf2aa6d4043de","size":776254,"path":"media/images/3d_spatial_arm_circle_n3/eikonal/plot/3d_spatial_arm_circle_n3_on_eikonal_planning_demo_10_93705195521ed21415d6.png","format":"png","width":1785,"height":2040},"3d_torus_surface/eikonal/proj_steps":19,"sweep/avg/eps_stop":0.013315497955773026,"sweep/std/proj_v_residual":0.013427915097747965,"3d_vz_2d_ellipse/eikonal/n_learned":4096,"3d_spatial_arm_circle_n3/eikonal/bidirectional_chamfer":0.01015639677643776,"sweep/n_seeds":1,"3d_torus_surface/eikonal/proj_v_residual":0.0006447129417210817,"sweep/avg/gt_to_learned_p95":0.04216981283389032,"3d_spiral/eikonal/gt_to_learned_p95":0.015884123742580414,"3d_planar_arm_line_n3/eikonal/plot/3d_planar_arm_line_n3_on_eikonal_planning_demo":{"_type":"image-file","sha256":"be9adcbe908c7cf15db49b3656e1b9ade71568a9cf3849b3bdbdba37a7ee2b9b","size":565678,"path":"media/images/3d_planar_arm_line_n3/eikonal/plot/3d_planar_arm_line_n3_on_eikonal_planning_demo_2_be9adcbe908c7cf15db4.png","format":"png","width":1785,"height":2040},"3d_spatial_arm_circle_n3/eikonal/n_gt":1024,"3d_planar_arm_line_n3/eikonal/pred_recall":0.7006802721088435,"3d_vz_2d_ellipse/eikonal/pred_precision":1,