{"2d_planar_arm_line_n2/eikonal/plot/2d_planar_arm_line_n2_on_eikonal_planning_demo":{"path":"media/images/2d_planar_arm_line_n2/eikonal/plot/2d_planar_arm_line_n2_on_eikonal_planning_demo_15_d17fe2f484b69d7e2438.png","format":"png","width":1785,"height":2040,"_type":"image-file","sha256":"d17fe2f484b69d7e243802f2389088b805d854f4d7c8b030175202c0bad90d28","size":255622},"2d_ellipse/eikonal/eval_eps_used":0.18083490431308746,"2d_planar_arm_line_n2/eikonal/proj_manifold_dist":0.04715888574719429,"2d_planar_arm_line_n2/eikonal/pred_recall":0.5182481751824818,"2d_figure_eight/eikonal/learned_to_gt_p95":0.3627256453037262,"2d_sparse_sine/eikonal/gt_to_learned_mean":0.03371724113821983,"2d_ellipse/eikonal/pred_manifold_dist":0.16866612434387207,"2d_looped_spiro/eikonal/eps_stop":0.07638338208198547,"sweep/avg/pred_manifold_dist":0.08845181514819463,"2d_figure_eight/eikonal/pred_recall":0.8877887788778878,"sweep/avg/eps_stop":0.12207263832290967,"2d_sparse_sine/eikonal/proj_v_residual":0.000770219718106091,"2d_sparse_sine/eikonal/n_learned":4096,"sweep/n_cases":6,"2d_sparse_sine/eikonal/proj_true_dist":0.07487060129642487,"2d_ellipse/eikonal/proj_steps":19.140380859375,"2d_looped_spiro/eikonal/learned_to_gt_mean":0.054884038865566254,"sweep/std/n_gt":0,"2d_figure_eight/eikonal/learned_to_gt_mean":0.13483449816703796,"2d_sparse_sine/eikonal/pred_on_mean_v":0.0002110886125592515,"2d_sparse_sine/eikonal/learned_to_gt_mean":0.03225740045309067,"sweep/avg/learned_to_gt_mean":0.07240230900545915,"2d_figure_eight/eikonal/gt_to_learned_p95":0.22595089673995972,"sweep/std/pred_recall":0.19461882290651245,"sweep/avg/pred_on_mean_v":0.003567961512696153,"2d_square/eikonal/pred_FPrate":0.11687286127928402,"2d_planar_arm_line_n2/eikonal/n_learned":4096,"sweep/std/eps_stop":0.10364903785910373,"2d_ellipse/eikonal/proj_manifold_dist":0.13081008195877075,"2d_sparse_sine/eikonal/plot/2d_sparse_sine_on_eikonal_contour_traj":{"format":"png","width":1280,"height":960,"_type":"image-file","sha256":"48b0b1194c76fc614b5783322b0f708320c8d45dc756dea81755a9f00bd8c9af","size":681519,"path":"media/images/2d_sparse_sine/eikonal/plot/2d_sparse_sine_on_eikonal_contour_traj_19_48b0b1194c76fc614b57.png"},"2d_planar_arm_line_n2/eikonal/eval_eps_used":0.03917073830962181,"sweep/avg/eval_eps_used":0.12207263832290967,"2d_looped_spiro/eikonal/pred_manifold_dist":0.06062532216310501,"2d_ellipse/eikonal/pred_FPrate":0.27287066246056785,"2d_figure_eight/eikonal/gt_to_learned_mean":0.09456411004066467,"sweep/n_datasets":6,"2d_sparse_sine/eikonal/bidirectional_chamfer":0.0659746378660202,"2d_ellipse/eikonal/plot/2d_ellipse_on_eikonal_contour_traj":{"sha256":"4871436c9511a9ce5185ef8a206a82490b85f74bc4dbc83a4048197cab7b7478","size":753347,"path":"media/images/2d_ellipse/eikonal/plot/2d_ellipse_on_eikonal_contour_traj_2_4871436c9511a9ce5185.png","format":"png","width":1280,"height":960,"_type":"image-file"},"2d_sparse_sine/eikonal/proj_manifold_dist":0.031070604920387268,"2d_looped_spiro/eikonal/pred_recall":0.7993630573248408,"sweep/std/bidirectional_chamfer":0.07157537555215726,"2d_looped_spiro/eikonal/proj_steps":19.009521484375,"2d_square/eikonal/pred_manifold_dist":0.0466410331428051,"2d_planar_arm_line_n2/eikonal/proj_true_dist":0.3579046130180359,"sweep/std/proj_true_dist":0.10135831732203103,"2d_square/eikonal/proj_manifold_dist":0.032929182052612305,"2d_planar_arm_line_n2/eikonal/gt_to_learned_p95":0.031285129487514496,"sweep/avg/n_gt":1024,"2d_looped_spiro/eikonal/proj_true_dist":0.1335260272026062,"sweep/std/gt_to_learned_p95":0.09933723162613821,"2d_looped_spiro/eikonal/plot/2d_looped_spiro_on_eikonal_planner_paths":{"height":900,"_type":"image-file","sha256":"2bef320431230f84712f07b76b0490d315e54c792ea2bf248e9f590637c45087","size":535056,"path":"media/images/2d_looped_spiro/eikonal/plot/2d_looped_spiro_on_eikonal_planner_paths_11_2bef320431230f84712f.png","format":"png","width":1200},"2d_figure_eight/eikonal/proj_true_dist":0.24137333035469055,"2d_looped_spiro/eikonal/gt_to_learned_mean":0.04986733943223953,"2d_square/eikonal/pred_recall":0.9090909090909091,"2d_planar_arm_line_n2/eikonal/proj_steps":19.0693359375,"sweep/avg/gt_to_learned_mean":0.05156396872674426,"2d_planar_arm_line_n2/eikonal/learned_to_gt_mean":0.04758044704794884,"sweep/avg/proj_true_dist":0.1757174159089724,"sweep/std/pred_manifold_dist":0.061125854999215065,"_step":27,"2d_square/loaded_layers_count":4,"2d_square/eikonal/bidirectional_chamfer":0.06667586416006088,"2d_square/eikonal/n_learned":4096,"2d_square/eikonal/learned_to_gt_mean":0.03350474685430527,"sweep/avg/proj_steps":19.043538411458332,"2d_ellipse/eikonal/gt_to_learned_p95":0.3192819356918335,"2d_square/eikonal/learned_to_gt_p95":0.0857558324933052,"2d_square/eikonal/pred_precision":0.37815126050420167,"2d_square/eikonal/n_gt":1024,"2d_ellipse/eikonal/learned_to_gt_p95":0.5802656412124634,"2d_planar_arm_line_n2/eikonal/plot/2d_planar_arm_line_n2_on_eikonal_contour_traj":{"sha256":"7f4ee30a93aac28420de2de3b549b9bd3b9fbbc1b3f26e1b0edd310cc501f683","size":877636,"path":"media/images/2d_planar_arm_line_n2/eikonal/plot/2d_planar_arm_line_n2_on_eikonal_contour_traj_14_7f4ee30a93aac28420de.png","format":"png","width":1280,"height":960,"_type":"image-file"},"sweep/avg/pred_recall":0.7271468885725039,"2d_ellipse/eikonal/pred_precision":0.19221789883268484,"2d_ellipse/eikonal/n_gt":1024,"sweep/std/learned_to_gt_mean":0.043628312969657114,"2d_ellipse/eikonal/bidirectional_chamfer":0.2165544033050537,"2d_figure_eight/eikonal/pred_manifold_dist":0.17949765920639038,"_wandb":{"runtime":61},"sweep/std/pred_on_mean_v":0.0049836263101336875,"2d_looped_spiro/eikonal/proj_v_residual":0.003865954000502825,"2d_sparse_sine/eikonal/plot/2d_sparse_sine_on_eikonal_planner_paths":{"path":"media/images/2d_sparse_sine/eikonal/plot/2d_sparse_sine_on_eikonal_planner_paths_20_c29264f32447b504edfe.png","format":"png","width":1200,"height":900,"_type":"image-file","sha256":"c29264f32447b504edfece541761bac0bc8c886067e65ecda86a4a50c0fa83a9","size":435306},"2d_looped_spiro/eikonal/pred_precision":0.45886654478976235,"sweep/std/learned_to_gt_p95":0.18387984626853898,"2d_planar_arm_line_n2/loaded_layers_count":4,"2d_planar_arm_line_n2/eikonal/pred_precision":0.46405228758169936,"sweep/avg/proj_v_residual":0.009228101989720017,"_timestamp":1.7726127562336826e+09,"2d_figure_eight/eikonal/pred_precision":0.08883751651254954,"_runtime":61.247353785,"2d_looped_spiro/eikonal/proj_manifold_dist":0.05431102216243744,"2d_figure_eight/eikonal/eval_eps_used":0.32668548822402954,"2d_figure_eight/eikonal/proj_steps":19.0419921875,"2d_figure_eight/eikonal/proj_v_residual":0.024286042898893356,"sweep/std/proj_manifold_dist":0.043782543038503374,"2d_planar_arm_line_n2/eikonal/pred_on_mean_v":0.0004634158394765109,"sweep/std/proj_steps":0.049991167135997085,"2d_figure_eight/eikonal/plot/2d_figure_eight_on_eikonal_planner_paths":{"height":900,"_type":"image-file","sha256":"dcdc742a63f7bebea2447fa48fbd9dc7cbfe9c0c50e2ce7faed2f9cdefcc99f4","size":267087,"path":"media/images/2d_figure_eight/eikonal/plot/2d_figure_eight_on_eikonal_planner_paths_7_dcdc742a63f7bebea244.png","format":"png","width":1200},"2d_figure_eight/eikonal/eps_stop":0.32668548822402954,"2d_ellipse/eikonal/plot/2d_ellipse_on_eikonal_planner_paths":{"format":"png","width":1200,"height":900,"_type":"image-file","sha256":"4a975d75327d813a62d904ebc7d996c3638ca6ff814356083aead91a9087d27a","size":477860,"path":"media/images/2d_ellipse/eikonal/plot/2d_ellipse_on_eikonal_planner_paths_3_4a975d75327d813a62d9.png"},"2d_ellipse/eikonal/learned_to_gt_mean":0.1313527226448059,"sweep/std/proj_v_residual":0.008245444955744655,"2d_planar_arm_line_n2/eikonal/gt_to_learned_mean":0.012862331233918667,"2d_square/eikonal/eps_stop":0.07808712124824524,"2d_sparse_sine/eikonal/gt_to_learned_p95":0.08095654100179672,"sweep/avg/learned_to_gt_p95":0.23023878037929535,"2d_square/eikonal/eval_eps_used":0.07808712124824524,