{
  "pred_on_mean_v": 1.6293918747578573e-07,
  "proj_manifold_dist": 0.2296898365020752,
  "proj_v_residual": 0.0015280288644134998,
  "proj_true_dist": 0.2786009907722473,
  "proj_steps": 53.55908203125,
  "pred_recall": 0.880615234375,
  "pred_FPrate": 0.0,
  "pred_precision": 0.060546875,
  "eval_eps_used": 0.0008285230142064393,
  "dist_space": "workspace",
  "bidirectional_chamfer": 0.25025734305381775,
  "gt_to_learned_mean": 0.020371247082948685,
  "learned_to_gt_mean": 0.22988609969615936,
  "gt_to_learned_p95": 0.038502249866724014,
  "learned_to_gt_p95": 0.4995806813240051,
  "n_gt": 1024,
  "n_learned": 4096,
  "eps_stop": 0.0008285230142064393,
  "train_seconds": 22.535174913005903
}