{
  "pred_on_mean_v": 7.69440612202743e-06,
  "proj_manifold_dist": 0.3906520903110504,
  "proj_v_residual": 0.002526962198317051,
  "proj_true_dist": 0.3913942873477936,
  "proj_steps": 21.857177734375,
  "pred_recall": 0.608154296875,
  "pred_FPrate": 0.011067388096409248,
  "pred_precision": 0.054931640625,
  "eval_eps_used": 0.006137165706604719,
  "dist_space": "data_space",
  "bidirectional_chamfer": 0.42067551612854004,
  "gt_to_learned_mean": 0.029876146465539932,
  "learned_to_gt_mean": 0.3907993733882904,
  "gt_to_learned_p95": 0.06065773218870163,
  "learned_to_gt_p95": 1.0125646591186523,
  "n_gt": 1024,
  "n_learned": 4096,
  "eps_stop": 0.006137165706604719,
  "train_seconds": 6.42790085892193
}