{
  "method": "vae",
  "datasets": [
    "3d_planar_arm_line_n3",
    "3d_spatial_arm_circle_n3",
    "3d_spiral",
    "3d_twosphere",
    "3d_torus_surface",
    "3d_vz_2d_ellipse"
  ],
  "seed": 173,
  "avg_metrics": {
    "bidirectional_chamfer": 0.20676489174365997,
    "eps_stop": 0.19325170665979385,
    "eval_eps_used": 0.19325170665979385,
    "gt_to_learned_mean": 0.0637232994971176,
    "gt_to_learned_p95": 0.1794855909732481,
    "learned_to_gt_mean": 0.14304159643749395,
    "learned_to_gt_p95": 0.5134868578364452,
    "n_gt": 1024.0,
    "n_learned": 4096.0,
    "pred_FPrate": 0.11000908822429717,
    "pred_manifold_dist": 0.12028212224443753,
    "pred_on_mean_v": 0.009811925003305078,
    "pred_precision": 0.15173546768890253,
    "pred_recall": 0.7751675282127032,
    "proj_manifold_dist": 0.13213094944755235,
    "proj_steps": 1.0,
    "proj_true_dist": 0.6274281442165375,
    "proj_v_residual": 0.16183815648158392
  },
  "std_metrics": {
    "bidirectional_chamfer": 0.1631164302891656,
    "eps_stop": 0.07417091112214709,
    "eval_eps_used": 0.07417091112214709,
    "gt_to_learned_mean": 0.059864646152071155,
    "gt_to_learned_p95": 0.18295391799765456,
    "learned_to_gt_mean": 0.11610242369139295,
    "learned_to_gt_p95": 0.46618072775348945,
    "n_gt": 0.0,
    "n_learned": 0.0,
    "pred_FPrate": 0.0734197967833251,
    "pred_manifold_dist": 0.052645537751731024,
    "pred_on_mean_v": 0.006709921641383374,
    "pred_precision": 0.11481812393454634,
    "pred_recall": 0.07646269206649058,
    "proj_manifold_dist": 0.11189203762508432,
    "proj_steps": 0.0,
    "proj_true_dist": 0.22113929371175392,
    "proj_v_residual": 0.08878986291816694
  },
  "results": [
    {
      "method": "vae",
      "dataset": "3d_planar_arm_line_n3",
      "metrics": {
        "pred_on_mean_v": 0.021219011396169662,
        "proj_manifold_dist": 0.22057877480983734,
        "proj_v_residual": 0.3143683671951294,
        "proj_true_dist": 0.546919584274292,
        "proj_steps": 1.0,
        "pred_recall": 0.7346938775510204,
        "pred_FPrate": 0.15522917194226388,
        "pred_manifold_dist": 0.16139869391918182,
        "pred_precision": 0.14979195561719832,
        "eval_eps_used": 0.303447425365448,
        "bidirectional_chamfer": 0.23118719458580017,
        "gt_to_learned_mean": 0.010373566299676895,
        "learned_to_gt_mean": 0.22081363201141357,
        "gt_to_learned_p95": 0.02144162729382515,
        "learned_to_gt_p95": 0.9258539080619812,
        "n_gt": 1024.0,
        "n_learned": 4096.0,
        "eps_stop": 0.303447425365448
      },
      "eval_path": "/home/baiyu/PycharmProjects/equality_manofld/outputs_unified/sweeps/vae_all_3d/vae/3d_planar_arm_line_n3_vae_eval.json",
      "ckpt_path": "/home/baiyu/PycharmProjects/equality_manofld/outputs_unified/sweeps/vae_all_3d/vae/3d_planar_arm_line_n3_vae_model.pt",
      "config": {
        "seed": 173,
        "device": "cuda",
        "n_train": 512,
        "n_grid": 4096,
        "latent_dim": -1,
        "hidden_dims": [
          128,
          128,
          128
        ],
        "epochs": 800,
        "batch_size": 128,
        "lr": 0.001,
        "weight_decay": 0.0,
        "beta_final": 0.01,
        "warmup_epochs": 500,
        "ur5_backend": "auto",
        "viz_enable": true,
        "viz_sample_latent_n": 150,
        "viz_max_eval_points": 2000,
        "projector": {
          "alpha": 0.3,
          "steps": 80,
          "min_steps": 20
        },
        "planner": {
          "method": "trajectory_opt",
          "opt_steps": 1240,
          "opt_lr": 0.01,
          "opt_lam_smooth": 0.2,
          "lam_manifold": 1.0,
          "lam_len_joint": 0.4,
          "trust_scale": 0.8,
          "pair_min_ratio": 0.15,
          "pair_max_ratio": 0.35,
          "pair_tries": 1200,
          "init_mode": "joint_spline",
          "joint_mid_noise": 0.0,
          "anim_fps": 6,
          "anim_stride": 1,
          "save_gif": false,
          "pybullet_render": false,
          "pybullet_real_time_dt": 0.06
        }
      },
      "loaded_config_paths": [
        "/home/baiyu/PycharmProjects/equality_manofld/configs/base.json",
        "/home/baiyu/PycharmProjects/equality_manofld/configs/methods/vae.json",
        "/home/baiyu/PycharmProjects/equality_manofld/configs/datasets/3d_planar_arm_line_n3.json"
      ],
      "seed": 173
    },
    {
      "method": "vae",
      "dataset": "3d_spatial_arm_circle_n3",
      "metrics": {
        "pred_on_mean_v": 0.009821002371609211,
        "proj_manifold_dist": 0.030938636511564255,
        "proj_v_residual": 0.11042514443397522,
        "proj_true_dist": 0.6957237720489502,
        "proj_steps": 1.0,
        "pred_recall": 0.9090909090909091,
        "pred_FPrate": 0.06438188494492043,
        "pred_manifold_dist": 0.12876103818416595,
        "pred_precision": 0.03663003663003663,
        "eval_eps_used": 0.1963401585817337,
        "bidirectional_chamfer": 0.040018707513809204,
        "gt_to_learned_mean": 0.008061311207711697,
        "learned_to_gt_mean": 0.03195739537477493,
        "gt_to_learned_p95": 0.015328588895499706,
        "learned_to_gt_p95": 0.04068653658032417,
        "n_gt": 1024.0,
        "n_learned": 4096.0,
        "eps_stop": 0.1963401585817337
      },
      "eval_path": "/home/baiyu/PycharmProjects/equality_manofld/outputs_unified/sweeps/vae_all_3d/vae/3d_spatial_arm_circle_n3_vae_eval.json",
      "ckpt_path": "/home/baiyu/PycharmProjects/equality_manofld/outputs_unified/sweeps/vae_all_3d/vae/3d_spatial_arm_circle_n3_vae_model.pt",
      "config": {
        "seed": 173,
        "device": "cuda",
        "n_train": 512,
        "n_grid": 4096,
        "latent_dim": -1,
        "hidden_dims": [
          128,
          128,
          128
        ],
        "epochs": 800,
        "batch_size": 128,
        "lr": 0.001,
        "weight_decay": 0.0,
        "beta_final": 0.01,
        "warmup_epochs": 500,
        "ur5_backend": "auto",
        "viz_enable": true,
        "viz_sample_latent_n": 150,
        "viz_max_eval_points": 2000,
        "projector": {
          "alpha": 0.3,
          "steps": 80,
          "min_steps": 20
        },
        "planner": {
          "method": "trajectory_opt",
          "opt_steps": 1240,
          "opt_lr": 0.01,
          "opt_lam_smooth": 0.2,
          "lam_manifold": 1.0,
          "lam_len_joint": 0.4,
          "trust_scale": 0.8,
          "pair_min_ratio": 0.15,
          "pair_max_ratio": 0.35,
          "pair_tries": 1200,
          "init_mode": "joint_spline",
          "joint_mid_noise": 0.0,
          "anim_fps": 6,
          "anim_stride": 1,
          "save_gif": false,
          "pybullet_render": false,
          "pybullet_real_time_dt": 0.06
        }
      },
      "loaded_config_paths": [
        "/home/baiyu/PycharmProjects/equality_manofld/configs/base.json",
        "/home/baiyu/PycharmProjects/equality_manofld/configs/methods/vae.json",
        "/home/baiyu/PycharmProjects/equality_manofld/configs/datasets/3d_spatial_arm_circle_n3.json"
      ],
      "seed": 173
    },
    {
      "method": "vae",
      "dataset": "3d_spiral",
      "metrics": {
        "pred_on_mean_v": 0.0018652197904884815,
        "proj_manifold_dist": 0.028649065643548965,
        "proj_v_residual": 0.0717330127954483,
        "proj_true_dist": 1.0354599952697754,
        "proj_steps": 1.0,
        "pred_recall": 0.7777777777777778,
        "pred_FPrate": 0.005394801373222168,
        "pred_manifold_dist": 0.04636962711811066,
        "pred_precision": 0.3888888888888889,
        "eval_eps_used": 0.09583543241024017,
        "bidirectional_chamfer": 0.05076448619365692,
        "gt_to_learned_mean": 0.02013232186436653,
        "learned_to_gt_mean": 0.03063216432929039,
        "gt_to_learned_p95": 0.03619517758488655,
        "learned_to_gt_p95": 0.042060330510139465,
        "n_gt": 1024.0,
        "n_learned": 4096.0,