dataset,method,n,mean,median,std,min,max
2d_planar_arm_line_n2,eikonal,5,0.08191793486475944,0.037104956805706024,0.08977149419661498,0.034159086644649506,0.2614215016365051
