{
  "pred_on_mean_v": 4.41479314758908e-05,
  "proj_manifold_dist": 0.15594342350959778,
  "proj_v_residual": 0.0014087940799072385,
  "proj_true_dist": 0.17764747142791748,
  "proj_steps": 19.000244140625,
  "pred_recall": 0.58349609375,
  "pred_FPrate": 0.018395503321410323,
  "pred_precision": 0.409912109375,
  "eval_eps_used": 0.014726714231073856,
  "dist_space": "data_space",
  "bidirectional_chamfer": 0.28001734614372253,
  "gt_to_learned_mean": 0.08630084991455078,
  "learned_to_gt_mean": 0.19371649622917175,
  "gt_to_learned_p95": 0.2220214158296585,
  "learned_to_gt_p95": 0.8532638549804688,
  "n_gt": 1024,
  "n_learned": 4096,
  "eps_stop": 0.014726714231073856,
  "train_seconds": 15.691572223004187
}