{
  "pred_on_mean_v": 0.0001312038948526606,
  "proj_manifold_dist": 0.022327600046992302,
  "proj_v_residual": 0.025663964450359344,
  "proj_true_dist": 0.29133114218711853,
  "proj_steps": 19.0,
  "pred_recall": 0.8873031496062992,
  "pred_FPrate": 0.0002449179524859172,
  "pred_precision": 0.934326171875,
  "eval_eps_used": 0.024800898507237434,
  "dist_space": "workspace",
  "bidirectional_chamfer": 0.03008756972849369,
  "gt_to_learned_mean": 0.007759969215840101,
  "learned_to_gt_mean": 0.022327600046992302,
  "gt_to_learned_p95": 0.0183187834918499,
  "learned_to_gt_p95": 0.06281164288520813,
  "n_gt": 8128,
  "n_learned": 4096,
  "eps_stop": 0.024800898507237434,
  "train_seconds": 20.334029049961828
}