{
  "pred_on_mean_v": 1.6894840882741846e-05,
  "proj_manifold_dist": 0.10121964663267136,
  "proj_v_residual": 0.0024301139637827873,
  "proj_true_dist": 0.3753024637699127,
  "proj_steps": 29.0,
  "pred_recall": 0.8626968503937008,
  "pred_FPrate": 0.0,
  "pred_precision": 0.659912109375,
  "eval_eps_used": 0.008565849624574184,
  "dist_space": "workspace",
  "bidirectional_chamfer": 0.2748402953147888,
  "gt_to_learned_mean": 0.04805600270628929,
  "learned_to_gt_mean": 0.22678428888320923,
  "gt_to_learned_p95": 0.09403757005929947,
  "learned_to_gt_p95": 0.9111357927322388,
  "n_gt": 8128,
  "n_learned": 4096,
  "eps_stop": 0.008565849624574184,
  "train_seconds": 245.08671383699402
}