{
  "pred_on_mean_v": 0.00018541616736911237,
  "proj_manifold_dist": 0.0784696415066719,
  "proj_v_residual": 0.00055701844394207,
  "proj_true_dist": 0.11725416034460068,
  "proj_steps": 49.0,
  "pred_recall": 0.7998046875,
  "pred_FPrate": 0.02358490566037736,
  "pred_precision": 0.75537109375,
  "eval_eps_used": 0.030573280528187752,
  "dist_space": "data_space",
  "bidirectional_chamfer": 0.10084719210863113,
  "gt_to_learned_mean": 0.02136693149805069,
  "learned_to_gt_mean": 0.07948026061058044,
  "gt_to_learned_p95": 0.049373552203178406,
  "learned_to_gt_p95": 0.4248811900615692,
  "n_gt": 1024,
  "n_learned": 4096,
  "eps_stop": 0.030573280528187752,
  "train_seconds": 3.773240413000167
}