{
  "pred_on_mean_v": 7.624058343935758e-05,
  "proj_manifold_dist": 0.03304456174373627,
  "proj_v_residual": 0.014654804952442646,
  "proj_true_dist": 0.3573257327079773,
  "proj_steps": 49.0078125,
  "pred_recall": 0.874755859375,
  "pred_FPrate": 0.0022596033140848608,
  "pred_precision": 0.806396484375,
  "eval_eps_used": 0.01981254853308201,
  "dist_space": "workspace",
  "bidirectional_chamfer": 0.039780691266059875,
  "gt_to_learned_mean": 0.0060793678276240826,
  "learned_to_gt_mean": 0.033701322972774506,
  "gt_to_learned_p95": 0.017639990895986557,
  "learned_to_gt_p95": 0.22661492228507996,
  "n_gt": 1024,
  "n_learned": 4096,
  "eps_stop": 0.01981254853308201,
  "train_seconds": 3.89257643000019
}