{
  "pred_on_mean_v": 0.00018366758013144135,
  "proj_manifold_dist": 0.09093032032251358,
  "proj_v_residual": 0.014719376340508461,
  "proj_true_dist": 0.2009701430797577,
  "proj_steps": 57.581298828125,
  "pred_recall": 0.571044921875,
  "pred_FPrate": 0.008803301237964236,
  "pred_precision": 0.766845703125,
  "eval_eps_used": 0.030199812725186348,
  "dist_space": "data_space",
  "bidirectional_chamfer": 0.2707078456878662,
  "gt_to_learned_mean": 0.1782851368188858,
  "learned_to_gt_mean": 0.0924227237701416,
  "gt_to_learned_p95": 1.1950016021728516,
  "learned_to_gt_p95": 0.4266726076602936,
  "n_gt": 1024,
  "n_learned": 4096,
  "eps_stop": 0.030199812725186348,
  "train_seconds": 3.540993302998686
}