{
  "pred_on_mean_v": 0.00046078930608928204,
  "proj_manifold_dist": 0.22356708347797394,
  "proj_v_residual": 0.01594686135649681,
  "proj_true_dist": 0.9432994723320007,
  "proj_steps": 50.427978515625,
  "pred_recall": 0.7744140625,
  "pred_FPrate": 0.041835699797160245,
  "pred_precision": 0.373046875,
  "eval_eps_used": 0.04442458972334862,
  "dist_space": "workspace",
  "bidirectional_chamfer": 0.408109188079834,
  "gt_to_learned_mean": 0.11809934675693512,
  "learned_to_gt_mean": 0.29000985622406006,
  "gt_to_learned_p95": 0.2692372798919678,
  "learned_to_gt_p95": 0.958908200263977,
  "n_gt": 1024,
  "n_learned": 4096,
  "eps_stop": 0.04442458972334862,
  "train_seconds": 59.47417657000187
}