{
  "pred_on_mean_v": 0.00032322562765330076,
  "proj_manifold_dist": 0.09129466861486435,
  "proj_v_residual": 0.010705199092626572,
  "proj_true_dist": 0.30988603830337524,
  "proj_steps": 50.374267578125,
  "pred_recall": 0.89892578125,
  "pred_FPrate": 0.03471882640586797,
  "pred_precision": 0.129150390625,
  "eval_eps_used": 0.04267030581831932,
  "dist_space": "workspace",
  "bidirectional_chamfer": 0.1127033531665802,
  "gt_to_learned_mean": 0.021189704537391663,
  "learned_to_gt_mean": 0.09151364862918854,
  "gt_to_learned_p95": 0.051117248833179474,
  "learned_to_gt_p95": 0.2687414586544037,
  "n_gt": 1024,
  "n_learned": 4096,
  "eps_stop": 0.04267030581831932,
  "train_seconds": 7.432387931999983
}