{
  "pred_on_mean_v": 0.0008073232602328062,
  "proj_manifold_dist": 0.24168342351913452,
  "proj_v_residual": 0.007660957518965006,
  "proj_true_dist": 0.34043988585472107,
  "proj_steps": 49.095703125,
  "pred_recall": 0.453125,
  "pred_FPrate": 0.08800405782399189,
  "pred_precision": 0.25244140625,
  "eval_eps_used": 0.06613396108150482,
  "dist_space": "data_space",
  "bidirectional_chamfer": 0.5024667978286743,
  "gt_to_learned_mean": 0.22563421726226807,
  "learned_to_gt_mean": 0.27683258056640625,
  "gt_to_learned_p95": 0.7694478034973145,
  "learned_to_gt_p95": 1.0196328163146973,
  "n_gt": 1024,
  "n_learned": 4096,
  "eps_stop": 0.06613396108150482,
  "train_seconds": 7.303921473998344
}