{
  "pred_on_mean_v": 0.0004710085049737245,
  "proj_manifold_dist": 0.19550813734531403,
  "proj_v_residual": 0.00137186492793262,
  "proj_true_dist": 0.20397672057151794,
  "proj_steps": 49.010498046875,
  "pred_recall": 0.693115234375,
  "pred_FPrate": 0.06314496314496315,
  "pred_precision": 0.059326171875,
  "eval_eps_used": 0.046122871339321136,
  "dist_space": "data_space",
  "bidirectional_chamfer": 0.24198801815509796,
  "gt_to_learned_mean": 0.046283841133117676,
  "learned_to_gt_mean": 0.19570417702198029,
  "gt_to_learned_p95": 0.1277654767036438,
  "learned_to_gt_p95": 0.5484787225723267,
  "n_gt": 1024,
  "n_learned": 4096,
  "eps_stop": 0.046122871339321136,
  "train_seconds": 3.670651619999262
}