{
  "pred_on_mean_v": 0.00011983735748799518,
  "proj_manifold_dist": 0.09393920004367828,
  "proj_v_residual": 0.017428848892450333,
  "proj_true_dist": 0.38996195793151855,
  "proj_steps": 59.967529296875,
  "pred_recall": 0.577880859375,
  "pred_FPrate": 0.0007326007326007326,
  "pred_precision": 0.176025390625,
  "eval_eps_used": 0.023162251338362694,
  "dist_space": "workspace",
  "bidirectional_chamfer": 0.2963789701461792,
  "gt_to_learned_mean": 0.06628507375717163,
  "learned_to_gt_mean": 0.23009389638900757,
  "gt_to_learned_p95": 0.11556943506002426,
  "learned_to_gt_p95": 0.7767729163169861,
  "n_gt": 1024,
  "n_learned": 4096,
  "eps_stop": 0.023162251338362694,
  "train_seconds": 91.47420862999934
}