{
  "pred_on_mean_v": 0.005239592865109444,
  "proj_manifold_dist": 0.16996285319328308,
  "proj_v_residual": 0.032959047704935074,
  "proj_true_dist": 0.39340150356292725,
  "proj_steps": 4.3974609375,
  "pred_recall": 0.8858267716535433,
  "pred_FPrate": 0.007814407814407814,
  "pred_precision": 0.025146484375,
  "eval_eps_used": 0.13318227231502533,
  "dist_space": "workspace",
  "bidirectional_chamfer": 0.3943977355957031,
  "gt_to_learned_mean": 0.08749105036258698,
  "learned_to_gt_mean": 0.30690667033195496,
  "gt_to_learned_p95": 0.1250777393579483,
  "learned_to_gt_p95": 1.2234759330749512,
  "n_gt": 8128,
  "n_learned": 4096,
  "eps_stop": 0.13318227231502533,
  "train_seconds": 4596.193774026993
}