{
  "method": "delta",
  "datasets": [
    "3d_planar_arm_line_n3",
    "3d_spatial_arm_circle_n3",
    "3d_spiral",
    "3d_torus_surface",
    "3d_vz_2d_ellipse"
  ],
  "seed": 173,
  "avg_metrics": {
    "bidirectional_chamfer": 0.23119242936372758,
    "eps_stop": 0.037891458906233313,
    "eval_eps_used": 0.037891458906233313,
    "gt_to_learned_mean": 0.030971443653106688,
    "gt_to_learned_p95": 0.06162633635103702,
    "learned_to_gt_mean": 0.2002209782600403,
    "learned_to_gt_p95": 0.5137629747390747,
    "n_gt": 1024.0,
    "n_learned": 4096.0,
    "pred_FPrate": 0.04105599732304802,
    "pred_manifold_dist": 0.18889913633465766,
    "pred_on_mean_v": 0.00036985646293032917,
    "pred_precision": 0.22019709439892052,
    "pred_recall": 0.5571721540311889,
    "proj_manifold_dist": 0.1906932473182678,
    "proj_steps": 29.08857421875,
    "proj_true_dist": 0.26272720471024513,
    "proj_v_residual": 0.0061494396075431725
  },
  "std_metrics": {
    "bidirectional_chamfer": 0.10026157331843635,
    "eps_stop": 0.01999812382306332,
    "eval_eps_used": 0.01999812382306332,
    "gt_to_learned_mean": 0.016923962427563506,
    "gt_to_learned_p95": 0.034084821162067264,
    "learned_to_gt_mean": 0.09753887110498591,
    "learned_to_gt_p95": 0.2671324902891008,
    "n_gt": 0.0,
    "n_learned": 0.0,
    "pred_FPrate": 0.023059634186700314,
    "pred_manifold_dist": 0.11170849681398928,
    "pred_on_mean_v": 0.0003738745435529323,
    "pred_precision": 0.21366992616773253,
    "pred_recall": 0.2670963185894296,
    "proj_manifold_dist": 0.10772333841258054,
    "proj_steps": 0.134375,
    "proj_true_dist": 0.10546193887927419,
    "proj_v_residual": 0.011649415611309548
  },
  "results": [
    {
      "method": "delta",
      "dataset": "3d_planar_arm_line_n3",
      "metrics": {
        "pred_on_mean_v": 0.0010708923218771815,
        "proj_manifold_dist": 0.06542348116636276,
        "proj_v_residual": 0.0294415932148695,
        "proj_true_dist": 0.3651617169380188,
        "proj_steps": 29.3515625,
        "pred_recall": 0.7414965986394558,
        "pred_FPrate": 0.04026335781210433,
        "pred_manifold_dist": 0.06087764352560043,
        "pred_precision": 0.40671641791044777,
        "eval_eps_used": 0.06909208744764328,
        "bidirectional_chamfer": 0.07242738455533981,
        "gt_to_learned_mean": 0.006683597341179848,
        "learned_to_gt_mean": 0.06574378907680511,
        "gt_to_learned_p95": 0.01600361056625843,
        "learned_to_gt_p95": 0.19514873623847961,
        "n_gt": 1024.0,
        "n_learned": 4096.0,
        "eps_stop": 0.06909208744764328
      },
      "eval_path": "/home/baiyu/PycharmProjects/equality_manofld/outputs_unified/sweeps/delta_all_3d/delta/3d_planar_arm_line_n3_delta_eval.json",
      "ckpt_path": "/home/baiyu/PycharmProjects/equality_manofld/outputs_unified/sweeps/delta_all_3d/delta/3d_planar_arm_line_n3_delta_model.pt",
      "config": {
        "seed": 173,
        "device": "cuda",
        "n_train": 512,
        "n_grid": 4096,
        "knn_norm_estimation_ratio": 0.08,
        "knn_norm_estimation_min_points": 4,
        "sigmas": [
          0.7
        ],
        "off_sigma_mode": "list",
        "off_bank_size": 16,
        "off_bank_oversample": 6,
        "off_bank_chunk": 64,
        "off_bank_max_rounds": 6,
        "off_curriculum_enable": false,
        "off_curriculum_start_ratio": 0.2,
        "off_curriculum_power": 1.0,
        "off_curriculum_epochs": 0,
        "use_knn_filter": true,
        "knn_off_data_filter_ratio": 0.03,
        "knn_off_data_filter_min_points": 1,
        "hidden": 128,
        "depth": 3,
        "lr": 0.0003,
        "lr_decay_step": 0,
        "lr_decay_gamma": 1.0,
        "epochs": 2000,
        "train_log_every": 50,
        "batch_size": 128,
        "baseline_margin_target": 1.0,
        "lam_on": 1.0,
        "lam_off": 0.5,
        "loss_ema_alpha": 0.85,
        "eps": 1e-08,
        "projector": {
          "alpha": 0.3,
          "steps": 100,
          "min_steps": 30
        },
        "planner": {
          "method": "trajectory_opt",
          "steps": 64,
          "opt_steps": 1240,
          "opt_lr": 0.01,
          "opt_lam_smooth": 0.2,
          "lam_manifold": 1.0,
          "lam_len_joint": 0.4,
          "trust_scale": 0.8,
          "off_dist": 0.6,
          "pair_min_ratio": 0.15,
          "pair_max_ratio": 0.35,
          "pair_tries": 1200,
          "init_mode": "joint_spline",
          "joint_mid_noise": 0.0,
          "anim_fps": 6,
          "anim_stride": 1,
          "save_gif": false,
          "pybullet_render": false,
          "pybullet_real_time_dt": 0.06
        }
      },
      "loaded_config_paths": [
        "/home/baiyu/PycharmProjects/equality_manofld/configs/base.json",
        "/home/baiyu/PycharmProjects/equality_manofld/configs/methods/delta.json",
        "/home/baiyu/PycharmProjects/equality_manofld/configs/datasets/3d_planar_arm_line_n3.json",
        "/home/baiyu/PycharmProjects/equality_manofld/configs/method_dataset/delta_3d_planar_arm_line_n3.json"
      ],
      "seed": 173
    },
    {
      "method": "delta",
      "dataset": "3d_spatial_arm_circle_n3",
      "metrics": {
        "pred_on_mean_v": 6.727781874360517e-05,
        "proj_manifold_dist": 0.24013033509254456,
        "proj_v_residual": 0.0007970354054123163,
        "proj_true_dist": 0.2800007462501526,
        "proj_steps": 29.0751953125,
        "pred_recall": 0.18181818181818182,
        "pred_FPrate": 0.024724602203182375,
        "pred_manifold_dist": 0.23394541442394257,
        "pred_precision": 0.019417475728155338,
        "eval_eps_used": 0.019039664417505264,
        "bidirectional_chamfer": 0.2640092670917511,
        "gt_to_learned_mean": 0.023744719102978706,
        "learned_to_gt_mean": 0.24026453495025635,
        "gt_to_learned_p95": 0.04245004802942276,
        "learned_to_gt_p95": 0.5952713489532471,
        "n_gt": 1024.0,
        "n_learned": 4096.0,
        "eps_stop": 0.019039664417505264
      },
      "eval_path": "/home/baiyu/PycharmProjects/equality_manofld/outputs_unified/sweeps/delta_all_3d/delta/3d_spatial_arm_circle_n3_delta_eval.json",
      "ckpt_path": "/home/baiyu/PycharmProjects/equality_manofld/outputs_unified/sweeps/delta_all_3d/delta/3d_spatial_arm_circle_n3_delta_model.pt",
      "config": {
        "seed": 173,
        "device": "cuda",
        "n_train": 512,
        "n_grid": 4096,
        "knn_norm_estimation_ratio": 0.08,
        "knn_norm_estimation_min_points": 4,
        "sigmas": [
          0.7
        ],
        "off_sigma_mode": "list",
        "off_bank_size": 32,
        "off_bank_oversample": 8,
        "off_bank_chunk": 64,
        "off_bank_max_rounds": 6,
        "off_curriculum_enable": false,
        "off_curriculum_start_ratio": 0.2,
        "off_curriculum_power": 1.0,
        "off_curriculum_epochs": 0,
        "use_knn_filter": true,
        "knn_off_data_filter_ratio": 0.03,
        "knn_off_data_filter_min_points": 1,
        "hidden": 128,
        "depth": 3,
        "lr": 0.0003,
        "lr_decay_step": 0,
        "lr_decay_gamma": 1.0,
        "epochs": 1000,
        "train_log_every": 50,
        "batch_size": 128,
        "baseline_margin_target": 1.0,
        "lam_on": 1.0,
        "lam_off": 0.5,
        "loss_ema_alpha": 0.85,
        "eps": 1e-08,
        "projector": {
          "alpha": 0.3,
          "steps": 100,
          "min_steps": 30
        },
        "planner": {
          "method": "trajectory_opt",
          "steps": 64,
          "opt_steps": 1240,
          "opt_lr": 0.01,
          "opt_lam_smooth": 0.2,
          "lam_manifold": 1.0,
          "lam_len_joint": 0.4,
          "trust_scale": 0.8,
          "off_dist": 0.6,
          "pair_min_ratio": 0.15,
          "pair_max_ratio": 0.35,
          "pair_tries": 1200,
          "init_mode": "joint_spline",
          "joint_mid_noise": 0.0,
          "anim_fps": 6,