{"2d_looped_spiro/delta/n_gt":1024,"sweep/std/n_gt":0,"2d_sparse_sine/delta/proj_v_residual":0.010958848521113396,"2d_square/delta/pred_recall":0.8114478114478114,"sweep/std/gt_to_learned_p95":0.1702933580365932,"sweep/std/gt_to_learned_mean":0.026975929197100068,"2d_ellipse/delta/learned_to_gt_p95":0.022030632942914963,"2d_ellipse/delta/pred_FPrate":0,"2d_figure_eight/delta/plot/2d_figure_eight_delta_planner_paths":{"path":"media/images/2d_figure_eight/delta/plot/2d_figure_eight_delta_planner_paths_11_43dae63c0eed8299e3e0.png","format":"png","width":1200,"height":900,"_type":"image-file","sha256":"43dae63c0eed8299e3e07d8f75f41a92041ac7470dd615527dee61d95692600b","size":457971},"2d_sparse_sine/delta/proj_true_dist":0.1338469386100769,"2d_sparse_sine/delta/pred_precision":0.765625,"2d_sparse_sine/delta/plot/2d_sparse_sine_delta_knn_normal":{"path":"media/images/2d_sparse_sine/delta/plot/2d_sparse_sine_delta_knn_normal_28_1c49f4dab64479b5de36.png","format":"png","width":900,"height":750,"_type":"image-file","sha256":"1c49f4dab64479b5de36cbdf0edc5d323804db87a0d375198ea5a9a8131d11ca","size":69194},"sweep/std/proj_manifold_dist":0.025548594753746733,"2d_figure_eight/delta/pred_FPrate":0.09833904561033482,"2d_figure_eight/delta/bidirectional_chamfer":0.06753341853618622,"sweep/avg/pred_precision":0.7020447491301249,"sweep/std/pred_on_mean_v":0.00014854300742356638,"2d_figure_eight/delta/pred_on_mean_v":0.00048017845256254077,"sweep/std/proj_steps":1.9319024053791065,"2d_ellipse/delta/bidirectional_chamfer":0.01805219054222107,"sweep/std/eval_eps_used":0.013656163695132149,"2d_sparse_sine/delta/pred_on_mean_v":0.0003434156533330679,"2d_sparse_sine/delta/learned_to_gt_p95":0.37138664722442627,"2d_looped_spiro/delta/plot/2d_looped_spiro_delta_contour_traj":{"height":960,"_type":"image-file","sha256":"7c68dda0f76f6fae623e50a415ebc9f3f319b959c93dc6d78ef7fe5e831f7f45","size":812794,"path":"media/images/2d_looped_spiro/delta/plot/2d_looped_spiro_delta_contour_traj_14_7c68dda0f76f6fae623e.png","format":"png","width":1280},"2d_looped_spiro/delta/pred_precision":0.694980694980695,"sweep/std/pred_FPrate":0.03374472770720316,"sweep/std/bidirectional_chamfer":0.04655170797398418,"sweep/avg/n_learned":4096,"2d_figure_eight/delta/pred_recall":0.801980198019802,"sweep/avg/gt_to_learned_p95":0.12077001916865508,"2d_ellipse/delta/plot/2d_ellipse_delta_planner_paths":{"format":"png","width":1200,"height":900,"_type":"image-file","sha256":"4232697f74523045fa415c40d89f2a648c9a948ce30756d59c57b5b194bde499","size":504429,"path":"media/images/2d_ellipse/delta/plot/2d_ellipse_delta_planner_paths_5_4232697f74523045fa41.png"},"2d_sparse_sine/delta/pred_FPrate":0.016233766233766232,"2d_sparse_sine/delta/gt_to_learned_p95":0.49848631024360657,"sweep/std/pred_manifold_dist":0.02751559021708697,"2d_square/delta/gt_to_learned_p95":0.06912967562675476,"2d_figure_eight/delta/n_gt":1024,"2d_ellipse/delta/plot/2d_ellipse_delta_loss_curves":{"height":600,"_type":"image-file","sha256":"b8a73cae480da94d2f13f9b9ff16c36fb5acaac9038c8b1fe7bad6125608eee8","size":113839,"path":"media/images/2d_ellipse/delta/plot/2d_ellipse_delta_loss_curves_4_b8a73cae480da94d2f13.png","format":"png","width":1800},"2d_sparse_sine/delta/gt_to_learned_mean":0.08582384884357452,"2d_figure_eight/delta/plot/2d_figure_eight_delta_loss_curves":{"width":1800,"height":600,"_type":"image-file","sha256":"3402d3255a816800122c9944bd11d6ed02c159dab6b32ccfb4161bd739e68b23","size":143354,"path":"media/images/2d_figure_eight/delta/plot/2d_figure_eight_delta_loss_curves_10_3402d3255a816800122c.png","format":"png"},"2d_ellipse/delta/gt_to_learned_mean":0.008720877580344677,"2d_sparse_sine/delta/eval_eps_used":0.03590487688779831,"sweep/avg/proj_v_residual":0.004916495289459514,"2d_planar_arm_line_n2/delta/pred_FPrate":0.004292929292929293,"sweep/std/pred_recall":0.1924456753836819,"sweep/avg/pred_manifold_dist":0.04284585942514241,"2d_ellipse/delta/learned_to_gt_mean":0.009331313893198967,"2d_figure_eight/delta/n_learned":4096,"2d_sparse_sine/delta/proj_manifold_dist":0.07487358152866364,"2d_ellipse/delta/n_learned":4096,"2d_planar_arm_line_n2/delta/n_gt":1024,"2d_looped_spiro/delta/plot/2d_looped_spiro_delta_loss_curves":{"size":197942,"path":"media/images/2d_looped_spiro/delta/plot/2d_looped_spiro_delta_loss_curves_16_4290fe630f605965f8b6.png","format":"png","width":1800,"height":600,"_type":"image-file","sha256":"4290fe630f605965f8b6d3b1758cc5575bf19c8e47c8b7449051f4080a99e2d1"},"2d_square/delta/n_gt":1024,"_timestamp":1.772611984682335e+09,"2d_figure_eight/delta/proj_true_dist":0.05764654278755188,"sweep/n_cases":6,"2d_square/delta/proj_true_dist":0.056257545948028564,"2d_figure_eight/delta/eps_stop":0.05295794829726219,"2d_ellipse/delta/proj_manifold_dist":0.0071160453371703625,"2d_planar_arm_line_n2/delta/plot/2d_planar_arm_line_n2_delta_planner_paths":{"sha256":"26cdce500e7e64c5f8fd22c52c76c7ce00316ca10c2c4349f3e41b3c64a7e8e8","size":642281,"path":"media/images/2d_planar_arm_line_n2/delta/plot/2d_planar_arm_line_n2_delta_planner_paths_23_26cdce500e7e64c5f8fd.png","format":"png","width":1200,"height":900,"_type":"image-file"},"2d_ellipse/loaded_layers_count":3,"2d_planar_arm_line_n2/delta/proj_manifold_dist":0.035655904561281204,"2d_looped_spiro/delta/pred_on_mean_v":0.00016659912944305688,"2d_planar_arm_line_n2/delta/proj_v_residual":0.01675933226943016,"sweep/avg/learned_to_gt_mean":0.04202286619693041,"sweep/avg/pred_FPrate":0.03136465972183999,"sweep/avg/proj_steps":29.942911783854168,"2d_planar_arm_line_n2/delta/plot/2d_planar_arm_line_n2_delta_planning_demo":{"sha256":"516840a9967b71e0dd644ac85a738bbebfa8a27f9861820c0f7d38d308c914b1","size":233381,"path":"media/images/2d_planar_arm_line_n2/delta/plot/2d_planar_arm_line_n2_delta_planning_demo_24_516840a9967b71e0dd64.png","format":"png","width":1785,"height":2040,"_type":"image-file"},"sweep/std/proj_true_dist":0.10989611756870034,"2d_planar_arm_line_n2/delta/pred_recall":0.47058823529411764,"2d_figure_eight/delta/eval_eps_used":0.05295794829726219,"sweep/avg/bidirectional_chamfer":0.07140288439889748,"2d_square/delta/plot/2d_square_delta_planner_paths":{"height":900,"_type":"image-file","sha256":"ea5cffa6b0637570d25976817bfebe6ce96d0296d3db116e74ec23ae7627f686","size":345444,"path":"media/images/2d_square/delta/plot/2d_square_delta_planner_paths_36_ea5cffa6b0637570d259.png","format":"png","width":1200},"2d_figure_eight/delta/pred_precision":0.3944805194805195,"2d_figure_eight/delta/learned_to_gt_mean":0.03279606252908707,"2d_looped_spiro/delta/eval_eps_used":0.028628671541810036,"2d_looped_spiro/delta/proj_v_residual":0.0007126379059627652,"2d_figure_eight/delta/pred_manifold_dist":0.043051108717918396,"2d_square/delta/proj_v_residual":0.0004417385207489133,"2d_sparse_sine/delta/pred_manifold_dist":0.07633867114782333,"2d_figure_eight/delta/gt_to_learned_mean":0.03473735973238945,"2d_figure_eight/delta/proj_v_residual":0.0005879343952983618,"sweep/avg/proj_true_dist":0.1213836648191015,"2d_planar_arm_line_n2/delta/gt_to_learned_mean":0.0059689683839678764,"2d_square/delta/n_learned":4096,"2d_square/loaded_layers_count":3,"2d_looped_spiro/delta/eps_stop":0.028628671541810036,"2d_sparse_sine/delta/plot/2d_sparse_sine_delta_contour_traj":{"sha256":"ce36fe0dac0859ea3aecb93ae5a7d33f4ffec9b7e41b8c670e5e2238b4cb71be","size":736051,"path":"media/images/2d_sparse_sine/delta/plot/2d_sparse_sine_delta_contour_traj_27_ce36fe0dac0859ea3aec.png","format":"png","width":1280,"height":960,"_type":"image-file"},"2d_looped_spiro/delta/bidirectional_chamfer":0.09292229264974594,"2d_looped_spiro/delta/proj_true_dist":0.10616287589073181,"sweep/avg/gt_to_learned_mean":0.02938001851240794,"2d_square/delta/pred_manifold_dist":0.031606320291757584,"2d_sparse_sine/delta/learned_to_gt_mean":0.07599532604217529,"2d_ellipse/delta/plot/2d_ellipse_delta_contour_traj":{"width":1280,"height":960,"_type":"image-file","sha256":"b77dfb7d868267f5946722a4f84a127e9e13fcd3f39bdf7622c5b474403b93b8","size":786506,