{
  "pred_on_mean_v": 0.04353586584329605,
  "proj_manifold_dist": 0.26847541332244873,
  "proj_v_residual": 0.00019096423056907952,
  "proj_true_dist": 0.30100110173225403,
  "proj_steps": 2.6982421875,
  "pred_recall": 0.88134765625,
  "pred_FPrate": 0.5049429657794677,
  "pred_precision": 0.035400390625,
  "eval_eps_used": 0.41542717814445496,
  "dist_space": "data_space",
  "bidirectional_chamfer": 0.5401790142059326,
  "gt_to_learned_mean": 0.24792149662971497,
  "learned_to_gt_mean": 0.29225754737854004,
  "gt_to_learned_p95": 0.4124366343021393,
  "learned_to_gt_p95": 0.5050709247589111,
  "n_gt": 1024,
  "n_learned": 4096,
  "eps_stop": 0.41542717814445496,
  "train_seconds": 11.379053542998008
}