method,mean_over_datasets,std_over_datasets,n_datasets
ONCL (Ours),0.9210152960707946,0.06963554536989663,10
DataAug,0.663437217208892,0.295036992075131,10
VAE,0.5258803471281716,0.1967285204611704,10
ECoMaNN,0.13063789695254105,0.10988568754812345,10
