dataset,method,n,mean,median,std,min,max
3d_torus_surface_traj,delta,3,0.3857421875,0.437255859375,0.11486775326900288,0.2265625,0.493408203125
3d_torus_surface_traj,eikonal,3,0.4728190104166667,0.480712890625,0.04846312689257792,0.409912109375,0.52783203125
3d_torus_surface_traj,vae,3,0.19376627604166666,0.19091796875,0.005099104882103041,0.189453125,0.200927734375
3d_torus_surface_traj,ecomann,3,0.043131510416666664,0.044189453125,0.002222737676391221,0.0400390625,0.045166015625
3d_torus_surface,delta,3,0.5110677083333334,0.53369140625,0.03892203613748829,0.456298828125,0.543212890625
3d_torus_surface,eikonal,3,0.5421549479166666,0.543212890625,0.0018521820762924875,0.53955078125,0.543701171875
3d_torus_surface,vae,3,0.112060546875,0.112548828125,0.0008689028525416106,0.11083984375,0.11279296875
3d_torus_surface,ecomann,3,0.032307942708333336,0.015625,0.03522418957366014,0.0,0.081298828125
