method,mean_over_datasets,std_over_datasets,n_datasets
delta,0.8243438768809224,0.11563516817221359,2
eikonal,0.9421883341206796,0.054967780233458996,2
vae,0.26062767602207804,0.05452080579307042,2
ecomann,0.032880957592827074,0.026541284586487402,2
