{
  "pred_on_mean_v": 0.001792981056496501,
  "proj_manifold_dist": 0.17754335701465607,
  "proj_v_residual": 0.005291550420224667,
  "proj_true_dist": 0.25185707211494446,
  "proj_steps": 19.032470703125,
  "pred_recall": 0.744384765625,
  "pred_FPrate": 0.1611635220125786,
  "pred_precision": 0.389404296875,
  "eval_eps_used": 0.08815573155879974,
  "dist_space": "data_space",
  "bidirectional_chamfer": 0.24099260568618774,
  "gt_to_learned_mean": 0.06293708086013794,
  "learned_to_gt_mean": 0.1780555248260498,
  "gt_to_learned_p95": 0.15980318188667297,
  "learned_to_gt_p95": 0.8051131963729858,
  "n_gt": 1024,
  "n_learned": 4096,
  "eps_stop": 0.08815573155879974,
  "train_seconds": 5.117901600002369
}