{
  "pred_on_mean_v": 0.0002600784646347165,
  "proj_manifold_dist": 0.2479143589735031,
  "proj_v_residual": 0.007125242613255978,
  "proj_true_dist": 0.44059187173843384,
  "proj_steps": 19.550537109375,
  "pred_recall": 0.893798828125,
  "pred_FPrate": 0.026613105699221692,
  "pred_precision": 0.627685546875,
  "eval_eps_used": 0.03731594234704971,
  "dist_space": "workspace",
  "bidirectional_chamfer": 0.2579488754272461,
  "gt_to_learned_mean": 0.009555207565426826,
  "learned_to_gt_mean": 0.24839365482330322,
  "gt_to_learned_p95": 0.024404922500252724,
  "learned_to_gt_p95": 1.6181845664978027,
  "n_gt": 1024,
  "n_learned": 4096,
  "eps_stop": 0.03731594234704971,
  "train_seconds": 5.076708697000868
}