{
  "pred_on_mean_v": 0.00018993602134287357,
  "proj_manifold_dist": 0.03840512037277222,
  "proj_v_residual": 0.0007425277726724744,
  "proj_true_dist": 0.08110451698303223,
  "proj_steps": 19.0,
  "pred_recall": 0.56640625,
  "pred_FPrate": 0.004401650618982118,
  "pred_precision": 0.886474609375,
  "eval_eps_used": 0.03212976083159447,
  "dist_space": "data_space",
  "bidirectional_chamfer": 0.09755239635705948,
  "gt_to_learned_mean": 0.05806820094585419,
  "learned_to_gt_mean": 0.03948419541120529,
  "gt_to_learned_p95": 0.21300365030765533,
  "learned_to_gt_p95": 0.1536916196346283,
  "n_gt": 1024,
  "n_learned": 4096,
  "eps_stop": 0.03212976083159447,
  "train_seconds": 3.009702372000902
}