{
  "pred_on_mean_v": 6.123054845375009e-06,
  "proj_manifold_dist": 0.059505946934223175,
  "proj_v_residual": 0.0006387759349308908,
  "proj_true_dist": 0.06161569803953171,
  "proj_steps": 19.0,
  "pred_recall": 0.62109375,
  "pred_FPrate": 0.004057823991884352,
  "pred_precision": 0.5244140625,
  "eval_eps_used": 0.0052167088724672794,
  "dist_space": "data_space",
  "bidirectional_chamfer": 0.1727447509765625,
  "gt_to_learned_mean": 0.06700620800256729,
  "learned_to_gt_mean": 0.10573853552341461,
  "gt_to_learned_p95": 0.1530420482158661,
  "learned_to_gt_p95": 0.20241127908229828,
  "n_gt": 1024,
  "n_learned": 4096,
  "eps_stop": 0.0052167088724672794,
  "train_seconds": 18.673791958000947
}