{
  "pred_on_mean_v": 0.0005353146698325872,
  "proj_manifold_dist": 0.5486996173858643,
  "proj_v_residual": 0.24980537593364716,
  "proj_true_dist": 0.6885662078857422,
  "proj_steps": 29.783935546875,
  "pred_recall": 0.8984375,
  "pred_FPrate": 0.00244140625,
  "pred_precision": 0.001708984375,
  "eval_eps_used": 0.04876846820116043,
  "dist_space": "workspace",
  "bidirectional_chamfer": 0.6483395099639893,
  "gt_to_learned_mean": 0.05345460772514343,
  "learned_to_gt_mean": 0.5948848724365234,
  "gt_to_learned_p95": 0.09826580435037613,
  "learned_to_gt_p95": 1.9782367944717407,
  "n_gt": 1024,
  "n_learned": 4096,
  "eps_stop": 0.04876846820116043,
  "train_seconds": 64.58523704500112
}