{
  "pred_on_mean_v": 5.1935123337898403e-05,
  "proj_manifold_dist": 0.06124497577548027,
  "proj_v_residual": 0.003762983251363039,
  "proj_true_dist": 0.3242403268814087,
  "proj_steps": 19.0,
  "pred_recall": 0.62060546875,
  "pred_FPrate": 0.0,
  "pred_precision": 0.60009765625,
  "eval_eps_used": 0.01511584222316742,
  "dist_space": "workspace",
  "bidirectional_chamfer": 0.3289211094379425,
  "gt_to_learned_mean": 0.05226823687553406,
  "learned_to_gt_mean": 0.27665287256240845,
  "gt_to_learned_p95": 0.1031724140048027,
  "learned_to_gt_p95": 1.020079255104065,
  "n_gt": 1024,
  "n_learned": 4096,
  "eps_stop": 0.01511584222316742,
  "train_seconds": 118.00355942599708
}