{
  "pred_on_mean_v": 0.0033149966038763523,
  "proj_manifold_dist": 0.06295730173587799,
  "proj_v_residual": 0.06785334646701813,
  "proj_true_dist": 0.3986063301563263,
  "proj_steps": 1.0,
  "pred_recall": 0.7692307692307693,
  "pred_FPrate": 0.06666666666666667,
  "pred_manifold_dist": 0.062221720814704895,
  "pred_precision": 0.4641350210970464,
  "eval_eps_used": 0.11806082725524902,
  "dist_space": "data_space",
  "bidirectional_chamfer": 0.1264268159866333,
  "gt_to_learned_mean": 0.06290546804666519,
  "learned_to_gt_mean": 0.0635213553905487,
  "gt_to_learned_p95": 0.12962697446346283,
  "learned_to_gt_p95": 0.12966427206993103,
  "n_gt": 1024,
  "n_learned": 4096,
  "eps_stop": 0.11806082725524902,
  "gen_manifold_dist": 0.05240883678197861,
  "gen_chamfer": 0.11464516073465347
}