{
  "pred_on_mean_v": 0.0013686843449249864,
  "proj_manifold_dist": 0.02573147416114807,
  "proj_v_residual": 0.07485069334506989,
  "proj_true_dist": 0.33183184266090393,
  "proj_steps": 1.0,
  "pred_recall": 0.6759002770083102,
  "pred_FPrate": 0.00321285140562249,
  "pred_manifold_dist": 0.034305356442928314,
  "pred_precision": 0.953125,
  "eval_eps_used": 0.07896478474140167,
  "dist_space": "data_space",
  "bidirectional_chamfer": 0.05662074685096741,
  "gt_to_learned_mean": 0.029833992943167686,
  "learned_to_gt_mean": 0.02678675577044487,
  "gt_to_learned_p95": 0.10774984955787659,
  "learned_to_gt_p95": 0.07709284126758575,
  "n_gt": 1024,
  "n_learned": 4096,
  "eps_stop": 0.07896478474140167,
  "gen_manifold_dist": 0.015469221398234367,
  "gen_chamfer": 0.04583170264959335
}