{
  "pred_on_mean_v": 0.0030561303719878197,
  "proj_manifold_dist": 0.016448965296149254,
  "proj_v_residual": 0.0946652889251709,
  "proj_true_dist": 0.7961920499801636,
  "proj_steps": 1.0,
  "pred_recall": 0.5,
  "pred_FPrate": 0.024229074889867842,
  "pred_manifold_dist": 0.07762650400400162,
  "pred_precision": 0.04807692307692308,
  "eval_eps_used": 0.11749798059463501,
  "dist_space": "workspace",
  "bidirectional_chamfer": 0.023927457630634308,
  "gt_to_learned_mean": 0.006006170064210892,
  "learned_to_gt_mean": 0.017921287566423416,
  "gt_to_learned_p95": 0.015077526681125164,
  "learned_to_gt_p95": 0.02622109279036522,
  "n_gt": 1024,
  "n_learned": 4096,
  "eps_stop": 0.11749798059463501,
  "gen_manifold_dist": 0.02357833832502365,
  "gen_chamfer": 0.029591791331768036
}