{
  "pred_on_mean_v": 0.006649540737271309,
  "proj_manifold_dist": 0.11238805204629898,
  "proj_v_residual": 0.11434951424598694,
  "proj_true_dist": 0.5697171688079834,
  "proj_steps": 1.0,
  "pred_recall": 0.7705078125,
  "pred_FPrate": 0.12447589098532495,
  "pred_precision": 0.402587890625,
  "eval_eps_used": 0.16733205318450928,
  "dist_space": "data_space",
  "bidirectional_chamfer": 0.21405130624771118,
  "gt_to_learned_mean": 0.101152703166008,
  "learned_to_gt_mean": 0.11289859563112259,
  "gt_to_learned_p95": 0.3317651152610779,
  "learned_to_gt_p95": 0.47794869542121887,
  "n_gt": 1024,
  "n_learned": 4096,
  "eps_stop": 0.16733205318450928,
  "train_seconds": 1.2849674329991103,
  "gen_manifold_dist": 0.11850605905056,
  "gen_chamfer": 0.21831217408180237
}