{
  "pred_on_mean_v": 0.04061650112271309,
  "proj_manifold_dist": 0.10205939412117004,
  "proj_v_residual": 0.3558829426765442,
  "proj_true_dist": 0.5211715698242188,
  "proj_steps": 1.0,
  "pred_recall": 0.820068359375,
  "pred_FPrate": 0.1855385387898569,
  "pred_precision": 0.398193359375,
  "eval_eps_used": 0.39726150035858154,
  "dist_space": "workspace",
  "bidirectional_chamfer": 0.12487983703613281,
  "gt_to_learned_mean": 0.022601235657930374,
  "learned_to_gt_mean": 0.10227860510349274,
  "gt_to_learned_p95": 0.04722081869840622,
  "learned_to_gt_p95": 0.5873224139213562,
  "n_gt": 1024,
  "n_learned": 4096,
  "eps_stop": 0.39726150035858154,
  "train_seconds": 1.1602186999989499,
  "gen_manifold_dist": 0.2039884328842163,
  "gen_chamfer": 0.23160883784294128
}