{
  "pred_on_mean_v": 0.0005011069006286561,
  "proj_manifold_dist": 0.029621930792927742,
  "proj_v_residual": 0.05409635603427887,
  "proj_true_dist": 0.2777693271636963,
  "proj_steps": 1.0,
  "pred_recall": 0.634765625,
  "pred_FPrate": 0.0,
  "pred_precision": 0.9267578125,
  "eval_eps_used": 0.051401082426309586,
  "dist_space": "data_space",
  "bidirectional_chamfer": 0.14145655930042267,
  "gt_to_learned_mean": 0.11030610650777817,
  "learned_to_gt_mean": 0.031150447204709053,
  "gt_to_learned_p95": 0.7722904086112976,
  "learned_to_gt_p95": 0.16154314577579498,
  "n_gt": 1024,
  "n_learned": 4096,
  "eps_stop": 0.051401082426309586,
  "train_seconds": 1.1515728260019387,
  "gen_manifold_dist": 0.012640414759516716,
  "gen_chamfer": 0.12549389898777008
}