{
  "pred_on_mean_v": 0.0038827406242489815,
  "proj_manifold_dist": 0.31598588824272156,
  "proj_v_residual": 0.18136778473854065,
  "proj_true_dist": 0.6692705154418945,
  "proj_steps": 1.0,
  "pred_recall": 0.22021484375,
  "pred_FPrate": 0.0715191478569617,
  "pred_precision": 0.15283203125,
  "eval_eps_used": 0.13578005135059357,
  "dist_space": "data_space",
  "bidirectional_chamfer": 0.6310354471206665,
  "gt_to_learned_mean": 0.2862623929977417,
  "learned_to_gt_mean": 0.3447730839252472,
  "gt_to_learned_p95": 0.7487177848815918,
  "learned_to_gt_p95": 1.0847184658050537,
  "n_gt": 1024,
  "n_learned": 4096,
  "eps_stop": 0.13578005135059357,
  "train_seconds": 4.457362836001266,
  "gen_manifold_dist": 0.18209980428218842,
  "gen_chamfer": 0.46127235889434814
}