{
  "pred_on_mean_v": 0.008349589072167873,
  "proj_manifold_dist": 0.16511830687522888,
  "proj_v_residual": 0.1647319495677948,
  "proj_true_dist": 0.5591831207275391,
  "proj_steps": 1.0,
  "pred_recall": 0.622802734375,
  "pred_FPrate": 0.09213759213759214,
  "pred_precision": 0.0986328125,
  "eval_eps_used": 0.19710153341293335,
  "dist_space": "data_space",
  "bidirectional_chamfer": 0.33669519424438477,
  "gt_to_learned_mean": 0.17124971747398376,
  "learned_to_gt_mean": 0.165445476770401,
  "gt_to_learned_p95": 0.5323362350463867,
  "learned_to_gt_p95": 0.703641414642334,
  "n_gt": 1024,
  "n_learned": 4096,
  "eps_stop": 0.19710153341293335,
  "train_seconds": 1.074682632999611,
  "gen_manifold_dist": 0.1612682044506073,
  "gen_chamfer": 0.33283936977386475
}