{
  "pred_on_mean_v": 0.015644440427422523,
  "proj_manifold_dist": 0.41816985607147217,
  "proj_v_residual": 0.6154811382293701,
  "proj_true_dist": 0.6469204425811768,
  "proj_steps": 1.0,
  "pred_recall": 0.89892578125,
  "pred_FPrate": 0.0078125,
  "pred_precision": 0.0,
  "eval_eps_used": 0.22237256169319153,
  "dist_space": "workspace",
  "bidirectional_chamfer": 0.5629277229309082,
  "gt_to_learned_mean": 0.06701650470495224,
  "learned_to_gt_mean": 0.49591124057769775,
  "gt_to_learned_p95": 0.10861673206090927,
  "learned_to_gt_p95": 1.967177152633667,
  "n_gt": 1024,
  "n_learned": 4096,
  "eps_stop": 0.22237256169319153,
  "train_seconds": 16.345378971000173,
  "gen_manifold_dist": 0.5130884051322937,
  "gen_chamfer": 0.5838881731033325
}