{
  "pred_on_mean_v": 0.006833540741354227,
  "proj_manifold_dist": 0.10020291805267334,
  "proj_v_residual": 0.17401394248008728,
  "proj_true_dist": 0.4430370628833771,
  "proj_steps": 1.0,
  "pred_recall": 0.5205078125,
  "pred_FPrate": 0.002197802197802198,
  "pred_precision": 0.10546875,
  "eval_eps_used": 0.16587412357330322,
  "dist_space": "workspace",
  "bidirectional_chamfer": 0.22220659255981445,
  "gt_to_learned_mean": 0.0719819962978363,
  "learned_to_gt_mean": 0.15022459626197815,
  "gt_to_learned_p95": 0.12536728382110596,
  "learned_to_gt_p95": 0.4074612855911255,
  "n_gt": 1024,
  "n_learned": 4096,
  "eps_stop": 0.16587412357330322,
  "train_seconds": 24.487423383998248,
  "gen_manifold_dist": 0.07548058032989502,
  "gen_chamfer": 0.14019954204559326
}