{"2d_square/vae/learned_to_gt_p95":0.05451861023902893,"2d_ellipse/vae/pred_precision":0.596551724137931,"sweep/avg/proj_manifold_dist":0.09224698692560196,"2d_sparse_sine/vae/plot/2d_sparse_sine_vae_contour_traj":{"width":1280,"height":960,"_type":"image-file","sha256":"17c26993016b9350fc19bbdc1e44542dcb21fdfa64edf66806b3aeb12a1a6409","size":623747,"path":"media/images/2d_sparse_sine/vae/plot/2d_sparse_sine_vae_contour_traj_26_17c26993016b9350fc19.png","format":"png"},"2d_square/vae/pred_FPrate":0.07554619636746512,"2d_figure_eight/vae/gt_to_learned_p95":0.31133103370666504,"sweep/avg/pred_FPrate":0.10522736009328275,"2d_looped_spiro/vae/proj_v_residual":0.1572781503200531,"2d_sparse_sine/vae/gt_to_learned_p95":0.49696221947669983,"2d_figure_eight/vae/proj_v_residual":0.14947615563869476,"2d_ellipse/vae/eval_eps_used":0.08255121856927872,"sweep/std/pred_precision":0.2873088867703372,"2d_square/vae/proj_v_residual":0.05193955451250076,"sweep/avg/proj_true_dist":0.4788976361354192,"2d_ellipse/vae/n_learned":4096,"2d_planar_arm_line_n2/vae/gt_to_learned_mean":0.03165902942419052,"2d_looped_spiro/vae/n_gt":1024,"2d_ellipse/vae/proj_manifold_dist":0.06737221032381058,"2d_ellipse/vae/gt_to_learned_mean":0.058591578155756,"2d_looped_spiro/vae/eps_stop":0.20186735689640045,"2d_ellipse/vae/pred_recall":0.5924657534246576,"2d_figure_eight/vae/plot/2d_figure_eight_vae_visualize_all":{"width":2764,"height":888,"_type":"image-file","sha256":"8c0acb6589d7df31d0c545e5aa33caf4e51b2fcecf309015eccee3e28478bc8e","size":509725,"path":"media/images/2d_figure_eight/vae/plot/2d_figure_eight_vae_visualize_all_11_8c0acb6589d7df31d0c5.png","format":"png"},"2d_planar_arm_line_n2/vae/pred_recall":0.8467153284671532,"2d_planar_arm_line_n2/vae/proj_v_residual":0.2285132110118866,"sweep/std/proj_steps":0,"2d_square/vae/eval_eps_used":0.08014310151338577,"2d_sparse_sine/vae/proj_steps":1,"2d_planar_arm_line_n2/vae/pred_FPrate":0.1907047234150038,"2d_square/vae/pred_on_mean_v":0.0019865240901708603,"2d_planar_arm_line_n2/vae/gt_to_learned_p95":0.08904943615198135,"2d_planar_arm_line_n2/vae/learned_to_gt_mean":0.2261170595884323,"2d_figure_eight/vae/n_gt":1024,"2d_looped_spiro/vae/pred_on_mean_v":0.014870576560497284,"sweep/avg/gt_to_learned_mean":0.06462614828099807,"2d_figure_eight/vae/pred_recall":0.6897689768976898,"2d_figure_eight/vae/pred_manifold_dist":0.10110385715961456,"sweep/avg/pred_on_mean_v":0.008729980618227273,"_step":38,"sweep/avg/gt_to_learned_p95":0.2447575144469738,"2d_planar_arm_line_n2/vae/pred_on_mean_v":0.02292492613196373,"2d_sparse_sine/vae/pred_manifold_dist":0.025295933708548546,"2d_ellipse/vae/plot/2d_ellipse_vae_visualize_all":{"sha256":"9de500d7e9300a5a7b6933c90d2b0364d8ca1aa6f47667e61140c687ae2d8fc2","size":468226,"path":"media/images/2d_ellipse/vae/plot/2d_ellipse_vae_visualize_all_5_9de500d7e9300a5a7b69.png","format":"png","width":2862,"height":888,"_type":"image-file"},"sweep/n_datasets":6,"2d_sparse_sine/vae/plot/2d_sparse_sine_vae_loss_curves":{"_type":"image-file","sha256":"10e0964c0e25d45a34ae583db117e73d4d180464d6b54cae2944d86681369552","size":80917,"path":"media/images/2d_sparse_sine/vae/plot/2d_sparse_sine_vae_loss_curves_27_10e0964c0e25d45a34ae.png","format":"png","width":1350,"height":600},"2d_planar_arm_line_n2/vae/plot/2d_planar_arm_line_n2_vae_contour_traj":{"format":"png","width":1280,"height":960,"_type":"image-file","sha256":"dd5a71b3536737b8328a6c93cbadc8120d2b45af15d7e47cc3a2940f001bc662","size":908296,"path":"media/images/2d_planar_arm_line_n2/vae/plot/2d_planar_arm_line_n2_vae_contour_traj_20_dd5a71b3536737b8328a.png"},"2d_square/vae/pred_precision":0.4248496993987976,"2d_ellipse/vae/pred_manifold_dist":0.041085466742515564,"2d_figure_eight/vae/bidirectional_chamfer":0.19790202379226685,"sweep/std/proj_manifold_dist":0.06666712338443757,"2d_figure_eight/vae/pred_on_mean_v":0.009799676947295666,"2d_ellipse/vae/bidirectional_chamfer":0.12710098922252655,"sweep/std/n_gt":0,"2d_looped_spiro/vae/pred_manifold_dist":0.10621634870767593,"2d_planar_arm_line_n2/vae/bidirectional_chamfer":0.25777608156204224,"2d_ellipse/vae/pred_FPrate":0.030757097791798107,"2d_figure_eight/vae/pred_FPrate":0.22409702082784075,"sweep/std/proj_v_residual":0.060030359427000794,"2d_figure_eight/vae/eval_eps_used":0.20712776482105255,"_timestamp":1.7726133413367953e+09,"2d_figure_eight/vae/plot/2d_figure_eight_vae_loss_curves":{"sha256":"f7258b6813790dee893f46095028e29e124c4d68aec3e35dd527c57f7c64d53e","size":87247,"path":"media/images/2d_figure_eight/vae/plot/2d_figure_eight_vae_loss_curves_9_f7258b6813790dee893f.png","format":"png","width":1350,"height":600,"_type":"image-file"},"2d_looped_spiro/vae/plot/2d_looped_spiro_vae_contour_traj":{"path":"media/images/2d_looped_spiro/vae/plot/2d_looped_spiro_vae_contour_traj_14_7d51829ae6c2db93f979.png","format":"png","width":1280,"height":960,"_type":"image-file","sha256":"7d51829ae6c2db93f97978f9f5de9ea3090a14bedc2d0930aace1da27698ab93","size":825761},"sweep/std/eval_eps_used":0.10313594448070375,"2d_ellipse/vae/learned_to_gt_p95":0.3603324890136719,"2d_looped_spiro/vae/proj_steps":1,"2d_figure_eight/loaded_layers_count":3,"sweep/std/proj_true_dist":0.1613872499504058,"2d_figure_eight/vae/plot/2d_figure_eight_vae_planner_paths":{"height":900,"_type":"image-file","sha256":"a6567afe78dbfed5ad1ae259567e11fdbbba0b63097bdd73e7370cb5e35c1c82","size":596298,"path":"media/images/2d_figure_eight/vae/plot/2d_figure_eight_vae_planner_paths_10_a6567afe78dbfed5ad1a.png","format":"png","width":1200},"sweep/avg/eps_stop":0.16457620759805044,"2d_looped_spiro/vae/pred_FPrate":0.11025912215758858,"sweep/n_cases":6,"2d_sparse_sine/vae/pred_on_mean_v":0.0009774102363735437,"2d_sparse_sine/vae/eval_eps_used":0.06123344600200653,"2d_figure_eight/vae/gt_to_learned_mean":0.11196484416723251,"2d_sparse_sine/vae/gt_to_learned_mean":0.07847529649734497,"2d_ellipse/vae/plot/2d_ellipse_vae_loss_curves":{"width":1350,"height":600,"_type":"image-file","sha256":"3d8d1dfba732cfe7c373038b16382b10490d14ef709eb731df786a57e5362c81","size":85039,"path":"media/images/2d_ellipse/vae/plot/2d_ellipse_vae_loss_curves_3_3d8d1dfba732cfe7c373.png","format":"png"},"2d_sparse_sine/loaded_layers_count":3,"2d_square/vae/n_learned":4096,"2d_planar_arm_line_n2/vae/learned_to_gt_p95":1.3828502893447876,"2d_planar_arm_line_n2/vae/eval_eps_used":0.3545343577861786,"2d_planar_arm_line_n2/vae/proj_manifold_dist":0.22598674893379211,"2d_square/vae/plot/2d_square_vae_visualize_all":{"format":"png","width":2760,"height":888,"_type":"image-file","sha256":"77afb4d7ab0a9f2e752f89d1237010829f3e190bb5f086c4e69fbdaff2cdb777","size":475852,"path":"media/images/2d_square/vae/plot/2d_square_vae_visualize_all_35_77afb4d7ab0a9f2e752f.png"},"2d_figure_eight/vae/n_learned":4096,"2d_planar_arm_line_n2/vae/eps_stop":0.3545343577861786,"sweep/avg/n_gt":1024,"sweep/std/learned_to_gt_mean":0.0663064956192957,"2d_figure_eight/vae/eps_stop":0.20712776482105255,"2d_figure_eight/vae/learned_to_gt_p95":0.3091675043106079,"sweep/avg/proj_steps":1,"2d_sparse_sine/vae/n_gt":1024,"2d_square/vae/proj_steps":1,"2d_sparse_sine/vae/eps_stop":0.06123344600200653,"sweep/std/bidirectional_chamfer":0.06718978802617041,"2d_sparse_sine/vae/pred_FPrate":0,"_wandb":{"runtime":55},"sweep/n_seeds":1,"2d_looped_spiro/vae/proj_true_dist":0.701995849609375,"2d_looped_spiro/loaded_layers_count":3,"sweep/avg/learned_to_gt_mean":0.09302330141266187,"2d_sparse_sine/vae/bidirectional_chamfer":0.11786292493343353,"2d_looped_spiro/vae/plot/2d_looped_spiro_vae_visualize_all":{"_type":"image-file","sha256":"61d5cbacb3fe9cd5428141bb42f4eafaed9ea62e0b7514258d3be8300c2e462d","size":479777,"path":"media/images/2d_looped_spiro/vae/plot/2d_looped_spiro_vae_visualize_all_17_61d5cbacb3fe9cd54281.png","format":"png","width":2760,"height":888},"2d_planar_arm_line_n2/vae/proj_true_dist":0.6638597249984741,