{
  "pred_on_mean_v": 0.0010030062403529882,
  "proj_manifold_dist": 0.20023834705352783,
  "proj_v_residual": 0.4484884738922119,
  "proj_true_dist": 1.2069668769836426,
  "proj_steps": 39.859619140625,
  "pred_recall": 0.011474609375,
  "pred_FPrate": 0.010498046875,
  "pred_precision": 0.000732421875,
  "eval_eps_used": 0.07141818851232529,
  "dist_space": "workspace",
  "bidirectional_chamfer": 0.6853431463241577,
  "gt_to_learned_mean": 0.4065047800540924,
  "learned_to_gt_mean": 0.2788383364677429,
  "gt_to_learned_p95": 0.7371253967285156,
  "learned_to_gt_p95": 0.4372650384902954,
  "n_gt": 1024,
  "n_learned": 4096,
  "eps_stop": 0.07141818851232529
}