{
  "pred_on_mean_v": 0.00019895049626939,
  "proj_manifold_dist": 0.2614215016365051,
  "proj_v_residual": 0.00331898289732635,
  "proj_true_dist": 0.4505193531513214,
  "proj_steps": 19.107666015625,
  "pred_recall": 0.828857421875,
  "pred_FPrate": 0.021837349397590362,
  "pred_precision": 0.611083984375,
  "eval_eps_used": 0.03177667409181595,
  "dist_space": "workspace",
  "bidirectional_chamfer": 0.27067831158638,
  "gt_to_learned_mean": 0.008474246598780155,
  "learned_to_gt_mean": 0.26220405101776123,
  "gt_to_learned_p95": 0.030524402856826782,
  "learned_to_gt_p95": 1.6810297966003418,
  "n_gt": 1024,
  "n_learned": 4096,
  "eps_stop": 0.03177667409181595,
  "train_seconds": 4.794353054000112
}