{
  "pred_on_mean_v": 0.000185347642400302,
  "proj_manifold_dist": 0.02815762721002102,
  "proj_v_residual": 0.02792254090309143,
  "proj_true_dist": 0.2958567440509796,
  "proj_steps": 19.001220703125,
  "pred_recall": 0.79810531496063,
  "pred_FPrate": 0.0009791921664626683,
  "pred_precision": 0.891845703125,
  "eval_eps_used": 0.03178985416889191,
  "dist_space": "workspace",
  "bidirectional_chamfer": 0.03759375214576721,
  "gt_to_learned_mean": 0.009436125867068768,
  "learned_to_gt_mean": 0.02815762721002102,
  "gt_to_learned_p95": 0.0215639416128397,
  "learned_to_gt_p95": 0.07850059866905212,
  "n_gt": 8128,
  "n_learned": 4096,
  "eps_stop": 0.03178985416889191,
  "train_seconds": 7.498143922013696
}