{
  "pred_on_mean_v": 0.005566130392253399,
  "proj_manifold_dist": 0.10106349736452103,
  "proj_v_residual": 0.09168767929077148,
  "proj_true_dist": 0.23263025283813477,
  "proj_steps": 29.682861328125,
  "pred_recall": 0.8487394957983193,
  "pred_FPrate": 0.15004011767852368,
  "pred_manifold_dist": 0.17207878828048706,
  "pred_precision": 0.3506944444444444,
  "eval_eps_used": 0.1418689340353012,
  "dist_space": "data_space",
  "bidirectional_chamfer": 0.14468738436698914,
  "gt_to_learned_mean": 0.04140177741646767,
  "learned_to_gt_mean": 0.10328561067581177,
  "gt_to_learned_p95": 0.11172875761985779,
  "learned_to_gt_p95": 0.3780578374862671,
  "n_gt": 1024,
  "n_learned": 4096,
  "eps_stop": 0.1418689340353012
}