{
  "pred_on_mean_v": 0.017686549574136734,
  "proj_manifold_dist": 0.3222465217113495,
  "proj_v_residual": 0.12545090913772583,
  "proj_true_dist": 0.3691641688346863,
  "proj_steps": 21.16259765625,
  "pred_recall": 0.87646484375,
  "pred_FPrate": 0.6522082018927445,
  "pred_precision": 0.151123046875,
  "eval_eps_used": 0.27640846371650696,
  "dist_space": "data_space",
  "bidirectional_chamfer": 0.37653952836990356,
  "gt_to_learned_mean": 0.05398587882518768,
  "learned_to_gt_mean": 0.3225536346435547,
  "gt_to_learned_p95": 0.1575280874967575,
  "learned_to_gt_p95": 1.0628224611282349,
  "n_gt": 1024,
  "n_learned": 4096,
  "eps_stop": 0.27640846371650696
}