{
  "pred_on_mean_v": 0.030647411942481995,
  "proj_manifold_dist": 0.5494410395622253,
  "proj_v_residual": 0.018400266766548157,
  "proj_true_dist": 0.8987796902656555,
  "proj_steps": 3.23974609375,
  "pred_recall": 0.6892592592592592,
  "pred_FPrate": 0.6689244107287998,
  "pred_precision": 0.09130859375,
  "eval_eps_used": 0.4332156181335449,
  "dist_space": "data_space",
  "bidirectional_chamfer": 1.0177569389343262,
  "gt_to_learned_mean": 0.46831589937210083,
  "learned_to_gt_mean": 0.5494410395622253,
  "gt_to_learned_p95": 1.0956594944000244,
  "learned_to_gt_p95": 1.6030211448669434,
  "n_gt": 8100,
  "n_learned": 4096,
  "eps_stop": 0.4332156181335449,
  "train_seconds": 8.090819417033345
}