{
  "pred_on_mean_v": 0.009093213826417923,
  "proj_manifold_dist": 0.25684571266174316,
  "proj_v_residual": 0.042083580046892166,
  "proj_true_dist": 0.45870694518089294,
  "proj_steps": 4.50439453125,
  "pred_recall": 0.578494094488189,
  "pred_FPrate": 0.012454212454212455,
  "pred_precision": 0.01513671875,
  "eval_eps_used": 0.17905235290527344,
  "dist_space": "workspace",
  "bidirectional_chamfer": 0.48347243666648865,
  "gt_to_learned_mean": 0.10578075796365738,
  "learned_to_gt_mean": 0.37769168615341187,
  "gt_to_learned_p95": 0.15863299369812012,
  "learned_to_gt_p95": 1.236405849456787,
  "n_gt": 8128,
  "n_learned": 4096,
  "eps_stop": 0.17905235290527344,
  "train_seconds": 557.2992128860205
}