{
  "pred_on_mean_v": 0.038456689566373825,
  "proj_manifold_dist": 0.49114829301834106,
  "proj_v_residual": 0.10003438591957092,
  "proj_true_dist": 0.5690915584564209,
  "proj_steps": 19.004150390625,
  "pred_recall": 0.9296875,
  "pred_FPrate": 0.7927193697364846,
  "pred_precision": 0.094482421875,
  "eval_eps_used": 0.49228909611701965,
  "dist_space": "data_space",
  "bidirectional_chamfer": 0.5866345167160034,
  "gt_to_learned_mean": 0.09530436992645264,
  "learned_to_gt_mean": 0.49133017659187317,
  "gt_to_learned_p95": 0.30588987469673157,
  "learned_to_gt_p95": 1.3064498901367188,
  "n_gt": 1024,
  "n_learned": 4096,
  "eps_stop": 0.49228909611701965
}