{"3d_planar_arm_line_n3/delta/pred_precision":0.13267543859649122,"3d_torus_surface/delta/plot/3d_torus_surface_delta_loss_curves":{"path":"media/images/3d_torus_surface/delta/plot/3d_torus_surface_delta_loss_curves_23_fa6d676ce4c9f22ae1eb.png","format":"png","width":1800,"height":600,"_type":"image-file","sha256":"fa6d676ce4c9f22ae1eb2ae501a7fb98d36d97fa78a95070c5e070e38021cb22","size":128357},"3d_vz_2d_ellipse/delta/plot/3d_vz_2d_ellipse_delta_zero_surfaces_3d":{"format":"png","width":1260,"height":1080,"_type":"image-file","sha256":"ac82fda18a46f16d07673acd36a8f5c4914d33358e1064261779b6d12c630f5d","size":464960,"path":"media/images/3d_vz_2d_ellipse/delta/plot/3d_vz_2d_ellipse_delta_zero_surfaces_3d_29_ac82fda18a46f16d0767.png"},"3d_vz_2d_ellipse/delta/plot/3d_vz_2d_ellipse_delta_knn_normal":{"height":750,"_type":"image-file","sha256":"e86e9579a8cb8d76e4e876067d1b81efd68f3c775278f118520b6fe8afaa4715","size":170530,"path":"media/images/3d_vz_2d_ellipse/delta/plot/3d_vz_2d_ellipse_delta_knn_normal_27_e86e9579a8cb8d76e4e8.png","format":"png","width":900},"3d_saddle_surface/delta/n_gt":1024,"3d_saddle_surface/loaded_layers_count":3,"3d_saddle_surface/delta/plot/3d_saddle_surface_delta_knn_normal":{"sha256":"5035810b5f5a596a1cab69d8c90124e4005bf5307ca4eae5885367483b17d897","size":212393,"path":"media/images/3d_saddle_surface/delta/plot/3d_saddle_surface_delta_knn_normal_7_5035810b5f5a596a1cab.png","format":"png","width":900,"height":750,"_type":"image-file"},"sweep/std/eval_eps_used":0.058957332557989024,"sweep/std/pred_on_mean_v":0.002188883022486966,"3d_spiral/delta/pred_FPrate":0.009073075036782736,"3d_planar_arm_line_n3/delta/bidirectional_chamfer":0.1576574444770813,"3d_saddle_surface/delta/gt_to_learned_p95":0.061376653611660004,"3d_torus_surface/delta/pred_FPrate":0.024081115335868188,"sweep/avg/pred_manifold_dist":0.09247883812834819,"3d_saddle_surface/delta/bidirectional_chamfer":0.16785836219787598,"sweep/std/pred_FPrate":0.072417505428948,"sweep/std/pred_recall":0.28338871094786455,"3d_vz_2d_ellipse/delta/n_gt":1024,"3d_spiral/delta/proj_steps":33.7177734375,"3d_saddle_surface/delta/learned_to_gt_mean":0.13684508204460144,"3d_planar_arm_line_n3/delta/n_gt":1024,"sweep/std/learned_to_gt_p95":0.2754302408742668,"3d_saddle_surface/delta/pred_recall":0.5154639175257731,"3d_vz_2d_ellipse/delta/bidirectional_chamfer":0.2908416986465454,"3d_vz_2d_ellipse/delta/proj_true_dist":0.25049376487731934,"3d_planar_arm_line_n3/delta/plot/3d_planar_arm_line_n3_delta_zero_surfaces_3d":{"format":"png","width":1260,"height":1080,"_type":"image-file","sha256":"5d92bcb326f3ba9a306a51c2350a819082af9f2929f160839a256cd8ce27ed4f","size":378673,"path":"media/images/3d_planar_arm_line_n3/delta/plot/3d_planar_arm_line_n3_delta_zero_surfaces_3d_4_5d92bcb326f3ba9a306a.png"},"3d_spiral/delta/eps_stop":0.046784888952970505,"3d_saddle_surface/delta/plot/3d_saddle_surface_delta_zero_surfaces_3d":{"sha256":"1d81f214488ec552e9ab06e8358f972f85b121a4437f2888792564a091008fbc","size":266089,"path":"media/images/3d_saddle_surface/delta/plot/3d_saddle_surface_delta_zero_surfaces_3d_9_1d81f214488ec552e9ab.png","format":"png","width":1260,"height":1080,"_type":"image-file"},"3d_planar_arm_line_n3/delta/pred_manifold_dist":0.20160840451717377,"3d_spatial_arm_circle_n3/delta/pred_manifold_dist":0.009586481377482414,"sweep/std/bidirectional_chamfer":0.09165327858271745,"3d_vz_2d_ellipse/delta/proj_v_residual":0.0034458194859325886,"sweep/avg/eps_stop":0.06209290508801738,"sweep/avg/pred_precision":0.4681179932452512,"3d_spiral/delta/pred_on_mean_v":0.0006145276129245758,"sweep/std/n_learned":0,"sweep/n_cases":6,"3d_saddle_surface/delta/pred_precision":0.8130081300813008,"3d_vz_2d_ellipse/delta/gt_to_learned_mean":0.049282003194093704,"sweep/std/gt_to_learned_mean":0.020605383625870083,"3d_planar_arm_line_n3/delta/proj_v_residual":0.09288661181926727,"3d_vz_2d_ellipse/delta/pred_FPrate":0.09813084112149532,"3d_saddle_surface/delta/pred_FPrate":0.005894413121476166,"sweep/std/gt_to_learned_p95":0.04567306109512971,"3d_spatial_arm_circle_n3/delta/proj_steps":36.298095703125,"3d_saddle_surface/delta/plot/3d_saddle_surface_delta_loss_curves":{"_type":"image-file","sha256":"4dac587d33e0df0ca0936cefb4428d032d28c424ec4a5a684b3bdd1a5a1a1a91","size":95734,"path":"media/images/3d_saddle_surface/delta/plot/3d_saddle_surface_delta_loss_curves_8_4dac587d33e0df0ca093.png","format":"png","width":1800,"height":600},"sweep/avg/eval_eps_used":0.06209290508801738,"3d_spatial_arm_circle_n3/delta/plot/3d_spatial_arm_circle_n3_delta_loss_curves":{"path":"media/images/3d_spatial_arm_circle_n3/delta/plot/3d_spatial_arm_circle_n3_delta_loss_curves_13_9435ee256d86d09f70e7.png","format":"png","width":1800,"height":600,"_type":"image-file","sha256":"9435ee256d86d09f70e762196fb45daf461da069c4a772bf8e36509111faa19b","size":96664},"3d_torus_surface/delta/bidirectional_chamfer":0.16463206708431244,"3d_spiral/loaded_layers_count":3,"3d_spatial_arm_circle_n3/delta/eval_eps_used":0.018924551084637642,"3d_spiral/delta/plot/3d_spiral_delta_knn_normal":{"_type":"image-file","sha256":"2bb1e71d07573c71c094503f21538ebb58c53d9b9fa0ffe911d54ecf8e8a8b8e","size":175138,"path":"media/images/3d_spiral/delta/plot/3d_spiral_delta_knn_normal_17_2bb1e71d07573c71c094.png","format":"png","width":900,"height":750},"sweep/avg/proj_manifold_dist":0.09817255303884546,"3d_spiral/delta/pred_precision":0.3148148148148148,"3d_planar_arm_line_n3/delta/pred_on_mean_v":0.006255116313695908,"3d_torus_surface/delta/proj_steps":32.83447265625,"3d_spatial_arm_circle_n3/delta/bidirectional_chamfer":0.012783433310687542,"3d_planar_arm_line_n3/delta/plot/3d_planar_arm_line_n3_delta_knn_normal":{"format":"png","width":900,"height":750,"_type":"image-file","sha256":"1b405d6f78c2f8b17cbb64c4e7f8712c67f7961c0b0ddd5cdb1dc1caf31c6a3d","size":202831,"path":"media/images/3d_planar_arm_line_n3/delta/plot/3d_planar_arm_line_n3_delta_knn_normal_2_1b405d6f78c2f8b17cbb.png"},"sweep/n_datasets":6,"3d_spiral/delta/proj_manifold_dist":0.026670437306165695,"sweep/avg/bidirectional_chamfer":0.1391512588597834,"3d_spiral/delta/proj_true_dist":0.06170375645160675,"3d_planar_arm_line_n3/delta/gt_to_learned_p95":0.023072348907589912,"3d_vz_2d_ellipse/loaded_layers_count":3,"3d_spiral/delta/gt_to_learned_mean":0.013018183410167694,"3d_spatial_arm_circle_n3/delta/n_learned":4096,"3d_torus_surface/delta/pred_recall":0.6026490066225165,"3d_vz_2d_ellipse/delta/learned_to_gt_p95":0.7118697166442871,"3d_planar_arm_line_n3/delta/proj_true_dist":0.4101528823375702,"_wandb":{"runtime":89},"3d_planar_arm_line_n3/delta/pred_recall":0.8231292517006803,"3d_spatial_arm_circle_n3/delta/plot/3d_spatial_arm_circle_n3_delta_knn_normal":{"height":750,"_type":"image-file","sha256":"cd52af86ea6847476aa405a2b7706c7947460c79304023f7e2b6c4d632ec6382","size":167891,"path":"media/images/3d_spatial_arm_circle_n3/delta/plot/3d_spatial_arm_circle_n3_delta_knn_normal_12_cd52af86ea6847476aa4.png","format":"png","width":900},"3d_planar_arm_line_n3/delta/plot/3d_planar_arm_line_n3_delta_loss_curves":{"size":203653,"path":"media/images/3d_planar_arm_line_n3/delta/plot/3d_planar_arm_line_n3_delta_loss_curves_3_3b921fa1cab58cd6cf6d.png","format":"png","width":1800,"height":600,"_type":"image-file","sha256":"3b921fa1cab58cd6cf6d57363bf3ca60d3ea51da1542132183767e7df5d42c1e"},"3d_saddle_surface/delta/n_learned":4096,"sweep/std/pred_precision":0.34295920708272587,"3d_torus_surface/loaded_layers_count":3,"3d_vz_2d_ellipse/delta/n_learned":4096,"3d_planar_arm_line_n3/delta/gt_to_learned_mean":0.01049870066344738,"3d_spiral/delta/bidirectional_chamfer":0.0411345474421978,"3d_torus_surface/delta/plot/3d_torus_surface_delta_zero_surfaces_3d":{"format":"png","width":1260,"height":1080,"_type":"image-file","sha256":"969f086959ef512a7d4e7095ded134ee7ec79a37c51554539dbdfaae2754cfba","size":366601,"path":"media/images/3d_torus_surface/delta/plot/3d_torus_surface_delta_zero_surfaces_3d_24_969f086959ef512a7d4e.png"},