{
  "pred_on_mean_v": 0.003934312611818314,
  "proj_manifold_dist": 0.08915401995182037,
  "proj_v_residual": 0.21352624893188477,
  "proj_true_dist": 0.5262460112571716,
  "proj_steps": 1.0,
  "pred_recall": 0.62548828125,
  "pred_FPrate": 0.05310199789695058,
  "pred_precision": 0.604736328125,
  "eval_eps_used": 0.13006487488746643,
  "dist_space": "data_space",
  "bidirectional_chamfer": 0.16534802317619324,
  "gt_to_learned_mean": 0.07564780861139297,
  "learned_to_gt_mean": 0.08970022201538086,
  "gt_to_learned_p95": 0.3048298954963684,
  "learned_to_gt_p95": 0.37422239780426025,
  "n_gt": 1024,
  "n_learned": 4096,
  "eps_stop": 0.13006487488746643,
  "train_seconds": 1.1718999300001087,
  "gen_manifold_dist": 0.11381299048662186,
  "gen_chamfer": 0.1867000162601471
}