{
  "pred_on_mean_v": 0.022698352113366127,
  "proj_manifold_dist": 0.13621628284454346,
  "proj_v_residual": 0.17636267840862274,
  "proj_true_dist": 0.7173035740852356,
  "proj_steps": 1.0,
  "pred_recall": 0.760498046875,
  "pred_FPrate": 0.14013749338974088,
  "pred_precision": 0.274658203125,
  "eval_eps_used": 0.2539316713809967,
  "dist_space": "data_space",
  "bidirectional_chamfer": 0.23355665802955627,
  "gt_to_learned_mean": 0.09676221013069153,
  "learned_to_gt_mean": 0.13679444789886475,
  "gt_to_learned_p95": 0.214577317237854,
  "learned_to_gt_p95": 0.4598728120326996,
  "n_gt": 1024,
  "n_learned": 4096,
  "eps_stop": 0.2539316713809967,
  "train_seconds": 1.0729040179999174,
  "gen_manifold_dist": 0.10663159936666489,
  "gen_chamfer": 0.1965755820274353
}