{
  "pred_on_mean_v": 0.0012694660108536482,
  "proj_manifold_dist": 0.053065426647663116,
  "proj_v_residual": 0.05892239511013031,
  "proj_true_dist": 0.31854313611984253,
  "proj_steps": 1.0,
  "pred_recall": 0.54296875,
  "pred_FPrate": 0.00487012987012987,
  "pred_precision": 0.861328125,
  "eval_eps_used": 0.06527300179004669,
  "dist_space": "data_space",
  "bidirectional_chamfer": 0.14479734003543854,
  "gt_to_learned_mean": 0.09054190665483475,
  "learned_to_gt_mean": 0.05425543338060379,
  "gt_to_learned_p95": 0.4845139682292938,
  "learned_to_gt_p95": 0.26790034770965576,
  "n_gt": 1024,
  "n_learned": 4096,
  "eps_stop": 0.06527300179004669,
  "train_seconds": 1.1558185069998217,
  "gen_manifold_dist": 0.024646010249853134,
  "gen_chamfer": 0.11232723295688629
}