{
  "pred_on_mean_v": 0.011187992990016937,
  "proj_manifold_dist": 0.2298503816127777,
  "proj_v_residual": 0.2414838671684265,
  "proj_true_dist": 1.3287652730941772,
  "proj_steps": 1.0,
  "pred_recall": 0.77685546875,
  "pred_FPrate": 0.09120768064679131,
  "pred_precision": 0.294677734375,
  "eval_eps_used": 0.20968499779701233,
  "dist_space": "workspace",
  "bidirectional_chamfer": 0.41730958223342896,
  "gt_to_learned_mean": 0.1269022673368454,
  "learned_to_gt_mean": 0.29040732979774475,
  "gt_to_learned_p95": 0.27300432324409485,
  "learned_to_gt_p95": 0.8985720872879028,
  "n_gt": 1024,
  "n_learned": 4096,
  "eps_stop": 0.20968499779701233,
  "train_seconds": 16.026656656999876,
  "gen_manifold_dist": 0.2920931875705719,
  "gen_chamfer": 0.4324946999549866
}