{
  "pred_on_mean_v": 0.009821002371609211,
  "proj_manifold_dist": 0.03093332052230835,
  "proj_v_residual": 0.11042514443397522,
  "proj_true_dist": 0.6957670450210571,
  "proj_steps": 1.0,
  "pred_recall": 0.88623046875,
  "pred_FPrate": 0.06438188494492043,
  "pred_precision": 0.440673828125,
  "eval_eps_used": 0.1963401585817337,
  "dist_space": "workspace",
  "bidirectional_chamfer": 0.03962598368525505,
  "gt_to_learned_mean": 0.007817491888999939,
  "learned_to_gt_mean": 0.03180849179625511,
  "gt_to_learned_p95": 0.015455188229680061,
  "learned_to_gt_p95": 0.04026651382446289,
  "n_gt": 1024,
  "n_learned": 4096,
  "eps_stop": 0.1963401585817337,
  "train_seconds": 4.82316291799998,
  "gen_manifold_dist": 0.030149485915899277,
  "gen_chamfer": 0.03809662163257599
}