{
  "pred_on_mean_v": 0.0029425770044326782,
  "proj_manifold_dist": 0.24881088733673096,
  "proj_v_residual": 0.18651114404201508,
  "proj_true_dist": 0.5906980037689209,
  "proj_steps": 1.0,
  "pred_recall": 0.245849609375,
  "pred_FPrate": 0.04940157881334352,
  "pred_precision": 0.16455078125,
  "eval_eps_used": 0.11075738072395325,
  "dist_space": "data_space",
  "bidirectional_chamfer": 0.5643846392631531,
  "gt_to_learned_mean": 0.2855423092842102,
  "learned_to_gt_mean": 0.27884232997894287,
  "gt_to_learned_p95": 0.8609277009963989,
  "learned_to_gt_p95": 0.8673956394195557,
  "n_gt": 1024,
  "n_learned": 4096,
  "eps_stop": 0.11075738072395325,
  "train_seconds": 4.307133705000069,
  "gen_manifold_dist": 0.18672125041484833,
  "gen_chamfer": 0.4657824635505676
}