{
  "pred_on_mean_v": 0.0022693073842674494,
  "proj_manifold_dist": 0.06372828781604767,
  "proj_v_residual": 0.09094086289405823,
  "proj_true_dist": 0.4057171940803528,
  "proj_steps": 1.0,
  "pred_recall": 0.4833984375,
  "pred_FPrate": 0.05577889447236181,
  "pred_precision": 0.31884765625,
  "eval_eps_used": 0.09064683318138123,
  "dist_space": "data_space",
  "bidirectional_chamfer": 0.19450905919075012,
  "gt_to_learned_mean": 0.10031799972057343,
  "learned_to_gt_mean": 0.0941910520195961,
  "gt_to_learned_p95": 0.38267984986305237,
  "learned_to_gt_p95": 0.18444645404815674,
  "n_gt": 1024,
  "n_learned": 4096,
  "eps_stop": 0.09064683318138123,
  "train_seconds": 4.174552783999843,
  "gen_manifold_dist": 0.0673331618309021,
  "gen_chamfer": 0.17140045762062073
}