{
  "pred_on_mean_v": 0.006005933042615652,
  "proj_manifold_dist": 0.08730874955654144,
  "proj_v_residual": 0.15069136023521423,
  "proj_true_dist": 0.4239572286605835,
  "proj_steps": 1.0,
  "pred_recall": 0.496826171875,
  "pred_FPrate": 0.0017094017094017094,
  "pred_precision": 0.093994140625,
  "eval_eps_used": 0.14855359494686127,
  "dist_space": "workspace",
  "bidirectional_chamfer": 0.1960967481136322,
  "gt_to_learned_mean": 0.06734191626310349,
  "learned_to_gt_mean": 0.12875482439994812,
  "gt_to_learned_p95": 0.11315509676933289,
  "learned_to_gt_p95": 0.28700706362724304,
  "n_gt": 1024,
  "n_learned": 4096,
  "eps_stop": 0.14855359494686127,
  "train_seconds": 24.670318825999857,
  "gen_manifold_dist": 0.07038379460573196,
  "gen_chamfer": 0.13215555250644684
}