{
  "pred_on_mean_v": 0.00016659912944305688,
  "proj_manifold_dist": 0.07437382638454437,
  "proj_v_residual": 0.0005150340148247778,
  "proj_true_dist": 0.10624179244041443,
  "proj_steps": 49.25927734375,
  "pred_recall": 0.79931640625,
  "pred_FPrate": 0.02088841882601798,
  "pred_precision": 0.809326171875,
  "eval_eps_used": 0.028628671541810036,
  "dist_space": "data_space",
  "bidirectional_chamfer": 0.09320088475942612,
  "gt_to_learned_mean": 0.017753029242157936,
  "learned_to_gt_mean": 0.07544785737991333,
  "gt_to_learned_p95": 0.042159345000982285,
  "learned_to_gt_p95": 0.4301874041557312,
  "n_gt": 1024,
  "n_learned": 4096,
  "eps_stop": 0.028628671541810036,
  "train_seconds": 3.837664876999952
}