{
  "pred_on_mean_v": 0.00015574300778098404,
  "proj_manifold_dist": 0.03598138689994812,
  "proj_v_residual": 0.01682218164205551,
  "proj_true_dist": 0.35315316915512085,
  "proj_steps": 49.00048828125,
  "pred_recall": 0.85009765625,
  "pred_FPrate": 0.004292929292929293,
  "pred_precision": 0.810791015625,
  "eval_eps_used": 0.022250156849622726,
  "dist_space": "workspace",
  "bidirectional_chamfer": 0.04265010356903076,
  "gt_to_learned_mean": 0.005970284808427095,
  "learned_to_gt_mean": 0.036679819226264954,
  "gt_to_learned_p95": 0.017454922199249268,
  "learned_to_gt_p95": 0.22253385186195374,
  "n_gt": 1024,
  "n_learned": 4096,
  "eps_stop": 0.022250156849622726,
  "train_seconds": 3.9161376040001414
}