{
  "pred_on_mean_v": 0.0003434156533330679,
  "proj_manifold_dist": 0.0739092081785202,
  "proj_v_residual": 0.010102011263370514,
  "proj_true_dist": 0.1340695172548294,
  "proj_steps": 52.63427734375,
  "pred_recall": 0.577392578125,
  "pred_FPrate": 0.016233766233766232,
  "pred_precision": 0.8076171875,
  "eval_eps_used": 0.03590487688779831,
  "dist_space": "data_space",
  "bidirectional_chamfer": 0.1628357321023941,
  "gt_to_learned_mean": 0.08774403482675552,
  "learned_to_gt_mean": 0.07509169727563858,
  "gt_to_learned_p95": 0.5005139112472534,
  "learned_to_gt_p95": 0.3706015944480896,
  "n_gt": 1024,
  "n_learned": 4096,
  "eps_stop": 0.03590487688779831,
  "train_seconds": 3.716236493999986
}