{
  "pred_on_mean_v": 0.0007192145567387342,
  "proj_manifold_dist": 0.27675187587738037,
  "proj_v_residual": 0.04488322511315346,
  "proj_true_dist": 1.025417685508728,
  "proj_steps": 49.609130859375,
  "pred_recall": 0.78564453125,
  "pred_FPrate": 0.05507832238504295,
  "pred_precision": 0.3134765625,
  "eval_eps_used": 0.05480768531560898,
  "dist_space": "workspace",
  "bidirectional_chamfer": 0.4686882495880127,
  "gt_to_learned_mean": 0.12541081011295319,
  "learned_to_gt_mean": 0.3432774543762207,
  "gt_to_learned_p95": 0.27525490522384644,
  "learned_to_gt_p95": 1.2448313236236572,
  "n_gt": 1024,
  "n_learned": 4096,
  "eps_stop": 0.05480768531560898,
  "train_seconds": 58.53794324699993
}