{
  "pred_on_mean_v": 6.727781874360517e-05,
  "proj_manifold_dist": 0.2400905191898346,
  "proj_v_residual": 0.000489311758428812,
  "proj_true_dist": 0.2799765467643738,
  "proj_steps": 49.003662109375,
  "pred_recall": 0.913330078125,
  "pred_FPrate": 0.024724602203182375,
  "pred_precision": 0.054443359375,
  "eval_eps_used": 0.019039664417505264,
  "dist_space": "workspace",
  "bidirectional_chamfer": 0.26397672295570374,
  "gt_to_learned_mean": 0.023751992732286453,
  "learned_to_gt_mean": 0.24022473394870758,
  "gt_to_learned_p95": 0.04244975373148918,
  "learned_to_gt_p95": 0.5952790379524231,
  "n_gt": 1024,
  "n_learned": 4096,
  "eps_stop": 0.019039664417505264,
  "train_seconds": 7.306925916000182
}