{
  "pred_on_mean_v": 0.0006110203685238957,
  "proj_manifold_dist": 0.10014642775058746,
  "proj_v_residual": 0.00023700876045040786,
  "proj_true_dist": 0.15259107947349548,
  "proj_steps": 49.029541015625,
  "pred_recall": 0.650634765625,
  "pred_FPrate": 0.03666921313980138,
  "pred_precision": 0.41943359375,
  "eval_eps_used": 0.05931005999445915,
  "dist_space": "data_space",
  "bidirectional_chamfer": 0.27251380681991577,
  "gt_to_learned_mean": 0.12845495343208313,
  "learned_to_gt_mean": 0.14405885338783264,
  "gt_to_learned_p95": 0.4666934609413147,
  "learned_to_gt_p95": 0.3429683744907379,
  "n_gt": 1024,
  "n_learned": 4096,
  "eps_stop": 0.05931005999445915,
  "train_seconds": 6.969245181000133
}