{
  "pred_on_mean_v": 7.744859613012522e-05,
  "proj_manifold_dist": 0.043798670172691345,
  "proj_v_residual": 0.009369662962853909,
  "proj_true_dist": 0.05184923857450485,
  "proj_steps": 53.097412109375,
  "pred_recall": 0.796875,
  "pred_FPrate": 0.03391959798994975,
  "pred_precision": 0.465087890625,
  "eval_eps_used": 0.01772616058588028,
  "dist_space": "data_space",
  "bidirectional_chamfer": 0.12399349361658096,
  "gt_to_learned_mean": 0.04513447731733322,
  "learned_to_gt_mean": 0.07885901629924774,
  "gt_to_learned_p95": 0.09821626543998718,
  "learned_to_gt_p95": 0.15131688117980957,
  "n_gt": 1024,
  "n_learned": 4096,
  "eps_stop": 0.01772616058588028,
  "train_seconds": 14.515377081000224
}