{
  "pred_on_mean_v": 0.00030724055250175297,
  "proj_manifold_dist": 0.276687890291214,
  "proj_v_residual": 4.4946915295440704e-05,
  "proj_true_dist": 0.28002434968948364,
  "proj_steps": 49.0,
  "pred_recall": 0.828369140625,
  "pred_FPrate": 0.07476635514018691,
  "pred_precision": 0.0888671875,
  "eval_eps_used": 0.03935283049941063,
  "dist_space": "data_space",
  "bidirectional_chamfer": 0.3097181022167206,
  "gt_to_learned_mean": 0.03282865881919861,
  "learned_to_gt_mean": 0.276889443397522,
  "gt_to_learned_p95": 0.06669406592845917,
  "learned_to_gt_p95": 0.8346415162086487,
  "n_gt": 1024,
  "n_learned": 4096,
  "eps_stop": 0.03935283049941063,
  "train_seconds": 3.5137937490003424
}