{
  "pred_on_mean_v": 0.0008759626653045416,
  "proj_manifold_dist": 0.37447279691696167,
  "proj_v_residual": 0.20780619978904724,
  "proj_true_dist": 0.5183274149894714,
  "proj_steps": 55.267822265625,
  "pred_recall": 0.89892578125,
  "pred_FPrate": 0.006591796875,
  "pred_precision": 0.0009765625,
  "eval_eps_used": 0.05777775123715401,
  "dist_space": "workspace",
  "bidirectional_chamfer": 0.4646538197994232,
  "gt_to_learned_mean": 0.08083036541938782,
  "learned_to_gt_mean": 0.3838234543800354,
  "gt_to_learned_p95": 0.1415490359067917,
  "learned_to_gt_p95": 1.5462749004364014,
  "n_gt": 1024,
  "n_learned": 4096,
  "eps_stop": 0.05777775123715401,
  "train_seconds": 61.68030632399996
}