{
  "pred_on_mean_v": 0.00010168230073759332,
  "proj_manifold_dist": 0.08991944044828415,
  "proj_v_residual": 0.01629338040947914,
  "proj_true_dist": 0.37428271770477295,
  "proj_steps": 61.216064453125,
  "pred_recall": 0.642333984375,
  "pred_FPrate": 0.0009768009768009768,
  "pred_precision": 0.181640625,
  "eval_eps_used": 0.021752854809165,
  "dist_space": "workspace",
  "bidirectional_chamfer": 0.28546571731567383,
  "gt_to_learned_mean": 0.06167060509324074,
  "learned_to_gt_mean": 0.2237951159477234,
  "gt_to_learned_p95": 0.10154479742050171,
  "learned_to_gt_p95": 0.7958933711051941,
  "n_gt": 1024,
  "n_learned": 4096,
  "eps_stop": 0.021752854809165,
  "train_seconds": 92.71903381400034
}