{
  "pred_on_mean_v": 1.2091220924048685e-05,
  "proj_manifold_dist": 0.03732898086309433,
  "proj_v_residual": 0.00047256535617634654,
  "proj_true_dist": 0.039458662271499634,
  "proj_steps": 19.000244140625,
  "pred_recall": 0.892578125,
  "pred_FPrate": 0.00528834046839587,
  "pred_precision": 0.545166015625,
  "eval_eps_used": 0.006000449415296316,
  "dist_space": "data_space",
  "bidirectional_chamfer": 0.11151808500289917,
  "gt_to_learned_mean": 0.03779993951320648,
  "learned_to_gt_mean": 0.07371814548969269,
  "gt_to_learned_p95": 0.07120613008737564,
  "learned_to_gt_p95": 0.14186954498291016,
  "n_gt": 1024,
  "n_learned": 4096,
  "eps_stop": 0.006000449415296316,
  "train_seconds": 31.02614290799829
}