{
  "pred_on_mean_v": 2.1417214156826958e-05,
  "proj_manifold_dist": 0.03742813318967819,
  "proj_v_residual": 0.00046394317178055644,
  "proj_true_dist": 0.0413028709590435,
  "proj_steps": 19.0,
  "pred_recall": 0.86083984375,
  "pred_FPrate": 0.0062940584088620345,
  "pred_precision": 0.54443359375,
  "eval_eps_used": 0.008962188847362995,
  "dist_space": "data_space",
  "bidirectional_chamfer": 0.11390851438045502,
  "gt_to_learned_mean": 0.04103570803999901,
  "learned_to_gt_mean": 0.07287280261516571,
  "gt_to_learned_p95": 0.0832095518708229,
  "learned_to_gt_p95": 0.1394883394241333,
  "n_gt": 1024,
  "n_learned": 4096,
  "eps_stop": 0.008962188847362995,
  "train_seconds": 15.842451625008835
}