dataset,method,n,mean,median,std,min,max
3d_spatial_arm_circle_n3,delta,3,0.11971028645833333,0.14599609375,0.04389751330810374,0.057861328125,0.1552734375
3d_spatial_arm_circle_n3,eikonal,3,0.9429524739583334,0.942138671875,0.00422550618025624,0.938232421875,0.948486328125
3d_spatial_arm_circle_n3,vae,3,0.3534342447916667,0.182373046875,0.3203328650805557,0.07568359375,0.80224609375
3d_spatial_arm_circle_n3,ecomann,3,0.2582194010416667,0.258056640625,0.03608072094347615,0.214111328125,0.302490234375
