{"sweep/n_seeds":1,"3d_spatial_arm_circle_n3/vae/pred_recall":0.9090909090909091,"3d_torus_surface/vae/gt_to_learned_mean":0.16613267362117767,"3d_spatial_arm_circle_n3/vae/pred_FPrate":0.06438188494492043,"3d_planar_arm_line_n3/vae/bidirectional_chamfer":0.23118719458580017,"sweep/std/pred_recall":0.07191181414040342,"_step":27,"3d_planar_arm_line_n3/vae/plot/3d_planar_arm_line_n3_vae_loss_curves":{"_type":"image-file","sha256":"164c5bbb0428745d71358ecf4a6d1d755773392aebf84a14913fcce0adbec94a","size":83371,"path":"media/images/3d_planar_arm_line_n3/vae/plot/3d_planar_arm_line_n3_vae_loss_curves_2_164c5bbb0428745d7135.png","format":"png","width":1350,"height":600},"3d_torus_surface/vae/pred_precision":0.10200190657769304,"3d_torus_surface/vae/pred_manifold_dist":0.19910205900669098,"3d_spatial_arm_circle_n3/vae/n_learned":4096,"sweep/std/bidirectional_chamfer":0.1759974790393882,"_timestamp":1.7726157190131023e+09,"sweep/std/pred_on_mean_v":0.00658125850061441,"3d_torus_surface/vae/n_learned":4096,"3d_spiral/vae/gt_to_learned_mean":0.02013232186436653,"3d_spatial_arm_circle_n3/vae/gt_to_learned_p95":0.015328588895499706,"3d_planar_arm_line_n3/vae/pred_on_mean_v":0.021219011396169662,"sweep/avg/eval_eps_used":0.2096592515707016,"sweep/avg/pred_on_mean_v":0.011148256715387106,"3d_vz_2d_ellipse/vae/plot/3d_vz_2d_ellipse_vae_visualize_all":{"size":388696,"path":"media/images/3d_vz_2d_ellipse/vae/plot/3d_vz_2d_ellipse_vae_visualize_all_24_0734b1133a4bb0aa9c3e.png","format":"png","width":1848,"height":907,"_type":"image-file","sha256":"0734b1133a4bb0aa9c3efed84a8036c9f347ac166707baf3d4610950e82845e7"},"3d_spiral/vae/learned_to_gt_mean":0.03063216432929039,"3d_spiral/vae/learned_to_gt_p95":0.042060330510139465,"3d_spiral/vae/pred_on_mean_v":0.0018652197904884815,"3d_vz_2d_ellipse/vae/proj_v_residual":0.1616983711719513,"3d_planar_arm_line_n3/vae/pred_precision":0.14979195561719832,"3d_vz_2d_ellipse/vae/pred_precision":0.06830601092896176,"3d_torus_surface/vae/learned_to_gt_mean":0.35850492119789124,"3d_vz_2d_ellipse/vae/proj_manifold_dist":0.12995263934135437,"3d_torus_surface/vae/plot/3d_torus_surface_vae_loss_curves":{"_type":"image-file","sha256":"9503d8534d6fe0250b680f9de636b93025fb540723c8b29338384e05c4979436","size":81109,"path":"media/images/3d_torus_surface/vae/plot/3d_torus_surface_vae_loss_curves_17_9503d8534d6fe0250b68.png","format":"png","width":1350,"height":600},"sweep/avg/pred_manifold_dist":0.13157352358102797,"3d_torus_surface/vae/plot/3d_torus_surface_vae_planner_paths_3d":{"size":304826,"path":"media/images/3d_torus_surface/vae/plot/3d_torus_surface_vae_planner_paths_3d_18_ab3d32bdfdd3af291d5a.png","format":"png","width":1428,"height":1156,"_type":"image-file","sha256":"ab3d32bdfdd3af291d5aa17ca69108cbca5728e5bdc1c766e69d5786130735fe"},"3d_spatial_arm_circle_n3/vae/proj_true_dist":0.6957237720489502,"3d_vz_2d_ellipse/vae/eval_eps_used":0.19136543571949005,"3d_spiral/vae/pred_recall":0.7777777777777778,"3d_vz_2d_ellipse/vae/pred_on_mean_v":0.0077395206317305565,"3d_spiral/vae/plot/3d_spiral_vae_planner_paths_3d":{"height":1156,"_type":"image-file","sha256":"164b82c8994f49ffa15dcca3ae7f06d3c9bc02f628bad77a242a131a5d36ddc3","size":311514,"path":"media/images/3d_spiral/vae/plot/3d_spiral_vae_planner_paths_3d_13_164b82c8994f49ffa15d.png","format":"png","width":1428},"3d_planar_arm_line_n3/vae/plot/3d_planar_arm_line_n3_vae_visualize_all":{"_type":"image-file","sha256":"0df621ca905b21e5ebd80fd4d1686be13614e9321e9ce672570ec8d98e3d7abd","size":457797,"path":"media/images/3d_planar_arm_line_n3/vae/plot/3d_planar_arm_line_n3_vae_visualize_all_4_0df621ca905b21e5ebd8.png","format":"png","width":1833,"height":904},"3d_spiral/vae/proj_true_dist":1.0354599952697754,"sweep/std/learned_to_gt_p95":0.48053386702243545,"sweep/avg/gt_to_learned_p95":0.18702792134135962,"sweep/avg/eps_stop":0.2096592515707016,"3d_vz_2d_ellipse/vae/pred_FPrate":0.0838662075750123,"sweep/std/proj_true_dist":0.17704798767324498,"3d_planar_arm_line_n3/vae/proj_steps":1,"3d_torus_surface/vae/gt_to_learned_p95":0.41792571544647217,"sweep/std/pred_manifold_dist":0.05060522413090356,"3d_vz_2d_ellipse/vae/gt_to_learned_p95":0.4442484974861145,"sweep/avg/proj_v_residual":0.1791826993227005,"sweep/avg/n_learned":4096,"sweep/avg/learned_to_gt_mean":0.15448380783200263,"3d_torus_surface/vae/pred_on_mean_v":0.015096529386937618,"3d_spatial_arm_circle_n3/vae/eval_eps_used":0.1963401585817337,"3d_vz_2d_ellipse/vae/bidirectional_chamfer":0.2502393424510956,"sweep/avg/learned_to_gt_p95":0.5840519197285176,"sweep/std/eps_stop":0.07061404738440223,"3d_vz_2d_ellipse/vae/proj_steps":1,"sweep/std/learned_to_gt_mean":0.12405717284719624,"3d_spatial_arm_circle_n3/vae/bidirectional_chamfer":0.040018707513809204,"3d_spatial_arm_circle_n3/vae/proj_manifold_dist":0.030938636511564255,"3d_spiral/vae/proj_manifold_dist":0.028649065643548965,"3d_planar_arm_line_n3/vae/learned_to_gt_mean":0.22081363201141357,"sweep/avg/pred_FPrate":0.1095310671594792,"3d_planar_arm_line_n3/vae/gt_to_learned_p95":0.02144162729382515,"sweep/n_datasets":5,"3d_spiral/vae/gt_to_learned_p95":0.03619517758488655,"3d_spatial_arm_circle_n3/vae/plot/3d_spatial_arm_circle_n3_vae_loss_curves":{"_type":"image-file","sha256":"6c55aa70a7c128d37874ae37c450fcbce9be3a1b1274483271e92f73d7102fad","size":80245,"path":"media/images/3d_spatial_arm_circle_n3/vae/plot/3d_spatial_arm_circle_n3_vae_loss_curves_7_6c55aa70a7c128d37874.png","format":"png","width":1350,"height":600},"3d_vz_2d_ellipse/vae/plot/3d_vz_2d_ellipse_vae_planner_paths_3d":{"sha256":"4642e68c4d4beba521e90c462ac1cb6376d53b10e95fef274af0c43fab35fd18","size":278226,"path":"media/images/3d_vz_2d_ellipse/vae/plot/3d_vz_2d_ellipse_vae_planner_paths_3d_23_4642e68c4d4beba521e9.png","format":"png","width":1428,"height":1156,"_type":"image-file"},"3d_planar_arm_line_n3/vae/eval_eps_used":0.303447425365448,"3d_torus_surface/vae/proj_true_dist":0.6076023578643799,"3d_torus_surface/vae/pred_recall":0.7086092715231788,"3d_spatial_arm_circle_n3/vae/pred_on_mean_v":0.009821002371609211,"sweep/avg/pred_recall":0.7927010338552438,"3d_spatial_arm_circle_n3/vae/plot/3d_spatial_arm_circle_n3_vae_planning_demo":{"height":2040,"_type":"image-file","sha256":"94fd75b04ed4cd78c030af98d15a074f58a018dda255485c689a4046aa855968","size":1272495,"path":"media/images/3d_spatial_arm_circle_n3/vae/plot/3d_spatial_arm_circle_n3_vae_planning_demo_8_94fd75b04ed4cd78c030.png","format":"png","width":1785},"3d_planar_arm_line_n3/vae/n_learned":4096,"3d_spatial_arm_circle_n3/vae/gt_to_learned_mean":0.008061311207711697,"sweep/std/proj_steps":0,"3d_spatial_arm_circle_n3/vae/learned_to_gt_mean":0.03195739537477493,"3d_planar_arm_line_n3/vae/n_gt":1024,"3d_vz_2d_ellipse/vae/gt_to_learned_mean":0.11972842365503311,"sweep/avg/proj_manifold_dist":0.1483379364013672,"sweep/std/eval_eps_used":0.07061404738440223,"sweep/std/gt_to_learned_p95":0.19956262888762663,"3d_planar_arm_line_n3/vae/pred_recall":0.7346938775510204,"3d_planar_arm_line_n3/vae/proj_v_residual":0.3143683671951294,"3d_vz_2d_ellipse/vae/pred_manifold_dist":0.12223619967699051,"3d_spiral/vae/pred_manifold_dist":0.04636962711811066,"3d_torus_surface/vae/bidirectional_chamfer":0.5246375799179077,"3d_torus_surface/vae/proj_steps":1,"3d_spiral/vae/eval_eps_used":0.09583543241024017,"3d_planar_arm_line_n3/vae/proj_true_dist":0.546919584274292,"sweep/avg/pred_precision":0.1491237597285557,"3d_planar_arm_line_n3/vae/pred_FPrate":0.15522917194226388,"3d_planar_arm_line_n3/vae/eps_stop":0.303447425365448,"3d_torus_surface/vae/eps_stop":0.26130780577659607,"3d_planar_arm_line_n3/vae/proj_manifold_dist":0.22057877480983734,"3d_vz_2d_ellipse/vae/proj_true_dist":0.5889326333999634,"3d_vz_2d_ellipse/vae/n_learned":4096,"3d_spatial_arm_circle_n3/vae/n_gt":1024,"3d_spiral/vae/plot/3d_spiral_vae_loss_curves":{"format":"png","width":1350,"height":600,"_type":"image-file","sha256":"bdb47e14c9e23476ca91c38c4dee018204a507e8cbb4936b1c13de4317d188ca","size":76362,