{
  "pred_on_mean_v": 1.6492172479629517,
  "proj_manifold_dist": 0.6019070744514465,
  "proj_v_residual": 7.124406337738037,
  "proj_true_dist": 1.072331190109253,
  "proj_steps": 32.6171875,
  "pred_recall": 0.8834891732283464,
  "pred_FPrate": 0.1053147195689444,
  "pred_precision": 0.00439453125,
  "eval_eps_used": 2.742025375366211,
  "dist_space": "workspace",
  "bidirectional_chamfer": 0.7148190140724182,
  "gt_to_learned_mean": 0.11291193217039108,
  "learned_to_gt_mean": 0.6019070744514465,
  "gt_to_learned_p95": 0.20270131528377533,
  "learned_to_gt_p95": 1.069216012954712,
  "n_gt": 8128,
  "n_learned": 4096,
  "eps_stop": 2.742025375366211,
  "train_seconds": 163.31106782902498
}