{
  "pred_on_mean_v": 0.022711465135216713,
  "proj_manifold_dist": 0.40943190455436707,
  "proj_v_residual": 0.23183023929595947,
  "proj_true_dist": 0.6049938797950745,
  "proj_steps": 1.0,
  "pred_recall": NaN,
  "pred_FPrate": 0.038330078125,
  "pred_manifold_dist": 0.31668367981910706,
  "pred_precision": 0.0,
  "eval_eps_used": 0.28995281457901,
  "dist_space": "data_space",
  "bidirectional_chamfer": 0.877108097076416,
  "gt_to_learned_mean": 0.3831427991390228,
  "learned_to_gt_mean": 0.4939653277397156,
  "gt_to_learned_p95": 0.7580777406692505,
  "learned_to_gt_p95": 1.1082148551940918,
  "n_gt": 1024,
  "n_learned": 4096,
  "eps_stop": 0.28995281457901
}