{
  "pred_on_mean_v": 0.045581817626953125,
  "proj_manifold_dist": 0.18980680406093597,
  "proj_v_residual": 0.08708125352859497,
  "proj_true_dist": 0.4466173052787781,
  "proj_steps": 5.5791015625,
  "pred_recall": 0.8692175196850394,
  "pred_FPrate": 0.2690640142820709,
  "pred_precision": 0.081787109375,
  "eval_eps_used": 0.4487271010875702,
  "dist_space": "workspace",
  "bidirectional_chamfer": 0.2836407423019409,
  "gt_to_learned_mean": 0.09383392333984375,
  "learned_to_gt_mean": 0.18980680406093597,
  "gt_to_learned_p95": 0.23476962745189667,
  "learned_to_gt_p95": 0.45164522528648376,
  "n_gt": 8128,
  "n_learned": 4096,
  "eps_stop": 0.4487271010875702,
  "train_seconds": 14.813111203024164
}