{
  "pred_on_mean_v": 0.025525499135255814,
  "proj_manifold_dist": 0.20091509819030762,
  "proj_v_residual": 0.0007353611872531474,
  "proj_true_dist": 0.29607170820236206,
  "proj_steps": 2.511474609375,
  "pred_recall": 0.7054625984251969,
  "pred_FPrate": 0.1755424063116371,
  "pred_precision": 0.487060546875,
  "eval_eps_used": 0.2882765829563141,
  "dist_space": "data_space",
  "bidirectional_chamfer": 0.443999707698822,
  "gt_to_learned_mean": 0.2430846095085144,
  "learned_to_gt_mean": 0.20091509819030762,
  "gt_to_learned_p95": 0.8722366690635681,
  "learned_to_gt_p95": 0.9076140522956848,
  "n_gt": 8128,
  "n_learned": 4096,
  "eps_stop": 0.2882765829563141,
  "train_seconds": 2.694372708996525
}