{
  "pred_on_mean_v": 0.013332434929907322,
  "proj_manifold_dist": 0.19301562011241913,
  "proj_v_residual": 0.03423074632883072,
  "proj_true_dist": 1.1566462516784668,
  "proj_steps": 2.799072265625,
  "pred_recall": 0.8946850393700787,
  "pred_FPrate": 0.19667738478027866,
  "pred_precision": 0.373291015625,
  "eval_eps_used": 0.26794469356536865,
  "dist_space": "workspace",
  "bidirectional_chamfer": 0.35302305221557617,
  "gt_to_learned_mean": 0.16000744700431824,
  "learned_to_gt_mean": 0.19301562011241913,
  "gt_to_learned_p95": 0.3188149034976959,
  "learned_to_gt_p95": 0.3952334523200989,
  "n_gt": 8128,
  "n_learned": 4096,
  "eps_stop": 0.26794469356536865,
  "train_seconds": 80.47516371900565
}