{
  "pred_on_mean_v": 0.013547157868742943,
  "proj_manifold_dist": 0.38769030570983887,
  "proj_v_residual": 0.04017438739538193,
  "proj_true_dist": 0.5792075395584106,
  "proj_steps": 3.024169921875,
  "pred_recall": 0.8635580708661418,
  "pred_FPrate": 0.3812083973374296,
  "pred_precision": 0.14501953125,
  "eval_eps_used": 0.28079110383987427,
  "dist_space": "workspace",
  "bidirectional_chamfer": 0.4028395116329193,
  "gt_to_learned_mean": 0.015149210579693317,
  "learned_to_gt_mean": 0.38769030570983887,
  "gt_to_learned_p95": 0.03841586783528328,
  "learned_to_gt_p95": 1.5469392538070679,
  "n_gt": 8128,
  "n_learned": 4096,
  "eps_stop": 0.28079110383987427,
  "train_seconds": 22.234917614987353
}