{
  "pred_on_mean_v": 0.014482636004686356,
  "proj_manifold_dist": 0.16973665356636047,
  "proj_v_residual": 0.02123480662703514,
  "proj_true_dist": 0.4093739986419678,
  "proj_steps": 4.205078125,
  "pred_recall": 0.8676181102362205,
  "pred_FPrate": 0.06812055868659642,
  "pred_precision": 0.00146484375,
  "eval_eps_used": 0.2290160357952118,
  "dist_space": "workspace",
  "bidirectional_chamfer": 0.2480316013097763,
  "gt_to_learned_mean": 0.07829494774341583,
  "learned_to_gt_mean": 0.16973665356636047,
  "gt_to_learned_p95": 0.14257921278476715,
  "learned_to_gt_p95": 0.508899450302124,
  "n_gt": 8128,
  "n_learned": 4096,
  "eps_stop": 0.2290160357952118,
  "train_seconds": 48.921353612997336
}