{
  "pred_on_mean_v": 0.18472826480865479,
  "proj_manifold_dist": 0.3321014642715454,
  "proj_v_residual": 0.0005668309167958796,
  "proj_true_dist": 0.3705669939517975,
  "proj_steps": 3.319091796875,
  "pred_recall": 0.8809055118110236,
  "pred_FPrate": 0.5568390653714885,
  "pred_precision": 0.0,
  "eval_eps_used": 0.6876225471496582,
  "dist_space": "data_space",
  "bidirectional_chamfer": 0.6737419366836548,
  "gt_to_learned_mean": 0.34164050221443176,
  "learned_to_gt_mean": 0.3321014642715454,
  "gt_to_learned_p95": 0.5022070407867432,
  "learned_to_gt_p95": 0.44599175453186035,
  "n_gt": 8128,
  "n_learned": 4096,
  "eps_stop": 0.6876225471496582,
  "train_seconds": 12.440550200000871
}