{
  "pred_on_mean_v": 0.1708688735961914,
  "proj_manifold_dist": 0.8338415622711182,
  "proj_v_residual": 0.09027168154716492,
  "proj_true_dist": 1.3975014686584473,
  "proj_steps": 18.7451171875,
  "pred_recall": 0.7088888888888889,
  "pred_FPrate": 0.660607704829083,
  "pred_precision": 0.036376953125,
  "eval_eps_used": 0.7842612862586975,
  "dist_space": "data_space",
  "bidirectional_chamfer": 1.506788969039917,
  "gt_to_learned_mean": 0.672947347164154,
  "learned_to_gt_mean": 0.8338415622711182,
  "gt_to_learned_p95": 1.4356725215911865,
  "learned_to_gt_p95": 1.9336614608764648,
  "n_gt": 8100,
  "n_learned": 4096,
  "eps_stop": 0.7842612862586975,
  "train_seconds": 8.113759453990497
}