{
  "pred_on_mean_v": 0.023270290344953537,
  "proj_manifold_dist": 0.216678649187088,
  "proj_v_residual": 0.0001652933715377003,
  "proj_true_dist": 0.248548686504364,
  "proj_steps": 3.0283203125,
  "pred_recall": 0.8467027559055118,
  "pred_FPrate": 0.2225782597978802,
  "pred_precision": 0.1025390625,
  "eval_eps_used": 0.3019647002220154,
  "dist_space": "data_space",
  "bidirectional_chamfer": 0.41171911358833313,
  "gt_to_learned_mean": 0.19504046440124512,
  "learned_to_gt_mean": 0.216678649187088,
  "gt_to_learned_p95": 0.373009592294693,
  "learned_to_gt_p95": 0.36208194494247437,
  "n_gt": 8128,
  "n_learned": 4096,
  "eps_stop": 0.3019647002220154,
  "train_seconds": 28.286791304999497
}