{
  "pred_on_mean_v": 0.025886572897434235,
  "proj_manifold_dist": 0.19351547956466675,
  "proj_v_residual": 0.00014654797269031405,
  "proj_true_dist": 0.21992290019989014,
  "proj_steps": 2.88671875,
  "pred_recall": 0.890748031496063,
  "pred_FPrate": 0.1800889328063241,
  "pred_precision": 0.0,
  "eval_eps_used": 0.2548030912876129,
  "dist_space": "data_space",
  "bidirectional_chamfer": 0.376816987991333,
  "gt_to_learned_mean": 0.18330149352550507,
  "learned_to_gt_mean": 0.19351547956466675,
  "gt_to_learned_p95": 0.26472753286361694,
  "learned_to_gt_p95": 0.2703225016593933,
  "n_gt": 8128,
  "n_learned": 4096,
  "eps_stop": 0.2548030912876129,
  "train_seconds": 40.84263060399098
}