{
  "pred_on_mean_v": 0.005129460245370865,
  "proj_manifold_dist": 0.1407192349433899,
  "proj_v_residual": 0.017431624233722687,
  "proj_true_dist": 0.3616311848163605,
  "proj_steps": 3.73046875,
  "pred_recall": 0.8988681102362205,
  "pred_FPrate": 0.007081807081807082,
  "pred_precision": 0.046630859375,
  "eval_eps_used": 0.13837093114852905,
  "dist_space": "workspace",
  "bidirectional_chamfer": 0.32246214151382446,
  "gt_to_learned_mean": 0.08191530406475067,
  "learned_to_gt_mean": 0.2405468225479126,
  "gt_to_learned_p95": 0.12464640289545059,
  "learned_to_gt_p95": 1.0357723236083984,
  "n_gt": 8128,
  "n_learned": 4096,
  "eps_stop": 0.13837093114852905,
  "train_seconds": 1255.448489847011
}