{
  "pred_on_mean_v": 0.008795153349637985,
  "proj_manifold_dist": 0.5115436911582947,
  "proj_v_residual": 0.008652876131236553,
  "proj_true_dist": 0.6351841688156128,
  "proj_steps": 6.9814453125,
  "pred_recall": 0.884033203125,
  "pred_FPrate": 0.21076115485564303,
  "pred_precision": 0.292236328125,
  "eval_eps_used": 0.1879122406244278,
  "dist_space": "data_space",
  "bidirectional_chamfer": 0.6091547608375549,
  "gt_to_learned_mean": 0.09714491665363312,
  "learned_to_gt_mean": 0.512009859085083,
  "gt_to_learned_p95": 0.2537038028240204,
  "learned_to_gt_p95": 0.7762467265129089,
  "n_gt": 1024,
  "n_learned": 4096,
  "eps_stop": 0.1879122406244278,
  "train_seconds": 18.530528772156686
}