{
  "pred_on_mean_v": 0.03337222337722778,
  "proj_manifold_dist": 0.19699659943580627,
  "proj_v_residual": 0.17241054773330688,
  "proj_true_dist": 0.39493682980537415,
  "proj_steps": 3.4609375,
  "pred_recall": 0.88134765625,
  "pred_FPrate": 0.2464859437751004,
  "pred_precision": 0.049072265625,
  "eval_eps_used": 0.409701943397522,
  "dist_space": "workspace",
  "bidirectional_chamfer": 0.288135290145874,
  "gt_to_learned_mean": 0.09106322377920151,
  "learned_to_gt_mean": 0.19707205891609192,
  "gt_to_learned_p95": 0.19755923748016357,
  "learned_to_gt_p95": 0.4023897647857666,
  "n_gt": 1024,
  "n_learned": 4096,
  "eps_stop": 0.409701943397522,
  "train_seconds": 15.327840153127909
}