{
  "pred_on_mean_v": 0.041891396045684814,
  "proj_manifold_dist": 0.30800294876098633,
  "proj_v_residual": 0.04420245438814163,
  "proj_true_dist": 1.0283399820327759,
  "proj_steps": 2.91650390625,
  "pred_recall": 0.882568359375,
  "pred_FPrate": 0.3979772439949431,
  "pred_precision": 0.086181640625,
  "eval_eps_used": 0.44552379846572876,
  "dist_space": "workspace",
  "bidirectional_chamfer": 0.5988520383834839,
  "gt_to_learned_mean": 0.2408117949962616,
  "learned_to_gt_mean": 0.3580402135848999,
  "gt_to_learned_p95": 0.453389972448349,
  "learned_to_gt_p95": 0.6398826241493225,
  "n_gt": 1024,
  "n_learned": 4096,
  "eps_stop": 0.44552379846572876,
  "train_seconds": 84.6838857382536
}