{
  "pred_on_mean_v": 0.00044256082037463784,
  "proj_manifold_dist": 0.03758934140205383,
  "proj_v_residual": 0.01118768472224474,
  "proj_true_dist": 0.15627095103263855,
  "proj_steps": 5.9423828125,
  "pred_recall": 0.887451171875,
  "pred_FPrate": 0.0031815956926089083,
  "pred_precision": 0.97119140625,
  "eval_eps_used": 0.038304876536130905,
  "dist_space": "workspace",
  "bidirectional_chamfer": 0.05161326006054878,
  "gt_to_learned_mean": 0.013315454125404358,
  "learned_to_gt_mean": 0.038297805935144424,
  "gt_to_learned_p95": 0.01652209274470806,
  "learned_to_gt_p95": 0.0244691651314497,
  "n_gt": 1024,
  "n_learned": 4096,
  "eps_stop": 0.038304876536130905,
  "train_seconds": 296.57695657387376
}