{
  "pred_on_mean_v": 0.023221414536237717,
  "proj_manifold_dist": 0.13167577981948853,
  "proj_v_residual": 4.854931466979906e-05,
  "proj_true_dist": 0.20483450591564178,
  "proj_steps": 2.876708984375,
  "pred_recall": 0.8994140625,
  "pred_FPrate": 0.466148445336008,
  "pred_precision": 0.072509765625,
  "eval_eps_used": 0.34897059202194214,
  "dist_space": "data_space",
  "bidirectional_chamfer": 0.2847650647163391,
  "gt_to_learned_mean": 0.13156390190124512,
  "learned_to_gt_mean": 0.1532011777162552,
  "gt_to_learned_p95": 0.33807066082954407,
  "learned_to_gt_p95": 0.29910075664520264,
  "n_gt": 1024,
  "n_learned": 4096,
  "eps_stop": 0.34897059202194214,
  "train_seconds": 9.748669730965048
}