{
  "pred_on_mean_v": 8.040873217396438e-05,
  "proj_manifold_dist": 0.01750667579472065,
  "proj_v_residual": 0.019292736425995827,
  "proj_true_dist": 0.286754310131073,
  "proj_steps": 19.0,
  "pred_recall": 0.9052734375,
  "pred_FPrate": 0.0,
  "pred_precision": 0.948486328125,
  "eval_eps_used": 0.01948273926973343,
  "dist_space": "workspace",
  "bidirectional_chamfer": 0.024817952886223793,
  "gt_to_learned_mean": 0.006292782258242369,
  "learned_to_gt_mean": 0.018525170162320137,
  "gt_to_learned_p95": 0.010677052661776543,
  "learned_to_gt_p95": 0.0270753912627697,
  "n_gt": 1024,
  "n_learned": 4096,
  "eps_stop": 0.01948273926973343,
  "train_seconds": 26.754313222998462
}