{
  "pred_on_mean_v": 0.002550798002630472,
  "proj_manifold_dist": 0.2125847190618515,
  "proj_v_residual": 0.3056209981441498,
  "proj_true_dist": 1.1761019229888916,
  "proj_steps": 29.005126953125,
  "pred_recall": 0.00146484375,
  "pred_FPrate": 0.00732421875,
  "pred_precision": 0.000244140625,
  "eval_eps_used": 0.09164487570524216,
  "dist_space": "workspace",
  "bidirectional_chamfer": 0.6193745732307434,
  "gt_to_learned_mean": 0.32868170738220215,
  "learned_to_gt_mean": 0.29069286584854126,
  "gt_to_learned_p95": 0.5669664144515991,
  "learned_to_gt_p95": 0.4585496187210083,
  "n_gt": 1024,
  "n_learned": 4096,
  "eps_stop": 0.09164487570524216
}