{"2d_looped_spiro/delta/learned_to_gt_mean":0.1674419343471527,"2d_planar_arm_line_n2/delta/n_gt":1024,"sweep/avg/proj_steps":34.992716471354164,"2d_looped_spiro/delta/proj_v_residual":0.11098067462444305,"2d_figure_eight/delta/pred_manifold_dist":0.16541822254657745,"2d_square/delta/proj_manifold_dist":0.059990473091602325,"sweep/std/eval_eps_used":0.03546260459958738,"2d_square/delta/n_gt":1024,"2d_figure_eight/loaded_layers_count":3,"2d_square/delta/pred_manifold_dist":0.08660086989402771,"sweep/avg/n_gt":1024,"2d_square/delta/pred_FPrate":0.2479599894709134,"sweep/avg/gt_to_learned_mean":0.04331653340098759,"2d_figure_eight/delta/bidirectional_chamfer":0.17943549156188965,"2d_looped_spiro/delta/eps_stop":0.15228331089019775,"2d_figure_eight/delta/gt_to_learned_mean":0.04229321330785751,"2d_looped_spiro/delta/plot/2d_looped_spiro_delta_planner_paths":{"sha256":"eed830e6e5c802aee47b35baa26269e0eb23f0e6e190878859f378c46fa6f92a","size":349004,"path":"media/images/2d_looped_spiro/delta/plot/2d_looped_spiro_delta_planner_paths_17_eed830e6e5c802aee47b.png","format":"png","width":1200,"height":900,"_type":"image-file"},"sweep/avg/pred_FPrate":0.3854994649420396,"2d_figure_eight/delta/pred_precision":0.10777457836281365,"2d_looped_spiro/delta/pred_on_mean_v":0.007970713078975677,"2d_sparse_sine/delta/n_gt":1024,"2d_square/delta/plot/2d_square_delta_loss_curves":{"_type":"image-file","sha256":"9652c468d9af6972bd816a91bde0831d370c6ec5e621272a2a2bb7abcbf8a0cd","size":183298,"path":"media/images/2d_square/delta/plot/2d_square_delta_loss_curves_34_9652c468d9af6972bd81.png","format":"png","width":1800,"height":600},"2d_sparse_sine/delta/bidirectional_chamfer":0.36216074228286743,"2d_looped_spiro/delta/learned_to_gt_p95":0.40557414293289185,"2d_figure_eight/delta/plot/2d_figure_eight_delta_knn_normal":{"_type":"image-file","sha256":"7161e26db1170caee7cc5429b494bc22f3249832349e1fece20f5770d342aeaf","size":73072,"path":"media/images/2d_figure_eight/delta/plot/2d_figure_eight_delta_knn_normal_9_7161e26db1170caee7cc.png","format":"png","width":900,"height":750},"sweep/n_cases":6,"2d_looped_spiro/delta/pred_recall":0.8949044585987261,"2d_ellipse/delta/plot/2d_ellipse_delta_planner_paths":{"sha256":"b58856d2bc42f1554c0fbeae59ca6263b29cfec1aa11a3895a66f41ac6364549","size":431272,"path":"media/images/2d_ellipse/delta/plot/2d_ellipse_delta_planner_paths_5_b58856d2bc42f1554c0f.png","format":"png","width":1200,"height":900,"_type":"image-file"},"2d_planar_arm_line_n2/delta/eps_stop":0.1556050032377243,"2d_looped_spiro/delta/gt_to_learned_mean":0.03479713201522827,"2d_ellipse/delta/eps_stop":0.0654655322432518,"2d_planar_arm_line_n2/delta/plot/2d_planar_arm_line_n2_delta_planner_paths":{"size":227414,"path":"media/images/2d_planar_arm_line_n2/delta/plot/2d_planar_arm_line_n2_delta_planner_paths_23_6072c60fae59d526112d.png","format":"png","width":1200,"height":900,"_type":"image-file","sha256":"6072c60fae59d526112de295049621dd52d924152c0bcd01d096db79eeaf9691"},"2d_sparse_sine/delta/learned_to_gt_mean":0.2564358711242676,"2d_looped_spiro/delta/proj_true_dist":0.23067787289619446,"2d_sparse_sine/delta/pred_on_mean_v":0.007309164386242628,"2d_planar_arm_line_n2/delta/pred_on_mean_v":0.010189393535256386,"2d_figure_eight/delta/plot/2d_figure_eight_delta_contour_traj":{"size":524957,"path":"media/images/2d_figure_eight/delta/plot/2d_figure_eight_delta_contour_traj_8_daa0a89f0402ec0b5445.png","format":"png","width":1280,"height":960,"_type":"image-file","sha256":"daa0a89f0402ec0b5445b89d9d04f67a63b9eac2c498627867e5e2112e1e85cb"},"2d_looped_spiro/delta/bidirectional_chamfer":0.20223906636238098,"sweep/std/bidirectional_chamfer":0.2002426348238122,"2d_sparse_sine/delta/eps_stop":0.17611302435398102,"2d_square/delta/pred_on_mean_v":0.0037339339032769203,"sweep/std/proj_v_residual":0.031170690326024156,"sweep/avg/proj_true_dist":0.2527206003045042,"2d_square/delta/eps_stop":0.11811434477567673,"sweep/std/eps_stop":0.03546260459958738,"2d_sparse_sine/delta/plot/2d_sparse_sine_delta_contour_traj":{"path":"media/images/2d_sparse_sine/delta/plot/2d_sparse_sine_delta_contour_traj_26_d6ecf79a0df3906db84d.png","format":"png","width":1280,"height":960,"_type":"image-file","sha256":"d6ecf79a0df3906db84dee701a6d56b1638e603ca1e995a04308840d8e754e51","size":426952},"2d_sparse_sine/delta/pred_precision":0.17284595300261096,"2d_looped_spiro/delta/n_gt":1024,"2d_sparse_sine/delta/proj_steps":32.072998046875,"2d_figure_eight/delta/pred_recall":0.8646864686468647,"2d_ellipse/delta/plot/2d_ellipse_delta_knn_normal":{"width":900,"height":750,"_type":"image-file","sha256":"a69a6816ae7e97cb885f218dbf61b59940e5dec96ccbeb878e1fbb086d75eb33","size":60693,"path":"media/images/2d_ellipse/delta/plot/2d_ellipse_delta_knn_normal_3_a69a6816ae7e97cb885f.png","format":"png"},"2d_ellipse/delta/proj_v_residual":0.05128175765275955,"sweep/avg/gt_to_learned_p95":0.1354567358891169,"2d_sparse_sine/delta/plot/2d_sparse_sine_delta_planner_paths":{"path":"media/images/2d_sparse_sine/delta/plot/2d_sparse_sine_delta_planner_paths_29_298be8b858a665bd6b1e.png","format":"png","width":1200,"height":900,"_type":"image-file","sha256":"298be8b858a665bd6b1e495d70410a53839a8f972a59238b059974a44f3109a6","size":239744},"sweep/n_datasets":6,"2d_square/delta/gt_to_learned_mean":0.04785909131169319,"2d_sparse_sine/delta/eval_eps_used":0.17611302435398102,"sweep/std/pred_FPrate":0.19736814666824493,"2d_ellipse/delta/pred_manifold_dist":0.038188088685274124,"2d_sparse_sine/delta/proj_manifold_dist":0.2560996115207672,"sweep/avg/proj_v_residual":0.09262071674068768,"2d_ellipse/delta/proj_manifold_dist":0.010406329296529293,"2d_ellipse/delta/proj_steps":38.55615234375,"2d_planar_arm_line_n2/delta/learned_to_gt_mean":0.6127893924713135,"2d_planar_arm_line_n2/delta/pred_FPrate":0.6328282828282829,"2d_ellipse/delta/pred_on_mean_v":0.001338238944299519,"2d_sparse_sine/delta/pred_recall":0.8275,"2d_square/delta/learned_to_gt_p95":0.15179921686649323,"2d_planar_arm_line_n2/delta/proj_steps":48.271484375,"sweep/std/proj_steps":6.610569683492619,"2d_ellipse/delta/bidirectional_chamfer":0.019817866384983063,"sweep/avg/bidirectional_chamfer":0.25102391963203746,"2d_sparse_sine/delta/proj_v_residual":0.0947781503200531,"2d_looped_spiro/delta/proj_manifold_dist":0.167104110121727,"sweep/std/gt_to_learned_mean":0.03090643831223659,"2d_square/delta/n_learned":4096,"2d_looped_spiro/loaded_layers_count":3,"2d_ellipse/delta/gt_to_learned_p95":0.017175931483507156,"2d_looped_spiro/delta/pred_FPrate":0.3884188260179799,"2d_square/delta/proj_steps":30.1962890625,"2d_ellipse/delta/n_learned":4096,"_timestamp":1.7725511448199928e+09,"2d_figure_eight/delta/plot/2d_figure_eight_delta_loss_curves":{"path":"media/images/2d_figure_eight/delta/plot/2d_figure_eight_delta_loss_curves_10_a91a170f39c710d553c6.png","format":"png","width":1800,"height":600,"_type":"image-file","sha256":"a91a170f39c710d553c6307dc576f216de2b62322243ee82c2780940da70b5f3","size":204263},"2d_sparse_sine/loaded_layers_count":3,"sweep/avg/pred_on_mean_v":0.005988044140394777,"2d_square/delta/plot/2d_square_delta_contour_traj":{"width":1280,"height":960,"_type":"image-file","sha256":"9c1b5cf38e188cb51b739b4f2be0c1572f2022e9f655c853ce4d8018efd3343c","size":758616,"path":"media/images/2d_square/delta/plot/2d_square_delta_contour_traj_32_9c1b5cf38e188cb51b73.png","format":"png"},"2d_planar_arm_line_n2/delta/bidirectional_chamfer":0.6342697739601135,"sweep/std/gt_to_learned_p95":0.12080931255994018,"2d_planar_arm_line_n2/delta/gt_to_learned_mean":0.02148037776350975,"2d_planar_arm_line_n2/delta/pred_recall":0.9411764705882353,"2d_figure_eight/delta/eval_eps_used":0.12827888131141663,"2d_planar_arm_line_n2/delta/pred_manifold_dist":0.5343387126922607,"2d_planar_arm_line_n2/delta/proj_v_residual":0.14583240449428558,"sweep/std/n_gt":0,"2d_sparse_sine/delta/gt_to_learned_mean":0.10572486370801926,"2d_figure_eight/delta/proj_v_residual":0.09096828103065491,