{
  "pred_on_mean_v": 0.001488813548348844,
  "proj_manifold_dist": 0.1989574134349823,
  "proj_v_residual": 0.04593007639050484,
  "proj_true_dist": 0.4728941321372986,
  "proj_steps": 10.307861328125,
  "pred_recall": 0.92626953125,
  "pred_FPrate": 0.014669926650366748,
  "pred_precision": 0.302490234375,
  "eval_eps_used": 0.09447244554758072,
  "dist_space": "workspace",
  "bidirectional_chamfer": 0.22190126776695251,
  "gt_to_learned_mean": 0.022572996094822884,
  "learned_to_gt_mean": 0.19932827353477478,
  "gt_to_learned_p95": 0.04589485749602318,
  "learned_to_gt_p95": 1.0423163175582886,
  "n_gt": 1024,
  "n_learned": 4096,
  "eps_stop": 0.09447244554758072,
  "train_seconds": 117.63579425599892
}