{
  "pred_on_mean_v": 3.982031194027513e-05,
  "proj_manifold_dist": 0.008878069929778576,
  "proj_v_residual": 0.0005823893006891012,
  "proj_true_dist": 0.024577822536230087,
  "proj_steps": 19.001220703125,
  "pred_recall": 0.815185546875,
  "pred_FPrate": 0.0,
  "pred_precision": 1.0,
  "eval_eps_used": 0.015930889174342155,
  "dist_space": "data_space",
  "bidirectional_chamfer": 0.020220231264829636,
  "gt_to_learned_mean": 0.009511539712548256,
  "learned_to_gt_mean": 0.010708692483603954,
  "gt_to_learned_p95": 0.016558237373828888,
  "learned_to_gt_p95": 0.01871129870414734,
  "n_gt": 1024,
  "n_learned": 4096,
  "eps_stop": 0.015930889174342155,
  "train_seconds": 3.0494518620002964
}