{
  "pred_on_mean_v": 0.001287473482079804,
  "proj_manifold_dist": 0.07782409340143204,
  "proj_v_residual": 0.0029595056548714638,
  "proj_true_dist": 0.14818453788757324,
  "proj_steps": 19.072021484375,
  "pred_recall": 0.88623046875,
  "pred_FPrate": 0.09888947646747752,
  "pred_precision": 0.58056640625,
  "eval_eps_used": 0.08671604096889496,
  "dist_space": "data_space",
  "bidirectional_chamfer": 0.12286838889122009,
  "gt_to_learned_mean": 0.04436248540878296,
  "learned_to_gt_mean": 0.07850590348243713,
  "gt_to_learned_p95": 0.10036925226449966,
  "learned_to_gt_p95": 0.3235061764717102,
  "n_gt": 1024,
  "n_learned": 4096,
  "eps_stop": 0.08671604096889496,
  "train_seconds": 4.821732571999746
}