{
  "pred_on_mean_v": 0.00018490810180082917,
  "proj_manifold_dist": 0.029870808124542236,
  "proj_v_residual": 0.0006990471156314015,
  "proj_true_dist": 0.07196647673845291,
  "proj_steps": 19.0,
  "pred_recall": 0.642822265625,
  "pred_FPrate": 0.001893939393939394,
  "pred_precision": 0.961181640625,
  "eval_eps_used": 0.02836007811129093,
  "dist_space": "data_space",
  "bidirectional_chamfer": 0.06275062263011932,
  "gt_to_learned_mean": 0.03163786605000496,
  "learned_to_gt_mean": 0.031112752854824066,
  "gt_to_learned_p95": 0.08897191286087036,
  "learned_to_gt_p95": 0.05853485316038132,
  "n_gt": 1024,
  "n_learned": 4096,
  "eps_stop": 0.02836007811129093,
  "train_seconds": 2.7235797409998668
}