{
  "pred_on_mean_v": 0.00021060692961327732,
  "proj_manifold_dist": 0.13853591680526733,
  "proj_v_residual": 0.034363217651844025,
  "proj_true_dist": 1.1888737678527832,
  "proj_steps": 19.0,
  "pred_recall": 0.828857421875,
  "pred_FPrate": 0.021980798383021728,
  "pred_precision": 0.421142578125,
  "eval_eps_used": 0.032142311334609985,
  "dist_space": "workspace",
  "bidirectional_chamfer": 0.3132304549217224,
  "gt_to_learned_mean": 0.09579524397850037,
  "learned_to_gt_mean": 0.21743522584438324,
  "gt_to_learned_p95": 0.1809275597333908,
  "learned_to_gt_p95": 0.47865015268325806,
  "n_gt": 1024,
  "n_learned": 4096,
  "eps_stop": 0.032142311334609985,
  "train_seconds": 68.49845317900008
}