{
  "pred_on_mean_v": 1.7887385183712468e-05,
  "proj_manifold_dist": 0.03741329908370972,
  "proj_v_residual": 0.00043752213241532445,
  "proj_true_dist": 0.041296884417533875,
  "proj_steps": 19.0,
  "pred_recall": 0.8037109375,
  "pred_FPrate": 0.008040201005025126,
  "pred_precision": 0.55322265625,
  "eval_eps_used": 0.008937722072005272,
  "dist_space": "data_space",
  "bidirectional_chamfer": 0.11341044306755066,
  "gt_to_learned_mean": 0.039287667721509933,
  "learned_to_gt_mean": 0.07412277162075043,
  "gt_to_learned_p95": 0.07559697329998016,
  "learned_to_gt_p95": 0.14079001545906067,
  "n_gt": 1024,
  "n_learned": 4096,
  "eps_stop": 0.008937722072005272,
  "train_seconds": 16.266863231000116
}