{
  "pred_on_mean_v": 0.00048095727106556296,
  "proj_manifold_dist": 0.20139560103416443,
  "proj_v_residual": 0.08507949113845825,
  "proj_true_dist": 0.3716123700141907,
  "proj_steps": 29.61181640625,
  "pred_recall": 0.8974609375,
  "pred_FPrate": 0.001953125,
  "pred_precision": 0.00244140625,
  "eval_eps_used": 0.04474098980426788,
  "dist_space": "workspace",
  "bidirectional_chamfer": 0.27448970079421997,
  "gt_to_learned_mean": 0.060527510941028595,
  "learned_to_gt_mean": 0.21396219730377197,
  "gt_to_learned_p95": 0.11108323931694031,
  "learned_to_gt_p95": 1.2048989534378052,
  "n_gt": 1024,
  "n_learned": 4096,
  "eps_stop": 0.04474098980426788,
  "train_seconds": 69.13425911800005
}