{
  "pred_on_mean_v": 2.942778701253701e-05,
  "proj_manifold_dist": 0.019630756229162216,
  "proj_v_residual": 0.0022914758883416653,
  "proj_true_dist": 1.103520154953003,
  "proj_steps": 19.00244140625,
  "pred_recall": 0.9004675196850394,
  "pred_FPrate": 0.0,
  "pred_precision": 0.957763671875,
  "eval_eps_used": 0.009705377742648125,
  "dist_space": "workspace",
  "bidirectional_chamfer": 0.14021703600883484,
  "gt_to_learned_mean": 0.079914890229702,
  "learned_to_gt_mean": 0.06030214577913284,
  "gt_to_learned_p95": 0.18092358112335205,
  "learned_to_gt_p95": 0.11396423727273941,
  "n_gt": 8128,
  "n_learned": 4096,
  "eps_stop": 0.009705377742648125,
  "train_seconds": 70.37636634602677
}