{
  "pred_on_mean_v": 4.696839096141048e-05,
  "proj_manifold_dist": 0.03792667016386986,
  "proj_v_residual": 0.008579261600971222,
  "proj_true_dist": 0.041451595723629,
  "proj_steps": 51.78515625,
  "pred_recall": 0.881103515625,
  "pred_FPrate": 0.02190883908335432,
  "pred_precision": 0.541748046875,
  "eval_eps_used": 0.014298778958618641,
  "dist_space": "data_space",
  "bidirectional_chamfer": 0.1122998297214508,
  "gt_to_learned_mean": 0.038240719586610794,
  "learned_to_gt_mean": 0.07405911386013031,
  "gt_to_learned_p95": 0.06979192048311234,
  "learned_to_gt_p95": 0.14219659566879272,
  "n_gt": 1024,
  "n_learned": 4096,
  "eps_stop": 0.014298778958618641,
  "train_seconds": 27.591140089993132
}