{
  "pred_on_mean_v": 0.00012923934264108539,
  "proj_manifold_dist": 0.0451335683465004,
  "proj_v_residual": 0.01084392424672842,
  "proj_true_dist": 0.058536186814308167,
  "proj_steps": 53.010498046875,
  "pred_recall": 0.808349609375,
  "pred_FPrate": 0.0689828801611279,
  "pred_precision": 0.392333984375,
  "eval_eps_used": 0.02593839541077614,
  "dist_space": "data_space",
  "bidirectional_chamfer": 0.12859560549259186,
  "gt_to_learned_mean": 0.05023396387696266,
  "learned_to_gt_mean": 0.0783616453409195,
  "gt_to_learned_p95": 0.10846678912639618,
  "learned_to_gt_p95": 0.14425760507583618,
  "n_gt": 1024,
  "n_learned": 4096,
  "eps_stop": 0.02593839541077614,
  "train_seconds": 13.436422259997926
}