{
  "pred_on_mean_v": 0.0005657791043631732,
  "proj_manifold_dist": 0.15758399665355682,
  "proj_v_residual": 0.023057322949171066,
  "proj_true_dist": 0.38816121220588684,
  "proj_steps": 19.003173828125,
  "pred_recall": 0.29785925196850394,
  "pred_FPrate": 0.004167688158862467,
  "pred_precision": 0.2724609375,
  "eval_eps_used": 0.04706425964832306,
  "dist_space": "workspace",
  "bidirectional_chamfer": 0.2448820173740387,
  "gt_to_learned_mean": 0.08729802817106247,
  "learned_to_gt_mean": 0.15758399665355682,
  "gt_to_learned_p95": 0.34673869609832764,
  "learned_to_gt_p95": 0.5614849328994751,
  "n_gt": 8128,
  "n_learned": 4096,
  "eps_stop": 0.04706425964832306,
  "train_seconds": 3.6833681749994867
}