{
  "pred_on_mean_v": 2.2836618882138282e-05,
  "proj_manifold_dist": 0.11245562136173248,
  "proj_v_residual": 0.005250683054327965,
  "proj_true_dist": 0.32979997992515564,
  "proj_steps": 29.0,
  "pred_recall": 0.13016732283464566,
  "pred_FPrate": 0.0,
  "pred_precision": 0.464111328125,
  "eval_eps_used": 0.010194601491093636,
  "dist_space": "workspace",
  "bidirectional_chamfer": 0.3290087878704071,
  "gt_to_learned_mean": 0.060893479734659195,
  "learned_to_gt_mean": 0.2681153118610382,
  "gt_to_learned_p95": 0.11238067597150803,
  "learned_to_gt_p95": 1.0079418420791626,
  "n_gt": 8128,
  "n_learned": 4096,
  "eps_stop": 0.010194601491093636,
  "train_seconds": 20.131687148998026
}