{"2d_figure_eight/delta/plot/2d_figure_eight_delta_planner_paths":{"size":457971,"path":"media/images/2d_figure_eight/delta/plot/2d_figure_eight_delta_planner_paths_11_43dae63c0eed8299e3e0.png","format":"png","width":1200,"height":900,"_type":"image-file","sha256":"43dae63c0eed8299e3e07d8f75f41a92041ac7470dd615527dee61d95692600b"},"2d_figure_eight/delta/eps_stop":0.05295794829726219,"2d_ellipse/delta/proj_true_dist":0.021196918562054634,"2d_ellipse/delta/n_gt":1024,"2d_figure_eight/delta/pred_on_mean_v":0.00048017845256254077,"2d_ellipse/delta/eps_stop":0.010489895939826965,"2d_ellipse/delta/proj_manifold_dist":0.0071160453371703625,"2d_looped_spiro/delta/plot/2d_looped_spiro_delta_contour_traj":{"sha256":"7c68dda0f76f6fae623e50a415ebc9f3f319b959c93dc6d78ef7fe5e831f7f45","size":812794,"path":"media/images/2d_looped_spiro/delta/plot/2d_looped_spiro_delta_contour_traj_14_7c68dda0f76f6fae623e.png","format":"png","width":1280,"height":960,"_type":"image-file"},"2d_ellipse/delta/pred_FPrate":0,"2d_looped_spiro/delta/eval_eps_used":0.028628671541810036,"2d_looped_spiro/delta/bidirectional_chamfer":0.09292229264974594,"2d_figure_eight/delta/learned_to_gt_mean":0.03279606252908707,"2d_looped_spiro/delta/pred_manifold_dist":0.080561563372612,"2d_ellipse/delta/pred_on_mean_v":2.0197614503558725e-05,"2d_looped_spiro/delta/gt_to_learned_mean":0.017389928922057152,"2d_ellipse/delta/plot/2d_ellipse_delta_contour_traj":{"path":"media/images/2d_ellipse/delta/plot/2d_ellipse_delta_contour_traj_2_b77dfb7d868267f59467.png","format":"png","width":1280,"height":960,"_type":"image-file","sha256":"b77dfb7d868267f5946722a4f84a127e9e13fcd3f39bdf7622c5b474403b93b8","size":786506},"2d_figure_eight/loaded_layers_count":3,"2d_looped_spiro/delta/eps_stop":0.028628671541810036,"2d_looped_spiro/delta/plot/2d_looped_spiro_delta_loss_curves":{"format":"png","width":1800,"height":600,"_type":"image-file","sha256":"4290fe630f605965f8b6d3b1758cc5575bf19c8e47c8b7449051f4080a99e2d1","size":197942,"path":"media/images/2d_looped_spiro/delta/plot/2d_looped_spiro_delta_loss_curves_16_4290fe630f605965f8b6.png"},"2d_looped_spiro/delta/learned_to_gt_mean":0.07553236186504364,"2d_figure_eight/delta/pred_manifold_dist":0.043051108717918396,"2d_ellipse/delta/bidirectional_chamfer":0.01805219054222107,"2d_ellipse/delta/gt_to_learned_mean":0.008720877580344677,"2d_ellipse/delta/learned_to_gt_mean":0.009331313893198967,"2d_looped_spiro/delta/n_learned":4096,"2d_figure_eight/delta/n_learned":4096,"2d_looped_spiro/delta/n_gt":1024,"2d_figure_eight/delta/pred_FPrate":0.09833904561033482,"2d_looped_spiro/loaded_layers_count":3,"2d_figure_eight/delta/gt_to_learned_mean":0.03473735973238945,"2d_looped_spiro/delta/pred_precision":0.694980694980695,"2d_looped_spiro/delta/pred_FPrate":0.02088841882601798,"2d_ellipse/delta/plot/2d_ellipse_delta_loss_curves":{"format":"png","width":1800,"height":600,"_type":"image-file","sha256":"b8a73cae480da94d2f13f9b9ff16c36fb5acaac9038c8b1fe7bad6125608eee8","size":113839,"path":"media/images/2d_ellipse/delta/plot/2d_ellipse_delta_loss_curves_4_b8a73cae480da94d2f13.png"},"2d_ellipse/delta/learned_to_gt_p95":0.022030632942914963,"2d_figure_eight/delta/proj_true_dist":0.05764654278755188,"2d_figure_eight/delta/plot/2d_figure_eight_delta_knn_normal":{"size":87991,"path":"media/images/2d_figure_eight/delta/plot/2d_figure_eight_delta_knn_normal_9_67ad04197675b6cf65a8.png","format":"png","width":900,"height":750,"_type":"image-file","sha256":"67ad04197675b6cf65a8a2682ccf613f3d72289b409e578ff0c89ab5bb07a787"},"2d_ellipse/loaded_layers_count":3,"2d_figure_eight/delta/proj_v_residual":0.0005879343952983618,"2d_looped_spiro/delta/gt_to_learned_p95":0.04064212739467621,"2d_figure_eight/delta/proj_steps":29.00146484375,"2d_ellipse/delta/n_learned":4096,"_step":17,"2d_ellipse/delta/pred_recall":0.2636986301369863,"_timestamp":1.772611824113617e+09,"2d_figure_eight/delta/n_gt":1024,"2d_looped_spiro/delta/proj_manifold_dist":0.07445989549160004,"2d_ellipse/delta/plot/2d_ellipse_delta_knn_normal":{"sha256":"e7f656d3f220a4460e52777c02388d7d4f3f1e3e671125c5b94993ef481b6a17","size":75761,"path":"media/images/2d_ellipse/delta/plot/2d_ellipse_delta_knn_normal_3_e7f656d3f220a4460e52.png","format":"png","width":900,"height":750,"_type":"image-file"},"2d_looped_spiro/delta/proj_true_dist":0.10616287589073181,"2d_ellipse/delta/proj_steps":29,"2d_figure_eight/delta/eval_eps_used":0.05295794829726219,"2d_looped_spiro/delta/plot/2d_looped_spiro_delta_knn_normal":{"width":900,"height":750,"_type":"image-file","sha256":"7292f5921871c09fd4ab69fc024d8f117a2500689dc54652500f6c4b91456d63","size":91807,"path":"media/images/2d_looped_spiro/delta/plot/2d_looped_spiro_delta_knn_normal_15_7292f5921871c09fd4ab.png","format":"png"},"2d_looped_spiro/delta/proj_v_residual":0.0007126379059627652,"2d_figure_eight/delta/plot/2d_figure_eight_delta_contour_traj":{"size":937788,"path":"media/images/2d_figure_eight/delta/plot/2d_figure_eight_delta_contour_traj_8_3f8abdb95f0662407245.png","format":"png","width":1280,"height":960,"_type":"image-file","sha256":"3f8abdb95f066240724589a73a02a6897198d4125959f468c88fa1221b1a8664"},"2d_ellipse/delta/pred_manifold_dist":0.007210531737655401,"2d_figure_eight/delta/proj_manifold_dist":0.03190181776881218,"2d_figure_eight/delta/gt_to_learned_p95":0.07587412744760513,"_runtime":30.454912187,"2d_figure_eight/delta/pred_precision":0.3944805194805195,"2d_looped_spiro/delta/learned_to_gt_p95":0.4301871955394745,"2d_ellipse/delta/gt_to_learned_p95":0.023031288757920265,"2d_looped_spiro/delta/plot/2d_looped_spiro_delta_planner_paths":{"size":551667,"path":"media/images/2d_looped_spiro/delta/plot/2d_looped_spiro_delta_planner_paths_17_679c94367a40fc97cce0.png","format":"png","width":1200,"height":900,"_type":"image-file","sha256":"679c94367a40fc97cce0694f15ccb63d44d004c694d6c4a1da80d1b0f41ed3f2"},"2d_ellipse/delta/pred_precision":1,"2d_figure_eight/delta/pred_recall":0.801980198019802,"2d_ellipse/delta/proj_v_residual":3.848012420348823e-05,"_wandb":{"runtime":39},"2d_figure_eight/delta/bidirectional_chamfer":0.06753341853618622,"2d_looped_spiro/delta/pred_recall":0.5732484076433121,"2d_figure_eight/delta/plot/2d_figure_eight_delta_loss_curves":{"sha256":"3402d3255a816800122c9944bd11d6ed02c159dab6b32ccfb4161bd739e68b23","size":143354,"path":"media/images/2d_figure_eight/delta/plot/2d_figure_eight_delta_loss_curves_10_3402d3255a816800122c.png","format":"png","width":1800,"height":600,"_type":"image-file"},"2d_figure_eight/delta/learned_to_gt_p95":0.07580600678920746,"2d_looped_spiro/delta/proj_steps":29.368896484375,"2d_looped_spiro/delta/pred_on_mean_v":0.00016659912944305688,"2d_ellipse/delta/eval_eps_used":0.010489895939826965,"2d_ellipse/delta/plot/2d_ellipse_delta_planner_paths":{"path":"media/images/2d_ellipse/delta/plot/2d_ellipse_delta_planner_paths_5_4232697f74523045fa41.png","format":"png","width":1200,"height":900,"_type":"image-file","sha256":"4232697f74523045fa415c40d89f2a648c9a948ce30756d59c57b5b194bde499","size":504429}}