{
  "method": "vae",
  "datasets": [
    "2d_ellipse",
    "2d_figure_eight",
    "2d_looped_spiro",
    "2d_planar_arm_line_n2",
    "2d_sparse_sine",
    "2d_square"
  ],
  "seed": 173,
  "avg_metrics": {
    "bidirectional_chamfer": 0.15764944752057394,
    "eps_stop": 0.16457620759805044,
    "eval_eps_used": 0.16457620759805044,
    "gt_to_learned_mean": 0.06462614828099807,
    "gt_to_learned_p95": 0.2447575144469738,
    "learned_to_gt_mean": 0.09302330141266187,
    "learned_to_gt_p95": 0.4578287601470947,
    "n_gt": 1024.0,
    "n_learned": 4096.0,
    "pred_FPrate": 0.10522736009328275,
    "pred_manifold_dist": 0.0802898161734144,
    "pred_on_mean_v": 0.008729980618227273,
    "pred_precision": 0.453512557089915,
    "pred_recall": 0.6883041393814137,
    "proj_manifold_dist": 0.09224698692560196,
    "proj_steps": 1.0,
    "proj_true_dist": 0.4788976361354192,
    "proj_v_residual": 0.13228071356813112
  },
  "std_metrics": {
    "bidirectional_chamfer": 0.06718978802617041,
    "eps_stop": 0.10313594448070375,
    "eval_eps_used": 0.10313594448070375,
    "gt_to_learned_mean": 0.029818054962148965,
    "gt_to_learned_p95": 0.14983740069751092,
    "learned_to_gt_mean": 0.0663064956192957,
    "learned_to_gt_p95": 0.4288205101189676,
    "n_gt": 0.0,
    "n_learned": 0.0,
    "pred_FPrate": 0.08058254905439755,
    "pred_manifold_dist": 0.05072749208564364,
    "pred_on_mean_v": 0.008100014354817206,
    "pred_precision": 0.2873088867703372,
    "pred_recall": 0.1115073103245428,
    "proj_manifold_dist": 0.06666712338443757,
    "proj_steps": 0.0,
    "proj_true_dist": 0.1613872499504058,
    "proj_v_residual": 0.060030359427000794
  },
  "results": [
    {
      "method": "vae",
      "dataset": "2d_ellipse",
      "metrics": {
        "pred_on_mean_v": 0.0018207697430625558,
        "proj_manifold_dist": 0.06737221032381058,
        "proj_v_residual": 0.14385280013084412,
        "proj_true_dist": 0.4786279797554016,
        "proj_steps": 1.0,
        "pred_recall": 0.5924657534246576,
        "pred_FPrate": 0.030757097791798107,
        "pred_manifold_dist": 0.041085466742515564,
        "pred_precision": 0.596551724137931,
        "eval_eps_used": 0.08255121856927872,
        "bidirectional_chamfer": 0.12710098922252655,
        "gt_to_learned_mean": 0.058591578155756,
        "learned_to_gt_mean": 0.06850941479206085,
        "gt_to_learned_p95": 0.3122018873691559,
        "learned_to_gt_p95": 0.3603324890136719,
        "n_gt": 1024.0,
        "n_learned": 4096.0,
        "eps_stop": 0.08255121856927872
      },
      "eval_path": "/home/baiyu/PycharmProjects/equality_manofld/outputs_unified/sweeps/vae_all_2d/vae/2d_ellipse_vae_eval.json",
      "ckpt_path": "/home/baiyu/PycharmProjects/equality_manofld/outputs_unified/sweeps/vae_all_2d/vae/2d_ellipse_vae_model.pt",
      "config": {
        "seed": 173,
        "device": "cuda",
        "n_train": 128,
        "n_grid": 4096,
        "latent_dim": -1,
        "hidden_dims": [
          128,
          128,
          128
        ],
        "epochs": 800,
        "batch_size": 128,
        "lr": 0.001,
        "weight_decay": 0.0,
        "beta_final": 0.01,
        "warmup_epochs": 440,
        "ur5_backend": "auto",
        "viz_enable": true,
        "viz_sample_latent_n": 150,
        "viz_max_eval_points": 2000,
        "projector": {
          "alpha": 0.3,
          "steps": 80,
          "min_steps": 20
        },
        "planner": {
          "method": "trajectory_opt",
          "opt_steps": 1240,
          "opt_lr": 0.01,
          "opt_lam_smooth": 0.2,
          "lam_manifold": 1.0,
          "lam_len_joint": 0.4,
          "trust_scale": 0.8,
          "pair_min_ratio": 0.15,
          "pair_max_ratio": 0.35,
          "pair_tries": 1200,
          "init_mode": "joint_spline",
          "joint_mid_noise": 0.0,
          "anim_fps": 6,
          "anim_stride": 1,
          "save_gif": false,
          "pybullet_render": false,
          "pybullet_real_time_dt": 0.06
        }
      },
      "loaded_config_paths": [
        "/home/baiyu/PycharmProjects/equality_manofld/configs/base.json",
        "/home/baiyu/PycharmProjects/equality_manofld/configs/methods/vae.json",
        "/home/baiyu/PycharmProjects/equality_manofld/configs/datasets/2d_ellipse.json"
      ],
      "seed": 173
    },
    {
      "method": "vae",
      "dataset": "2d_figure_eight",
      "metrics": {
        "pred_on_mean_v": 0.009799676947295666,
        "proj_manifold_dist": 0.08545171469449997,
        "proj_v_residual": 0.14947615563869476,
        "proj_true_dist": 0.4471081495285034,
        "proj_steps": 1.0,
        "pred_recall": 0.6897689768976898,
        "pred_FPrate": 0.22409702082784075,
        "pred_manifold_dist": 0.10110385715961456,
        "pred_precision": 0.19735599622285174,
        "eval_eps_used": 0.20712776482105255,
        "bidirectional_chamfer": 0.19790202379226685,
        "gt_to_learned_mean": 0.11196484416723251,
        "learned_to_gt_mean": 0.08593718707561493,
        "gt_to_learned_p95": 0.31133103370666504,
        "learned_to_gt_p95": 0.3091675043106079,
        "n_gt": 1024.0,
        "n_learned": 4096.0,
        "eps_stop": 0.20712776482105255
      },
      "eval_path": "/home/baiyu/PycharmProjects/equality_manofld/outputs_unified/sweeps/vae_all_2d/vae/2d_figure_eight_vae_eval.json",
      "ckpt_path": "/home/baiyu/PycharmProjects/equality_manofld/outputs_unified/sweeps/vae_all_2d/vae/2d_figure_eight_vae_model.pt",
      "config": {
        "seed": 173,
        "device": "cuda",
        "n_train": 128,
        "n_grid": 4096,
        "latent_dim": -1,
        "hidden_dims": [
          128,
          128,
          128
        ],
        "epochs": 800,
        "batch_size": 128,
        "lr": 0.001,
        "weight_decay": 0.0,
        "beta_final": 0.01,
        "warmup_epochs": 440,
        "ur5_backend": "auto",
        "viz_enable": true,
        "viz_sample_latent_n": 150,
        "viz_max_eval_points": 2000,
        "projector": {
          "alpha": 0.3,
          "steps": 80,
          "min_steps": 20
        },
        "planner": {
          "method": "trajectory_opt",
          "opt_steps": 1240,
          "opt_lr": 0.01,
          "opt_lam_smooth": 0.2,
          "lam_manifold": 1.0,
          "lam_len_joint": 0.4,
          "trust_scale": 0.8,
          "pair_min_ratio": 0.15,
          "pair_max_ratio": 0.35,
          "pair_tries": 1200,
          "init_mode": "joint_spline",
          "joint_mid_noise": 0.0,
          "anim_fps": 6,
          "anim_stride": 1,
          "save_gif": false,
          "pybullet_render": false,
          "pybullet_real_time_dt": 0.06
        }
      },
      "loaded_config_paths": [
        "/home/baiyu/PycharmProjects/equality_manofld/configs/base.json",
        "/home/baiyu/PycharmProjects/equality_manofld/configs/methods/vae.json",
        "/home/baiyu/PycharmProjects/equality_manofld/configs/datasets/2d_figure_eight.json"
      ],
      "seed": 173
    },
    {
      "method": "vae",
      "dataset": "2d_looped_spiro",
      "metrics": {
        "pred_on_mean_v": 0.014870576560497284,
        "proj_manifold_dist": 0.1132703423500061,
        "proj_v_residual": 0.1572781503200531,
        "proj_true_dist": 0.701995849609375,
        "proj_steps": 1.0,
        "pred_recall": 0.7770700636942676,
        "pred_FPrate": 0.11025912215758858,
        "pred_manifold_dist": 0.10621634870767593,
        "pred_precision": 0.3691376701966717,
        "eval_eps_used": 0.20186735689640045,
        "bidirectional_chamfer": 0.19498726725578308,
        "gt_to_learned_mean": 0.08121508359909058,
        "learned_to_gt_mean": 0.11377217620611191,
        "gt_to_learned_p95": 0.2046867311000824,
        "learned_to_gt_p95": 0.40788012742996216,
        "n_gt": 1024.0,
        "n_learned": 4096.0,
        "eps_stop": 0.20186735689640045
      },