{
  "pred_on_mean_v": 0.017901863902807236,
  "proj_manifold_dist": 0.3228248953819275,
  "proj_v_residual": 0.01079169288277626,
  "proj_true_dist": 0.4065130650997162,
  "proj_steps": 3.143310546875,
  "pred_recall": 0.87548828125,
  "pred_FPrate": 0.6383848709430104,
  "pred_precision": 0.02783203125,
  "eval_eps_used": 0.32755929231643677,
  "dist_space": "data_space",
  "bidirectional_chamfer": 0.6072649359703064,
  "gt_to_learned_mean": 0.2614511251449585,
  "learned_to_gt_mean": 0.3458138108253479,
  "gt_to_learned_p95": 0.505715012550354,
  "learned_to_gt_p95": 0.7643698453903198,
  "n_gt": 1024,
  "n_learned": 4096,
  "eps_stop": 0.32755929231643677,
  "train_seconds": 12.696229052999115
}