{
  "pred_on_mean_v": 0.0005501413252204657,
  "proj_manifold_dist": 0.5013962984085083,
  "proj_v_residual": 0.003811965463683009,
  "proj_true_dist": 1.2235474586486816,
  "proj_steps": 19.00341796875,
  "pred_recall": 0.7518454724409449,
  "pred_FPrate": 0.0,
  "pred_precision": 0.010009765625,
  "eval_eps_used": 0.050268594175577164,
  "dist_space": "workspace",
  "bidirectional_chamfer": 0.5796124339103699,
  "gt_to_learned_mean": 0.1842988133430481,
  "learned_to_gt_mean": 0.3953136205673218,
  "gt_to_learned_p95": 0.38037943840026855,
  "learned_to_gt_p95": 1.157238483428955,
  "n_gt": 8128,
  "n_learned": 4096,
  "eps_stop": 0.050268594175577164,
  "train_seconds": 28.264025076990947
}