{
  "pred_on_mean_v": 5.0480386562412605e-05,
  "proj_manifold_dist": 0.010034264996647835,
  "proj_v_residual": 0.0005280280602164567,
  "proj_true_dist": 0.02607942931354046,
  "proj_steps": 19.0,
  "pred_recall": 0.7874015748031497,
  "pred_FPrate": 0.0,
  "pred_precision": 1.0,
  "eval_eps_used": 0.017926832661032677,
  "dist_space": "data_space",
  "bidirectional_chamfer": 0.020278610289096832,
  "gt_to_learned_mean": 0.010244344361126423,
  "learned_to_gt_mean": 0.010034264996647835,
  "gt_to_learned_p95": 0.025207053869962692,
  "learned_to_gt_p95": 0.024251308292150497,
  "n_gt": 8128,
  "n_learned": 4096,
  "eps_stop": 0.017926832661032677,
  "train_seconds": 2.718126438994659
}