{
  "pred_on_mean_v": 0.0008789090206846595,
  "proj_manifold_dist": 0.07371169328689575,
  "proj_v_residual": 0.030418608337640762,
  "proj_true_dist": 0.3554897904396057,
  "proj_steps": 19.174072265625,
  "pred_recall": 0.8575295275590551,
  "pred_FPrate": 0.03865847414234511,
  "pred_precision": 0.6015625,
  "eval_eps_used": 0.06562405079603195,
  "dist_space": "workspace",
  "bidirectional_chamfer": 0.07963034510612488,
  "gt_to_learned_mean": 0.0059186494909226894,
  "learned_to_gt_mean": 0.07371169328689575,
  "gt_to_learned_p95": 0.01265578530728817,
  "learned_to_gt_p95": 0.2791927754878998,
  "n_gt": 8128,
  "n_learned": 4096,
  "eps_stop": 0.06562405079603195,
  "train_seconds": 9.378335695975693
}