{
  "pred_on_mean_v": 0.0001137262224801816,
  "proj_manifold_dist": 0.021963493898510933,
  "proj_v_residual": 0.022826069965958595,
  "proj_true_dist": 0.2872779667377472,
  "proj_steps": 19.0,
  "pred_recall": 0.8608513779527559,
  "pred_FPrate": 0.0,
  "pred_precision": 0.928955078125,
  "eval_eps_used": 0.01978333294391632,
  "dist_space": "workspace",
  "bidirectional_chamfer": 0.030712604522705078,
  "gt_to_learned_mean": 0.00874910969287157,
  "learned_to_gt_mean": 0.021963493898510933,
  "gt_to_learned_p95": 0.018101703375577927,
  "learned_to_gt_p95": 0.056909237056970596,
  "n_gt": 8128,
  "n_learned": 4096,
  "eps_stop": 0.01978333294391632,
  "train_seconds": 11.712411999003962
}