{
  "pred_on_mean_v": 4.414660725160502e-05,
  "proj_manifold_dist": 0.04292459040880203,
  "proj_v_residual": 0.000611852970905602,
  "proj_true_dist": 0.04511094093322754,
  "proj_steps": 19.0,
  "pred_recall": 0.8524691358024692,
  "pred_FPrate": 0.0016277807921866521,
  "pred_precision": 0.90478515625,
  "eval_eps_used": 0.014327366836369038,
  "dist_space": "data_space",
  "bidirectional_chamfer": 0.10549956560134888,
  "gt_to_learned_mean": 0.06257497519254684,
  "learned_to_gt_mean": 0.04292459040880203,
  "gt_to_learned_p95": 0.13153868913650513,
  "learned_to_gt_p95": 0.08384639024734497,
  "n_gt": 8100,
  "n_learned": 4096,
  "eps_stop": 0.014327366836369038,
  "train_seconds": 16.151885019004112
}