{
  "pred_on_mean_v": 2.5780445866985247e-05,
  "proj_manifold_dist": 0.027537401765584946,
  "proj_v_residual": 0.0004924947279505432,
  "proj_true_dist": 0.030490979552268982,
  "proj_steps": 19.0,
  "pred_recall": 0.8802903543307087,
  "pred_FPrate": 0.00026441036488630354,
  "pred_precision": 0.940185546875,
  "eval_eps_used": 0.00973612442612648,
  "dist_space": "data_space",
  "bidirectional_chamfer": 0.06629054993391037,
  "gt_to_learned_mean": 0.038753148168325424,
  "learned_to_gt_mean": 0.027537401765584946,
  "gt_to_learned_p95": 0.07576825469732285,
  "learned_to_gt_p95": 0.05232948809862137,
  "n_gt": 8128,
  "n_learned": 4096,
  "eps_stop": 0.00973612442612648,
  "train_seconds": 16.522517029981827
}