{
  "pred_on_mean_v": 2.8735923478961922e-05,
  "proj_manifold_dist": 0.009688680991530418,
  "proj_v_residual": 0.0005451873876154423,
  "proj_true_dist": 0.016685020178556442,
  "proj_steps": 19.0,
  "pred_recall": 0.7156742125984252,
  "pred_FPrate": 0.0,
  "pred_precision": 1.0,
  "eval_eps_used": 0.010533548891544342,
  "dist_space": "data_space",
  "bidirectional_chamfer": 0.02038959600031376,
  "gt_to_learned_mean": 0.01070091500878334,
  "learned_to_gt_mean": 0.009688680991530418,
  "gt_to_learned_p95": 0.03261060267686844,
  "learned_to_gt_p95": 0.03167825937271118,
  "n_gt": 8128,
  "n_learned": 4096,
  "eps_stop": 0.010533548891544342,
  "train_seconds": 6.513056711002719
}