{
  "pred_on_mean_v": 0.002797033404931426,
  "proj_manifold_dist": 0.4153846502304077,
  "proj_v_residual": 0.32529252767562866,
  "proj_true_dist": 0.4492819309234619,
  "proj_steps": 29.772705078125,
  "pred_recall": 0.9002666666666667,
  "pred_FPrate": 0.017660044150110375,
  "pred_precision": 0.13330078125,
  "eval_eps_used": 0.09089098870754242,
  "dist_space": "workspace",
  "bidirectional_chamfer": 0.4726784825325012,
  "gt_to_learned_mean": 0.0009745412389747798,
  "learned_to_gt_mean": 0.4717039465904236,
  "gt_to_learned_p95": 0.00204593688249588,
  "learned_to_gt_p95": 1.9450881481170654,
  "n_gt": 15000,
  "n_learned": 4096,
  "eps_stop": 0.09089098870754242,
  "train_seconds": 125.67641378799453
}