{
  "pred_on_mean_v": 0.0009039517608471215,
  "proj_manifold_dist": 0.1863226592540741,
  "proj_v_residual": 0.16387009620666504,
  "proj_true_dist": 0.23847651481628418,
  "proj_steps": 29.003173828125,
  "pred_recall": 0.8596666666666667,
  "pred_FPrate": 0.004671748217359233,
  "pred_precision": 0.658447265625,
  "eval_eps_used": 0.06569044291973114,
  "dist_space": "workspace",
  "bidirectional_chamfer": 0.27051594853401184,
  "gt_to_learned_mean": 0.0007807965157553554,
  "learned_to_gt_mean": 0.2697351574897766,
  "gt_to_learned_p95": 0.002817355329170823,
  "learned_to_gt_p95": 1.927305817604065,
  "n_gt": 15000,
  "n_learned": 4096,
  "eps_stop": 0.06569044291973114,
  "train_seconds": 125.79755284101702
}