{
  "pred_on_mean_v": 1.3951071196061093e-05,
  "proj_manifold_dist": 0.0942101776599884,
  "proj_v_residual": 0.0018362542614340782,
  "proj_true_dist": 0.36199063062667847,
  "proj_steps": 29.00634765625,
  "pred_recall": 0.655511811023622,
  "pred_FPrate": 0.0,
  "pred_precision": 0.667236328125,
  "eval_eps_used": 0.0076009854674339294,
  "dist_space": "workspace",
  "bidirectional_chamfer": 0.28959599137306213,
  "gt_to_learned_mean": 0.05051887780427933,
  "learned_to_gt_mean": 0.2390771210193634,
  "gt_to_learned_p95": 0.09904187172651291,
  "learned_to_gt_p95": 0.9146192073822021,
  "n_gt": 8128,
  "n_learned": 4096,
  "eps_stop": 0.0076009854674339294,
  "train_seconds": 84.7261099559837
}