{"3d_torus_surface/delta/gt_to_learned_p95":0.12060640007257462,"3d_spiral/delta/eval_eps_used":0.03708934411406517,"3d_saddle_surface/delta/pred_manifold_dist":0.06453001499176025,"3d_saddle_surface/delta/proj_steps":39.927001953125,"sweep/std/pred_manifold_dist":0.09511580655062025,"sweep/std/proj_v_residual":0.03441879069516286,"3d_spatial_arm_circle_n3/delta/n_learned":4096,"3d_saddle_surface/delta/bidirectional_chamfer":0.18342594802379608,"3d_torus_surface/delta/learned_to_gt_p95":0.2023390680551529,"3d_vz_2d_ellipse/delta/plot/3d_vz_2d_ellipse_delta_loss_curves":{"format":"png","width":1800,"height":600,"_type":"image-file","sha256":"09b1bf3a07e30a3cbaa50dc9e153baf599f5a94e3b62c8a142def19f67ab5c2e","size":185109,"path":"media/images/3d_vz_2d_ellipse/delta/plot/3d_vz_2d_ellipse_delta_loss_curves_28_09b1bf3a07e30a3cbaa5.png"},"3d_saddle_surface/delta/pred_on_mean_v":6.05085733695887e-06,"sweep/avg/pred_manifold_dist":0.13839980339010557,"3d_vz_2d_ellipse/delta/plot/3d_vz_2d_ellipse_delta_zero_surfaces_3d":{"_type":"image-file","sha256":"19b42e8cb2c2bf1fdc8c6f04e310bebc0b50bc3790caf865ca39d50db3854038","size":466564,"path":"media/images/3d_vz_2d_ellipse/delta/plot/3d_vz_2d_ellipse_delta_zero_surfaces_3d_29_19b42e8cb2c2bf1fdc8c.png","format":"png","width":1260,"height":1080},"3d_spiral/delta/n_gt":1024,"3d_torus_surface/delta/pred_precision":0.525,"3d_planar_arm_line_n3/delta/pred_on_mean_v":0.005108315497636795,"3d_vz_2d_ellipse/delta/n_gt":1024,"3d_vz_2d_ellipse/delta/pred_manifold_dist":0.1682000458240509,"3d_spatial_arm_circle_n3/delta/pred_on_mean_v":7.597830699523911e-05,"3d_spatial_arm_circle_n3/delta/learned_to_gt_p95":0.6471388339996338,"3d_spatial_arm_circle_n3/delta/learned_to_gt_mean":0.3007444143295288,"3d_spatial_arm_circle_n3/delta/proj_steps":33.11865234375,"3d_spatial_arm_circle_n3/delta/pred_FPrate":0.0200734394124847,"3d_vz_2d_ellipse/delta/proj_true_dist":0.24505029618740082,"sweep/std/pred_precision":0.26697559268253085,"3d_saddle_surface/delta/n_learned":4096,"3d_planar_arm_line_n3/delta/pred_FPrate":0.1608002025829324,"3d_spatial_arm_circle_n3/delta/proj_true_dist":0.34714174270629883,"_wandb":{"runtime":66},"3d_spiral/delta/plot/3d_spiral_delta_loss_curves":{"path":"media/images/3d_spiral/delta/plot/3d_spiral_delta_loss_curves_18_4bdce8dfb18e47a42419.png","format":"png","width":1800,"height":600,"_type":"image-file","sha256":"4bdce8dfb18e47a42419ec308477e17e5346b3fd0988bd51869c2043af96827d","size":165972},"3d_saddle_surface/delta/plot/3d_saddle_surface_delta_loss_curves":{"path":"media/images/3d_saddle_surface/delta/plot/3d_saddle_surface_delta_loss_curves_8_01a588dd1f98c3bab8bc.png","format":"png","width":1800,"height":600,"_type":"image-file","sha256":"01a588dd1f98c3bab8bc180b7f547b070cb33721b8eb0e6c5c4650b5863cfabc","size":115134},"3d_vz_2d_ellipse/delta/proj_steps":29.570068359375,"3d_spiral/delta/n_learned":4096,"3d_vz_2d_ellipse/delta/plot/3d_vz_2d_ellipse_delta_knn_normal":{"format":"png","width":900,"height":750,"_type":"image-file","sha256":"e86e9579a8cb8d76e4e876067d1b81efd68f3c775278f118520b6fe8afaa4715","size":170530,"path":"media/images/3d_vz_2d_ellipse/delta/plot/3d_vz_2d_ellipse_delta_knn_normal_27_e86e9579a8cb8d76e4e8.png"},"sweep/avg/eval_eps_used":0.04820229625329375,"sweep/std/gt_to_learned_p95":0.03855057357726619,"3d_spiral/delta/plot/3d_spiral_delta_knn_normal":{"path":"media/images/3d_spiral/delta/plot/3d_spiral_delta_knn_normal_17_2bb1e71d07573c71c094.png","format":"png","width":900,"height":750,"_type":"image-file","sha256":"2bb1e71d07573c71c094503f21538ebb58c53d9b9fa0ffe911d54ecf8e8a8b8e","size":175138},"3d_spiral/delta/proj_manifold_dist":0.03187667950987816,"3d_spatial_arm_circle_n3/delta/pred_precision":0.012048192771084338,"3d_spiral/delta/pred_manifold_dist":0.05458557605743408,"3d_spiral/delta/learned_to_gt_p95":0.06756928563117981,"3d_planar_arm_line_n3/delta/proj_steps":29.74169921875,"sweep/avg/eps_stop":0.04820229625329375,"3d_torus_surface/delta/eval_eps_used":0.014911658130586147,"sweep/avg/pred_precision":0.2987099605937837,"3d_planar_arm_line_n3/delta/eval_eps_used":0.15644922852516174,"3d_spatial_arm_circle_n3/delta/proj_v_residual":0.06669102609157562,"sweep/std/n_learned":0,"3d_torus_surface/delta/pred_recall":0.2781456953642384,"3d_saddle_surface/delta/pred_FPrate":0.011019989748846746,"sweep/std/bidirectional_chamfer":0.09069522877591515,"3d_vz_2d_ellipse/delta/n_learned":4096,"sweep/std/eval_eps_used":0.05143936893346841,"3d_torus_surface/delta/n_learned":4096,"3d_saddle_surface/delta/pred_recall":0.7216494845360825,"3d_saddle_surface/delta/plot/3d_saddle_surface_delta_knn_normal":{"width":900,"height":750,"_type":"image-file","sha256":"5035810b5f5a596a1cab69d8c90124e4005bf5307ca4eae5885367483b17d897","size":212393,"path":"media/images/3d_saddle_surface/delta/plot/3d_saddle_surface_delta_knn_normal_7_5035810b5f5a596a1cab.png","format":"png"},"sweep/avg/pred_FPrate":0.04747833426214696,"3d_torus_surface/delta/gt_to_learned_mean":0.05913671851158142,"sweep/std/pred_on_mean_v":0.0018325228730376058,"3d_planar_arm_line_n3/delta/plot/3d_planar_arm_line_n3_delta_zero_surfaces_3d":{"format":"png","width":1260,"height":1080,"_type":"image-file","sha256":"0204fe8f3c09cf000ac068134e097c7a93d9366fe037d3652d11e2fe147547fa","size":378682,"path":"media/images/3d_planar_arm_line_n3/delta/plot/3d_planar_arm_line_n3_delta_zero_surfaces_3d_4_0204fe8f3c09cf000ac0.png"},"3d_torus_surface/delta/pred_manifold_dist":0.05748821049928665,"sweep/std/proj_manifold_dist":0.09528757719435549,"3d_saddle_surface/delta/learned_to_gt_mean":0.1449647843837738,"3d_planar_arm_line_n3/delta/proj_manifold_dist":0.11017833650112152,"sweep/avg/n_gt":1024,"3d_vz_2d_ellipse/delta/pred_recall":0.7333333333333333,"sweep/std/pred_FPrate":0.055362937310986106,"3d_torus_surface/delta/plot/3d_torus_surface_delta_zero_surfaces_3d":{"height":1080,"_type":"image-file","sha256":"44dfff2f0e05156af1b401da08439ce5d132c7d0e961a9e4e9c8dcf97f912fda","size":458105,"path":"media/images/3d_torus_surface/delta/plot/3d_torus_surface_delta_zero_surfaces_3d_24_44dfff2f0e05156af1b4.png","format":"png","width":1260},"3d_torus_surface/delta/n_gt":1024,"3d_saddle_surface/delta/pred_precision":0.7650273224043715,"3d_vz_2d_ellipse/delta/eval_eps_used":0.05872611328959465,"3d_saddle_surface/delta/proj_v_residual":0.004401377402245998,"3d_spiral/delta/proj_v_residual":0.02332501858472824,"3d_planar_arm_line_n3/delta/n_learned":4096,"3d_spiral/delta/pred_FPrate":0.010299166257969592,"sweep/avg/learned_to_gt_p95":0.43945325662692386,"sweep/avg/gt_to_learned_mean":0.030272450918952625,"3d_vz_2d_ellipse/delta/pred_on_mean_v":0.0008457076619379222,"3d_planar_arm_line_n3/delta/pred_manifold_dist":0.16352568566799164,"sweep/n_seeds":1,"3d_torus_surface/delta/proj_manifold_dist":0.05826719105243683,"sweep/std/gt_to_learned_mean":0.01775891121671024,"3d_spatial_arm_circle_n3/delta/proj_manifold_dist":0.3005610704421997,"3d_saddle_surface/delta/learned_to_gt_p95":0.6474641561508179,"3d_planar_arm_line_n3/delta/proj_v_residual":0.08844280242919922,"3d_planar_arm_line_n3/delta/gt_to_learned_mean":0.008678119629621506,"3d_torus_surface/delta/plot/3d_torus_surface_delta_knn_normal":{"size":196214,"path":"media/images/3d_torus_surface/delta/plot/3d_torus_surface_delta_knn_normal_22_427504e4880dba061fa6.png","format":"png","width":900,"height":750,"_type":"image-file","sha256":"427504e4880dba061fa62aaac3d6fd23d10024caa40791af27e7ddff58ac6bf4"},"3d_spatial_arm_circle_n3/delta/eval_eps_used":0.016063591465353966,"sweep/avg/pred_on_mean_v":0.0010605577214543398,"sweep/std/learned_to_gt_p95":0.24394322839310248,"sweep/std/n_gt":0,"sweep/std/proj_steps":3.820252116184838,"sweep/std/proj_true_dist":0.13063269456830578,"sweep/n_datasets":6,"3d_spatial_arm_circle_n3/delta/gt_to_learned_mean":0.01663622260093689,"3d_planar_arm_line_n3/delta/proj_true_dist":0.3868680000305176,"3d_spatial_arm_circle_n3/delta/n_gt":1024,"3d_spiral/delta/pred_recall":0.8888888888888888,