{
  "pred_on_mean_v": 0.0032026926055550575,
  "proj_manifold_dist": 0.07251762598752975,
  "proj_v_residual": 0.10489009320735931,
  "proj_true_dist": 0.24785545468330383,
  "proj_steps": 1.0,
  "pred_recall": NaN,
  "pred_FPrate": 0.002685546875,
  "pred_manifold_dist": 0.08775290846824646,
  "pred_precision": 0.0,
  "eval_eps_used": 0.11356493085622787,
  "dist_space": "workspace",
  "bidirectional_chamfer": 0.24535387754440308,
  "gt_to_learned_mean": 0.05496257543563843,
  "learned_to_gt_mean": 0.19039130210876465,
  "gt_to_learned_p95": 0.0913069024682045,
  "learned_to_gt_p95": 0.7209284901618958,
  "n_gt": 1024,
  "n_learned": 4096,
  "eps_stop": 0.11356493085622787,
  "gen_manifold_dist": 0.07224197685718536,
  "gen_chamfer": 0.12459097057580948
}