{
  "pred_on_mean_v": 0.0176788792014122,
  "proj_manifold_dist": 0.28239738941192627,
  "proj_v_residual": 0.02609184756875038,
  "proj_true_dist": 0.48612383008003235,
  "proj_steps": 7.198486328125,
  "pred_recall": 0.853515625,
  "pred_FPrate": 0.2255050505050505,
  "pred_precision": 0.07568359375,
  "eval_eps_used": 0.26502686738967896,
  "dist_space": "workspace",
  "bidirectional_chamfer": 0.3356940746307373,
  "gt_to_learned_mean": 0.05319535732269287,
  "learned_to_gt_mean": 0.28249871730804443,
  "gt_to_learned_p95": 0.11097104847431183,
  "learned_to_gt_p95": 1.5771846771240234,
  "n_gt": 1024,
  "n_learned": 4096,
  "eps_stop": 0.26502686738967896,
  "train_seconds": 16.190360104999854
}