{
  "pred_on_mean_v": 0.024687141180038452,
  "proj_manifold_dist": 0.2106640636920929,
  "proj_v_residual": 0.0007797605358064175,
  "proj_true_dist": 0.3050916790962219,
  "proj_steps": 2.862548828125,
  "pred_recall": 0.73828125,
  "pred_FPrate": 0.2721861471861472,
  "pred_precision": 0.32763671875,
  "eval_eps_used": 0.39592188596725464,
  "dist_space": "data_space",
  "bidirectional_chamfer": 0.5062296986579895,
  "gt_to_learned_mean": 0.29526519775390625,
  "learned_to_gt_mean": 0.21096450090408325,
  "gt_to_learned_p95": 0.9613882303237915,
  "learned_to_gt_p95": 0.8142898082733154,
  "n_gt": 1024,
  "n_learned": 4096,
  "eps_stop": 0.39592188596725464,
  "train_seconds": 2.59637180899972
}