{
  "pred_on_mean_v": 0.040065947920084,
  "proj_manifold_dist": 0.494704008102417,
  "proj_v_residual": 0.23022091388702393,
  "proj_true_dist": 0.6346992254257202,
  "proj_steps": 6.893798828125,
  "pred_recall": 0.89990234375,
  "pred_FPrate": 0.0546875,
  "pred_precision": 0.000732421875,
  "eval_eps_used": 0.4184449315071106,
  "dist_space": "workspace",
  "bidirectional_chamfer": 0.6088157296180725,
  "gt_to_learned_mean": 0.10697297751903534,
  "learned_to_gt_mean": 0.501842737197876,
  "gt_to_learned_p95": 0.17409242689609528,
  "learned_to_gt_p95": 1.662955641746521,
  "n_gt": 1024,
  "n_learned": 4096,
  "eps_stop": 0.4184449315071106,
  "train_seconds": 390.5966076699997
}