{
  "pred_on_mean_v": 1.6471709386678413e-05,
  "proj_manifold_dist": 0.02692560851573944,
  "proj_v_residual": 0.007024024613201618,
  "proj_true_dist": 0.039885733276605606,
  "proj_steps": 10.978271484375,
  "pred_recall": 0.08085106382978724,
  "pred_FPrate": 0.0002757859900717044,
  "pred_manifold_dist": 0.009863101877272129,
  "pred_precision": 0.9743589743589743,
  "eval_eps_used": 0.008386446163058281,
  "dist_space": "data_space",
  "bidirectional_chamfer": 0.043398477137088776,
  "gt_to_learned_mean": 0.014588052406907082,
  "learned_to_gt_mean": 0.028810422867536545,
  "gt_to_learned_p95": 0.07547924667596817,
  "learned_to_gt_p95": 0.08689254522323608,
  "n_gt": 1024,
  "n_learned": 4096,
  "eps_stop": 0.008386446163058281
}