{
  "pred_on_mean_v": 3.055608976865187e-05,
  "proj_manifold_dist": 0.007991872727870941,
  "proj_v_residual": 8.959155820775777e-05,
  "proj_true_dist": 0.014262471348047256,
  "proj_steps": 29.0,
  "pred_recall": 0.14606741573033707,
  "pred_FPrate": 0.0,
  "pred_manifold_dist": 0.011611775495111942,
  "pred_precision": 1.0,
  "eval_eps_used": 0.013188990764319897,
  "dist_space": "data_space",
  "bidirectional_chamfer": 0.018671363592147827,
  "gt_to_learned_mean": 0.00897960364818573,
  "learned_to_gt_mean": 0.009691760875284672,
  "gt_to_learned_p95": 0.023425329476594925,
  "learned_to_gt_p95": 0.022509681060910225,
  "n_gt": 1024,
  "n_learned": 4096,
  "eps_stop": 0.013188990764319897
}