{
  "pred_on_mean_v": 4.234132211422548e-05,
  "proj_manifold_dist": 0.005242513492703438,
  "proj_v_residual": 0.0012237317860126495,
  "proj_true_dist": 0.06890266388654709,
  "proj_steps": 29.0,
  "pred_recall": 0.06666666666666667,
  "pred_FPrate": 0.0,
  "pred_manifold_dist": 0.009334003552794456,
  "pred_precision": 1.0,
  "eval_eps_used": 0.01393605675548315,
  "dist_space": "workspace",
  "bidirectional_chamfer": 0.010840432718396187,
  "gt_to_learned_mean": 0.0036853549536317587,
  "learned_to_gt_mean": 0.0071550775319337845,
  "gt_to_learned_p95": 0.007997823879122734,
  "learned_to_gt_p95": 0.015383299440145493,
  "n_gt": 1024,
  "n_learned": 4096,
  "eps_stop": 0.01393605675548315
}