{
  "pred_on_mean_v": 7.187764276750386e-05,
  "proj_manifold_dist": 0.0592631995677948,
  "proj_v_residual": 6.080721504986286e-05,
  "proj_true_dist": 0.06656724214553833,
  "proj_steps": 29.018798828125,
  "pred_recall": 0.48427672955974843,
  "pred_FPrate": 0.0190500381000762,
  "pred_manifold_dist": 0.05735635757446289,
  "pred_precision": 0.506578947368421,
  "eval_eps_used": 0.02307814173400402,
  "dist_space": "data_space",
  "bidirectional_chamfer": 0.16620109975337982,
  "gt_to_learned_mean": 0.05975467339158058,
  "learned_to_gt_mean": 0.10644643008708954,
  "gt_to_learned_p95": 0.12322895973920822,
  "learned_to_gt_p95": 0.20557574927806854,
  "n_gt": 1024,
  "n_learned": 4096,
  "eps_stop": 0.02307814173400402
}