{
  "pred_on_mean_v": 0.0002116651739925146,
  "proj_manifold_dist": 0.04536961764097214,
  "proj_v_residual": 5.788987982668914e-05,
  "proj_true_dist": 0.07670631259679794,
  "proj_steps": 29.0,
  "pred_recall": 0.1349206349206349,
  "pred_FPrate": 0.0,
  "pred_manifold_dist": 0.024625880643725395,
  "pred_precision": 1.0,
  "eval_eps_used": 0.033473920077085495,
  "dist_space": "data_space",
  "bidirectional_chamfer": 0.09537293016910553,
  "gt_to_learned_mean": 0.049013059586286545,
  "learned_to_gt_mean": 0.046359866857528687,
  "gt_to_learned_p95": 0.212553471326828,
  "learned_to_gt_p95": 0.1741439402103424,
  "n_gt": 1024,
  "n_learned": 4096,
  "eps_stop": 0.033473920077085495
}