{
  "pred_on_mean_v": 0.3965781331062317,
  "proj_manifold_dist": 0.23567190766334534,
  "proj_v_residual": 0.8730118274688721,
  "proj_true_dist": 0.4081805944442749,
  "proj_steps": 29.4619140625,
  "pred_recall": 0.8067226890756303,
  "pred_FPrate": 0.21342604974592136,
  "pred_manifold_dist": 0.20738571882247925,
  "pred_precision": 0.26519337016574585,
  "eval_eps_used": 0.9162389636039734,
  "dist_space": "data_space",
  "bidirectional_chamfer": 0.34469273686408997,
  "gt_to_learned_mean": 0.1082550510764122,
  "learned_to_gt_mean": 0.23643767833709717,
  "gt_to_learned_p95": 0.3192434012889862,
  "learned_to_gt_p95": 0.4952836036682129,
  "n_gt": 1024,
  "n_learned": 4096,
  "eps_stop": 0.9162389636039734
}