{
  "pred_on_mean_v": 0.008818395435810089,
  "proj_manifold_dist": 0.21242009103298187,
  "proj_v_residual": 0.10326232761144638,
  "proj_true_dist": 0.24067255854606628,
  "proj_steps": 19.5771484375,
  "pred_recall": 0.935791015625,
  "pred_FPrate": 0.8723965199050884,
  "pred_precision": 0.09521484375,
  "eval_eps_used": 0.20514440536499023,
  "dist_space": "data_space",
  "bidirectional_chamfer": 0.23612207174301147,
  "gt_to_learned_mean": 0.023441333323717117,
  "learned_to_gt_mean": 0.21268074214458466,
  "gt_to_learned_p95": 0.052757203578948975,
  "learned_to_gt_p95": 0.5346391201019287,
  "n_gt": 1024,
  "n_learned": 4096,
  "eps_stop": 0.20514440536499023
}