{
  "pred_on_mean_v": 0.002173888497054577,
  "proj_manifold_dist": 0.25995999574661255,
  "proj_v_residual": 0.015285531058907509,
  "proj_true_dist": 0.32324880361557007,
  "proj_steps": 19.65380859375,
  "pred_recall": 0.849365234375,
  "pred_FPrate": 0.29508196721311475,
  "pred_precision": 0.228515625,
  "eval_eps_used": 0.1084771528840065,
  "dist_space": "data_space",
  "bidirectional_chamfer": 0.31497371196746826,
  "gt_to_learned_mean": 0.054661110043525696,
  "learned_to_gt_mean": 0.26031261682510376,
  "gt_to_learned_p95": 0.16423039138317108,
  "learned_to_gt_p95": 0.9268885850906372,
  "n_gt": 1024,
  "n_learned": 4096,
  "eps_stop": 0.1084771528840065
}