{
  "pred_on_mean_v": 0.02832048386335373,
  "proj_manifold_dist": 0.40283405780792236,
  "proj_v_residual": 0.07921163737773895,
  "proj_true_dist": 0.5732511281967163,
  "proj_steps": 20.631103515625,
  "pred_recall": 0.88134765625,
  "pred_FPrate": 0.3968173781257893,
  "pred_precision": 0.025390625,
  "eval_eps_used": 0.3480933904647827,
  "dist_space": "workspace",
  "bidirectional_chamfer": 0.45638328790664673,
  "gt_to_learned_mean": 0.053511843085289,
  "learned_to_gt_mean": 0.40287142992019653,
  "gt_to_learned_p95": 0.1130625382065773,
  "learned_to_gt_p95": 1.645141839981079,
  "n_gt": 1024,
  "n_learned": 4096,
  "eps_stop": 0.3480933904647827
}