{
  "pred_on_mean_v": 0.005475355312228203,
  "proj_manifold_dist": 0.17741376161575317,
  "proj_v_residual": 0.017696693539619446,
  "proj_true_dist": 0.21500703692436218,
  "proj_steps": 19.028076171875,
  "pred_recall": 0.867919921875,
  "pred_FPrate": 0.5838378520663332,
  "pred_precision": 0.065185546875,
  "eval_eps_used": 0.17232100665569305,
  "dist_space": "data_space",
  "bidirectional_chamfer": 0.24377842247486115,
  "gt_to_learned_mean": 0.06614100933074951,
  "learned_to_gt_mean": 0.17763741314411163,
  "gt_to_learned_p95": 0.17112785577774048,
  "learned_to_gt_p95": 0.5043554902076721,
  "n_gt": 1024,
  "n_learned": 4096,
  "eps_stop": 0.17232100665569305
}