{
  "method": "vae",
  "datasets": [
    "6d_spatial_arm_up_n6_py",
    "6d_workspace_sine_surface_pose"
  ],
  "seed": 173,
  "avg_metrics": {
    "bidirectional_chamfer": 0.42881903052330017,
    "eps_stop": 0.18613223358988762,
    "eval_eps_used": 0.18613223358988762,
    "gen_chamfer": 0.43525420501828194,
    "gen_manifold_dist": 0.3590628281235695,
    "gt_to_learned_mean": 0.07485917955636978,
    "gt_to_learned_p95": 0.1235557310283184,
    "learned_to_gt_mean": 0.353959858417511,
    "learned_to_gt_p95": 1.2948239147663116,
    "n_gt": 1024.0,
    "n_learned": 4096.0,
    "pred_FPrate": 0.005615234375,
    "pred_manifold_dist": 0.1500740870833397,
    "pred_on_mean_v": 0.011227692011743784,
    "pred_precision": 0.0,
    "proj_manifold_dist": 0.29100507125258446,
    "proj_steps": 1.0,
    "proj_true_dist": 0.45958973467350006,
    "proj_v_residual": 0.35933657735586166
  },
  "std_metrics": {
    "bidirectional_chamfer": 0.1834651529788971,
    "eps_stop": 0.07256730273365974,
    "eval_eps_used": 0.07256730273365974,
    "gen_chamfer": 0.31066323444247246,
    "gen_manifold_dist": 0.2868208512663841,
    "gt_to_learned_mean": 0.019896604120731354,
    "gt_to_learned_p95": 0.03224882856011391,
    "learned_to_gt_mean": 0.16356855630874634,
    "learned_to_gt_p95": 0.5738954246044159,
    "n_gt": 0.0,
    "n_learned": 0.0,
    "pred_FPrate": 0.0029296875,
    "pred_manifold_dist": 0.06232117861509323,
    "pred_on_mean_v": 0.008024999406188726,
    "pred_precision": 0.0,
    "proj_manifold_dist": 0.2184874452650547,
    "proj_steps": 0.0,
    "proj_true_dist": 0.21173427999019623,
    "proj_v_residual": 0.25444648414850235
  },
  "results": [
    {
      "method": "vae",
      "dataset": "6d_spatial_arm_up_n6_py",
      "metrics": {
        "pred_on_mean_v": 0.01925269141793251,
        "proj_manifold_dist": 0.5094925165176392,
        "proj_v_residual": 0.613783061504364,
        "proj_true_dist": 0.6713240146636963,
        "proj_steps": 1.0,
        "pred_recall": NaN,
        "pred_FPrate": 0.008544921875,
        "pred_manifold_dist": 0.21239526569843292,
        "pred_precision": 0.0,
        "eval_eps_used": 0.25869953632354736,
        "bidirectional_chamfer": 0.6122841835021973,
        "gt_to_learned_mean": 0.09475578367710114,
        "learned_to_gt_mean": 0.5175284147262573,
        "gt_to_learned_p95": 0.1558045595884323,
        "learned_to_gt_p95": 1.8687193393707275,
        "n_gt": 1024.0,
        "n_learned": 4096.0,
        "eps_stop": 0.25869953632354736,
        "gen_manifold_dist": 0.6458836793899536,
        "gen_chamfer": 0.7459174394607544
      },
      "eval_path": "/home/baiyu/PycharmProjects/equality_manofld/outputs_unified/sweeps/vae_all_6d/vae/6d_spatial_arm_up_n6_py_vae_eval.json",
      "ckpt_path": "/home/baiyu/PycharmProjects/equality_manofld/outputs_unified/sweeps/vae_all_6d/vae/6d_spatial_arm_up_n6_py_vae_model.pt",
      "config": {
        "seed": 173,
        "device": "cuda",
        "n_train": 2048,
        "n_grid": 8192,
        "latent_dim": -1,
        "hidden_dims": [
          128,
          128,
          128
        ],
        "epochs": 800,
        "batch_size": 128,
        "lr": 0.001,
        "weight_decay": 0.0,
        "beta_final": 0.01,
        "warmup_epochs": 500,
        "ur5_backend": "auto",
        "viz_enable": true,
        "viz_sample_latent_n": 150,
        "viz_max_eval_points": 2000,
        "projector": {
          "alpha": 0.3,
          "steps": 80,
          "min_steps": 20
        },
        "planner": {
          "method": "linear_proj",
          "opt_steps": 1240,
          "opt_lr": 0.01,
          "opt_lam_smooth": 0.2,
          "lam_manifold": 1.0,
          "lam_len_joint": 0.4,
          "trust_scale": 0.8,
          "pair_min_ratio": 0.15,
          "pair_max_ratio": 0.35,
          "pair_tries": 1200,
          "init_mode": "joint_spline",
          "joint_mid_noise": 0.0,
          "anim_fps": 6,
          "anim_stride": 1,
          "save_gif": false,
          "pybullet_render": false,
          "pybullet_real_time_dt": 0.06
        }
      },
      "loaded_config_paths": [
        "/home/baiyu/PycharmProjects/equality_manofld/configs/base.json",
        "/home/baiyu/PycharmProjects/equality_manofld/configs/methods/vae.json",
        "/home/baiyu/PycharmProjects/equality_manofld/configs/datasets/6d_spatial_arm_up_n6_py.json"
      ],
      "seed": 173
    },
    {
      "method": "vae",
      "dataset": "6d_workspace_sine_surface_pose",
      "metrics": {
        "pred_on_mean_v": 0.0032026926055550575,
        "proj_manifold_dist": 0.07251762598752975,
        "proj_v_residual": 0.10489009320735931,
        "proj_true_dist": 0.24785545468330383,
        "proj_steps": 1.0,
        "pred_recall": NaN,
        "pred_FPrate": 0.002685546875,
        "pred_manifold_dist": 0.08775290846824646,
        "pred_precision": 0.0,
        "eval_eps_used": 0.11356493085622787,
        "bidirectional_chamfer": 0.24535387754440308,
        "gt_to_learned_mean": 0.05496257543563843,
        "learned_to_gt_mean": 0.19039130210876465,
        "gt_to_learned_p95": 0.0913069024682045,
        "learned_to_gt_p95": 0.7209284901618958,
        "n_gt": 1024.0,
        "n_learned": 4096.0,
        "eps_stop": 0.11356493085622787,
        "gen_manifold_dist": 0.07224197685718536,
        "gen_chamfer": 0.12459097057580948
      },
      "eval_path": "/home/baiyu/PycharmProjects/equality_manofld/outputs_unified/sweeps/vae_all_6d/vae/6d_workspace_sine_surface_pose_vae_eval.json",
      "ckpt_path": "/home/baiyu/PycharmProjects/equality_manofld/outputs_unified/sweeps/vae_all_6d/vae/6d_workspace_sine_surface_pose_vae_model.pt",
      "config": {
        "seed": 173,
        "device": "cuda",
        "n_train": 2048,
        "n_grid": 8192,
        "latent_dim": -1,
        "hidden_dims": [
          128,
          128,
          128
        ],
        "epochs": 800,
        "batch_size": 128,
        "lr": 0.001,
        "weight_decay": 0.0,
        "beta_final": 0.01,
        "warmup_epochs": 500,
        "ur5_backend": "auto",
        "viz_enable": true,
        "viz_sample_latent_n": 150,
        "viz_max_eval_points": 2000,
        "projector": {
          "alpha": 0.3,
          "steps": 80,
          "min_steps": 20
        },
        "planner": {
          "method": "linear_proj",
          "opt_steps": 1240,
          "opt_lr": 0.01,
          "opt_lam_smooth": 0.2,
          "lam_manifold": 1.0,
          "lam_len_joint": 0.4,
          "trust_scale": 0.8,
          "pair_min_ratio": 0.15,
          "pair_max_ratio": 0.35,
          "pair_tries": 1200,
          "init_mode": "joint_spline",
          "joint_mid_noise": 0.0,
          "anim_fps": 6,
          "anim_stride": 1,
          "save_gif": false,
          "pybullet_render": false,
          "pybullet_real_time_dt": 0.06
        }
      },
      "loaded_config_paths": [
        "/home/baiyu/PycharmProjects/equality_manofld/configs/base.json",
        "/home/baiyu/PycharmProjects/equality_manofld/configs/methods/vae.json",
        "/home/baiyu/PycharmProjects/equality_manofld/configs/datasets/6d_workspace_sine_surface_pose.json"
      ],
      "seed": 173
    }
  ],
  "global_overrides": [],
  "method_overrides": [],
  "dataset_overrides": {},
  "method_dataset_overrides": {},
  "cli_overrides": []
}