{
  "pred_on_mean_v": 2.653951469255844e-06,
  "proj_manifold_dist": 0.5683892965316772,
  "proj_v_residual": 0.0009448634809814394,
  "proj_true_dist": 0.613412082195282,
  "proj_steps": 29.0,
  "pred_recall": 0.9426673228346457,
  "pred_FPrate": 0.008062545809919374,
  "pred_precision": 0.004150390625,
  "eval_eps_used": 0.003905355231836438,
  "dist_space": "workspace",
  "bidirectional_chamfer": 0.8324571847915649,
  "gt_to_learned_mean": 0.18237349390983582,
  "learned_to_gt_mean": 0.6500836610794067,
  "gt_to_learned_p95": 0.26803573966026306,
  "learned_to_gt_p95": 1.3248240947723389,
  "n_gt": 8128,
  "n_learned": 4096,
  "eps_stop": 0.003905355231836438,
  "train_seconds": 56.93280485202558
}