{
  "pred_on_mean_v": 0.12838086485862732,
  "proj_manifold_dist": 0.11918370425701141,
  "proj_v_residual": 0.6008661985397339,
  "proj_true_dist": 0.873692512512207,
  "proj_steps": 1.0,
  "pred_recall": 0.887451171875,
  "pred_FPrate": 0.16772616136919316,
  "pred_precision": 0.07568359375,
  "eval_eps_used": 0.47902581095695496,
  "dist_space": "workspace",
  "bidirectional_chamfer": 0.17124685645103455,
  "gt_to_learned_mean": 0.05190340429544449,
  "learned_to_gt_mean": 0.11934345960617065,
  "gt_to_learned_p95": 0.1438646763563156,
  "learned_to_gt_p95": 0.37761348485946655,
  "n_gt": 1024,
  "n_learned": 4096,
  "eps_stop": 0.47902581095695496,
  "train_seconds": 4.400447169999097,
  "gen_manifold_dist": 0.15845006704330444,
  "gen_chamfer": 0.20986314117908478
}