{
  "pred_on_mean_v": 0.009799676947295666,
  "proj_manifold_dist": 0.08545171469449997,
  "proj_v_residual": 0.14947615563869476,
  "proj_true_dist": 0.4471081495285034,
  "proj_steps": 1.0,
  "pred_recall": 0.6897689768976898,
  "pred_FPrate": 0.22409702082784075,
  "pred_manifold_dist": 0.10110385715961456,
  "pred_precision": 0.19735599622285174,
  "eval_eps_used": 0.20712776482105255,
  "dist_space": "data_space",
  "bidirectional_chamfer": 0.19790202379226685,
  "gt_to_learned_mean": 0.11196484416723251,
  "learned_to_gt_mean": 0.08593718707561493,
  "gt_to_learned_p95": 0.31133103370666504,
  "learned_to_gt_p95": 0.3091675043106079,
  "n_gt": 1024,
  "n_learned": 4096,
  "eps_stop": 0.20712776482105255
}