{
  "pred_on_mean_v": 0.0019865240901708603,
  "proj_manifold_dist": 0.02370600402355194,
  "proj_v_residual": 0.05193955451250076,
  "proj_true_dist": 0.27368950843811035,
  "proj_steps": 1.0,
  "pred_recall": 0.7138047138047138,
  "pred_FPrate": 0.07554619636746512,
  "pred_manifold_dist": 0.038265932351350784,
  "pred_precision": 0.4248496993987976,
  "eval_eps_used": 0.08014310151338577,
  "dist_space": "data_space",
  "bidirectional_chamfer": 0.05026739835739136,
  "gt_to_learned_mean": 0.025851057842373848,
  "learned_to_gt_mean": 0.02441634237766266,
  "gt_to_learned_p95": 0.0543137788772583,
  "learned_to_gt_p95": 0.05451861023902893,
  "n_gt": 1024,
  "n_learned": 4096,
  "eps_stop": 0.08014310151338577
}