{
  "pred_on_mean_v": 0.0009774102363735437,
  "proj_manifold_dist": 0.03769490122795105,
  "proj_v_residual": 0.06262440979480743,
  "proj_true_dist": 0.30810460448265076,
  "proj_steps": 1.0,
  "pred_recall": 0.51,
  "pred_FPrate": 0.0,
  "pred_manifold_dist": 0.025295933708548546,
  "pred_precision": 1.0,
  "eval_eps_used": 0.06123344600200653,
  "dist_space": "data_space",
  "bidirectional_chamfer": 0.11786292493343353,
  "gt_to_learned_mean": 0.07847529649734497,
  "learned_to_gt_mean": 0.03938762843608856,
  "gt_to_learned_p95": 0.49696221947669983,
  "learned_to_gt_p95": 0.2322235405445099,
  "n_gt": 1024,
  "n_learned": 4096,
  "eps_stop": 0.06123344600200653
}