{
  "pred_on_mean_v": 0.0021887964103370905,
  "proj_manifold_dist": 0.07813148200511932,
  "proj_v_residual": 0.003167645540088415,
  "proj_true_dist": 0.1315028965473175,
  "proj_steps": 19.02001953125,
  "pred_recall": 0.8857142857142857,
  "pred_FPrate": 0.2020822210357715,
  "pred_manifold_dist": 0.08201882988214493,
  "pred_precision": 0.29053420805998126,
  "eval_eps_used": 0.09889103472232819,
  "dist_space": "data_space",
  "bidirectional_chamfer": 0.14288771152496338,
  "gt_to_learned_mean": 0.06402576714754105,
  "learned_to_gt_mean": 0.07886194437742233,
  "gt_to_learned_p95": 0.2092001736164093,
  "learned_to_gt_p95": 0.339341402053833,
  "n_gt": 1024,
  "n_learned": 4096,
  "eps_stop": 0.09889103472232819
}