{
  "pred_on_mean_v": 0.0003345622681081295,
  "proj_manifold_dist": 0.022261718288064003,
  "proj_v_residual": 0.000874844379723072,
  "proj_true_dist": 0.0710311159491539,
  "proj_steps": 19.0,
  "pred_recall": 0.7097902097902098,
  "pred_FPrate": 0.013910761154855643,
  "pred_manifold_dist": 0.02914833277463913,
  "pred_precision": 0.79296875,
  "eval_eps_used": 0.044887591153383255,
  "dist_space": "data_space",
  "bidirectional_chamfer": 0.0473080538213253,
  "gt_to_learned_mean": 0.023878153413534164,
  "learned_to_gt_mean": 0.023429900407791138,
  "gt_to_learned_p95": 0.06348705291748047,
  "learned_to_gt_p95": 0.06290379911661148,
  "n_gt": 1024,
  "n_learned": 4096,
  "eps_stop": 0.044887591153383255
}