{
  "pred_on_mean_v": 0.002791960723698139,
  "proj_manifold_dist": 0.2617267370223999,
  "proj_v_residual": 0.029659245163202286,
  "proj_true_dist": 0.4616919159889221,
  "proj_steps": 19.0107421875,
  "pred_recall": 0.8181818181818182,
  "pred_FPrate": 0.136986301369863,
  "pred_manifold_dist": 0.270097941160202,
  "pred_precision": 0.1891891891891892,
  "eval_eps_used": 0.11436551809310913,
  "dist_space": "workspace",
  "bidirectional_chamfer": 0.27103182673454285,
  "gt_to_learned_mean": 0.00908320676535368,
  "learned_to_gt_mean": 0.2619486153125763,
  "gt_to_learned_p95": 0.02010648511350155,
  "learned_to_gt_p95": 1.3217647075653076,
  "n_gt": 1024,
  "n_learned": 4096,
  "eps_stop": 0.11436551809310913
}