{
  "pred_on_mean_v": 0.0002878109226003289,
  "proj_manifold_dist": 0.04852095618844032,
  "proj_v_residual": 0.0011398287024348974,
  "proj_true_dist": 0.0822235643863678,
  "proj_steps": 19.04833984375,
  "pred_recall": 0.625,
  "pred_FPrate": 0.0002446183953033268,
  "pred_manifold_dist": 0.026713399216532707,
  "pred_precision": 0.8333333333333334,
  "eval_eps_used": 0.02533029392361641,
  "dist_space": "data_space",
  "bidirectional_chamfer": 0.06603676080703735,
  "gt_to_learned_mean": 0.015173103660345078,
  "learned_to_gt_mean": 0.050863660871982574,
  "gt_to_learned_p95": 0.06859680265188217,
  "learned_to_gt_p95": 0.37730464339256287,
  "n_gt": 1024,
  "n_learned": 4096,
  "eps_stop": 0.02533029392361641
}