{
  "pred_on_mean_v": 5.783796041214373e-06,
  "proj_manifold_dist": 0.0028046020306646824,
  "proj_v_residual": 0.0007332810782827437,
  "proj_true_dist": 0.05385182052850723,
  "proj_steps": 19.00048828125,
  "pred_recall": 0.0,
  "pred_FPrate": 0.0,
  "pred_manifold_dist": NaN,
  "pred_precision": NaN,
  "eval_eps_used": 0.004753760062158108,
  "dist_space": "workspace",
  "bidirectional_chamfer": 0.007302943617105484,
  "gt_to_learned_mean": 0.0023742273915559053,
  "learned_to_gt_mean": 0.004928715992718935,
  "gt_to_learned_p95": 0.0041593024507164955,
  "learned_to_gt_p95": 0.011167861521244049,
  "n_gt": 1024,
  "n_learned": 4096,
  "eps_stop": 0.004753760062158108
}