{
  "pred_on_mean_v": 0.0009765870636329055,
  "proj_manifold_dist": 0.04402932897210121,
  "proj_v_residual": 0.001056779408827424,
  "proj_true_dist": 0.0658380538225174,
  "proj_steps": 19.0703125,
  "pred_recall": 0.77,
  "pred_FPrate": 0.06156156156156156,
  "pred_manifold_dist": 0.055021680891513824,
  "pred_precision": 0.23839009287925697,
  "eval_eps_used": 0.04788202792406082,
  "dist_space": "data_space",
  "bidirectional_chamfer": 0.13373273611068726,
  "gt_to_learned_mean": 0.052816566079854965,
  "learned_to_gt_mean": 0.08091616630554199,
  "gt_to_learned_p95": 0.12274190038442612,
  "learned_to_gt_p95": 0.15520907938480377,
  "n_gt": 1024,
  "n_learned": 4096,
  "eps_stop": 0.04788202792406082
}