{
  "pred_on_mean_v": 4.84326810692437e-05,
  "proj_manifold_dist": 0.038034722208976746,
  "proj_v_residual": 0.0013000685721635818,
  "proj_true_dist": 0.3000553548336029,
  "proj_steps": 29.0,
  "pred_recall": 0.0,
  "pred_FPrate": 0.0,
  "pred_manifold_dist": NaN,
  "pred_precision": NaN,
  "eval_eps_used": 0.01485788356512785,
  "dist_space": "workspace",
  "bidirectional_chamfer": 0.27604883909225464,
  "gt_to_learned_mean": 0.04394681379199028,
  "learned_to_gt_mean": 0.23210203647613525,
  "gt_to_learned_p95": 0.08513402938842773,
  "learned_to_gt_p95": 0.9959332346916199,
  "n_gt": 1024,
  "n_learned": 4096,
  "eps_stop": 0.01485788356512785
}