{
  "pred_on_mean_v": 0.009162545204162598,
  "proj_manifold_dist": 0.17632687091827393,
  "proj_v_residual": 0.1758671998977661,
  "proj_true_dist": 0.5508638620376587,
  "proj_steps": 1.0,
  "pred_recall": 0.7404035433070866,
  "pred_FPrate": 0.24614552339734921,
  "pred_precision": 0.57470703125,
  "eval_eps_used": 0.27287012338638306,
  "dist_space": "data_space",
  "bidirectional_chamfer": 0.29316332936286926,
  "gt_to_learned_mean": 0.11683645099401474,
  "learned_to_gt_mean": 0.17632687091827393,
  "gt_to_learned_p95": 0.3236739933490753,
  "learned_to_gt_p95": 0.8111553192138672,
  "n_gt": 8128,
  "n_learned": 4096,
  "eps_stop": 0.27287012338638306,
  "train_seconds": 0.9840521890146192,
  "gen_manifold_dist": 0.11557409167289734,
  "gen_chamfer": 0.2324671894311905
}