{
  "pred_on_mean_v": 0.0007273838855326176,
  "proj_manifold_dist": 0.04436971992254257,
  "proj_v_residual": 0.03970371559262276,
  "proj_true_dist": 0.3672569990158081,
  "proj_steps": 1.0,
  "pred_recall": 0.6457923228346457,
  "pred_FPrate": 0.0022541561003099463,
  "pred_precision": 0.90869140625,
  "eval_eps_used": 0.05191497877240181,
  "dist_space": "data_space",
  "bidirectional_chamfer": 0.09366939961910248,
  "gt_to_learned_mean": 0.049299683421850204,
  "learned_to_gt_mean": 0.04436971992254257,
  "gt_to_learned_p95": 0.3371811509132385,
  "learned_to_gt_p95": 0.31055447459220886,
  "n_gt": 8128,
  "n_learned": 4096,
  "eps_stop": 0.05191497877240181,
  "train_seconds": 0.9985647409921512,
  "gen_manifold_dist": 0.014420980587601662,
  "gen_chamfer": 0.06469691544771194
}