{
  "pred_on_mean_v": 0.024121738970279694,
  "proj_manifold_dist": 0.26599711179733276,
  "proj_v_residual": 0.23345056176185608,
  "proj_true_dist": 0.6235392093658447,
  "proj_steps": 1.0,
  "pred_recall": 0.7281003937007874,
  "pred_FPrate": 0.16487455197132617,
  "pred_precision": 0.21435546875,
  "eval_eps_used": 0.2973143458366394,
  "dist_space": "workspace",
  "bidirectional_chamfer": 0.27956026792526245,
  "gt_to_learned_mean": 0.013563158921897411,
  "learned_to_gt_mean": 0.26599711179733276,
  "gt_to_learned_p95": 0.03041737899184227,
  "learned_to_gt_p95": 1.075319766998291,
  "n_gt": 8128,
  "n_learned": 4096,
  "eps_stop": 0.2973143458366394,
  "train_seconds": 4.111411969992332,
  "gen_manifold_dist": 0.3536100387573242,
  "gen_chamfer": 0.3698386251926422
}