{
  "pred_on_mean_v": 0.015716511756181717,
  "proj_manifold_dist": 0.06534604728221893,
  "proj_v_residual": 0.2691443860530853,
  "proj_true_dist": 0.5955843329429626,
  "proj_steps": 1.0,
  "pred_recall": 0.889886811023622,
  "pred_FPrate": 0.058319039451114926,
  "pred_precision": 0.301513671875,
  "eval_eps_used": 0.24428194761276245,
  "dist_space": "workspace",
  "bidirectional_chamfer": 0.08971676230430603,
  "gt_to_learned_mean": 0.024370713159441948,
  "learned_to_gt_mean": 0.06534604728221893,
  "gt_to_learned_p95": 0.04461564123630524,
  "learned_to_gt_p95": 0.23508122563362122,
  "n_gt": 8128,
  "n_learned": 4096,
  "eps_stop": 0.24428194761276245,
  "train_seconds": 2.1754572550125886,
  "gen_manifold_dist": 0.10432770848274231,
  "gen_chamfer": 0.13006390631198883
}