{
  "pred_on_mean_v": 0.0164547860622406,
  "proj_manifold_dist": 0.2494521141052246,
  "proj_v_residual": 0.21294620633125305,
  "proj_true_dist": 0.555592954158783,
  "proj_steps": 1.0,
  "pred_recall": 0.7098765432098766,
  "pred_FPrate": 0.2072609049038201,
  "pred_precision": 0.3134765625,
  "eval_eps_used": 0.27582666277885437,
  "dist_space": "data_space",
  "bidirectional_chamfer": 0.41049081087112427,
  "gt_to_learned_mean": 0.16103868186473846,
  "learned_to_gt_mean": 0.2494521141052246,
  "gt_to_learned_p95": 0.4121274948120117,
  "learned_to_gt_p95": 0.8665767908096313,
  "n_gt": 8100,
  "n_learned": 4096,
  "eps_stop": 0.27582666277885437,
  "train_seconds": 4.257192628982011,
  "gen_manifold_dist": 0.17089790105819702,
  "gen_chamfer": 0.3307645916938782
}