{
  "pred_on_mean_v": 0.006710181012749672,
  "proj_manifold_dist": 0.0816427618265152,
  "proj_v_residual": 0.14426778256893158,
  "proj_true_dist": 0.5249067544937134,
  "proj_steps": 1.0,
  "pred_recall": 0.7646407480314961,
  "pred_FPrate": 0.09807312252964427,
  "pred_precision": 0.70654296875,
  "eval_eps_used": 0.18820235133171082,
  "dist_space": "data_space",
  "bidirectional_chamfer": 0.1574035882949829,
  "gt_to_learned_mean": 0.07576081901788712,
  "learned_to_gt_mean": 0.0816427618265152,
  "gt_to_learned_p95": 0.3651157021522522,
  "learned_to_gt_p95": 0.4421737492084503,
  "n_gt": 8128,
  "n_learned": 4096,
  "eps_stop": 0.18820235133171082,
  "train_seconds": 1.1452440670109354,
  "gen_manifold_dist": 0.11352726817131042,
  "gen_chamfer": 0.18935129046440125
}