{
  "pred_on_mean_v": 0.02567913755774498,
  "proj_manifold_dist": 0.1476639062166214,
  "proj_v_residual": 0.27597588300704956,
  "proj_true_dist": 0.5987610816955566,
  "proj_steps": 1.0,
  "pred_recall": 0.6206938976377953,
  "pred_FPrate": 0.16539314764604388,
  "pred_precision": 0.19677734375,
  "eval_eps_used": 0.3160146474838257,
  "dist_space": "data_space",
  "bidirectional_chamfer": 0.2782250642776489,
  "gt_to_learned_mean": 0.13056115806102753,
  "learned_to_gt_mean": 0.1476639062166214,
  "gt_to_learned_p95": 0.405202180147171,
  "learned_to_gt_p95": 0.6039552688598633,
  "n_gt": 8128,
  "n_learned": 4096,
  "eps_stop": 0.3160146474838257,
  "train_seconds": 1.095323208021,
  "gen_manifold_dist": 0.1376345157623291,
  "gen_chamfer": 0.26818138360977173
}