{
  "pred_on_mean_v": 0.004019340965896845,
  "proj_manifold_dist": 0.0631549283862114,
  "proj_v_residual": 0.12316294759511948,
  "proj_true_dist": 0.33096837997436523,
  "proj_steps": 1.0,
  "pred_recall": 0.8678641732283464,
  "pred_FPrate": 0.005372405372405372,
  "pred_precision": 0.59423828125,
  "eval_eps_used": 0.13116468489170074,
  "dist_space": "workspace",
  "bidirectional_chamfer": 0.13546068966388702,
  "gt_to_learned_mean": 0.051522593945264816,
  "learned_to_gt_mean": 0.08393809199333191,
  "gt_to_learned_p95": 0.08772516995668411,
  "learned_to_gt_p95": 0.3330434560775757,
  "n_gt": 8128,
  "n_learned": 4096,
  "eps_stop": 0.13116468489170074,
  "train_seconds": 23.789890818996355,
  "gen_manifold_dist": 0.03985614702105522,
  "gen_chamfer": 0.0857299268245697
}