{
  "pred_on_mean_v": 0.13814139366149902,
  "proj_manifold_dist": 0.40455877780914307,
  "proj_v_residual": 0.018350932747125626,
  "proj_true_dist": 0.5937337875366211,
  "proj_steps": 4.37353515625,
  "pred_recall": 0.9324557086614174,
  "pred_FPrate": 0.37454100367197063,
  "pred_precision": 0.0,
  "eval_eps_used": 0.6439589858055115,
  "dist_space": "workspace",
  "bidirectional_chamfer": 0.6998038291931152,
  "gt_to_learned_mean": 0.29524505138397217,
  "learned_to_gt_mean": 0.40455877780914307,
  "gt_to_learned_p95": 0.3453110456466675,
  "learned_to_gt_p95": 0.7471146583557129,
  "n_gt": 8128,
  "n_learned": 4096,
  "eps_stop": 0.6439589858055115,
  "train_seconds": 19.57167449098779
}