{
  "pred_on_mean_v": 3.490930248517543e-05,
  "proj_manifold_dist": 0.01887630671262741,
  "proj_v_residual": 0.0023076473735272884,
  "proj_true_dist": 1.1167805194854736,
  "proj_steps": 19.000244140625,
  "pred_recall": 0.9076033464566929,
  "pred_FPrate": 0.0,
  "pred_precision": 0.96240234375,
  "eval_eps_used": 0.011701187118887901,
  "dist_space": "workspace",
  "bidirectional_chamfer": 0.14164836704730988,
  "gt_to_learned_mean": 0.08199000358581543,
  "learned_to_gt_mean": 0.059658363461494446,
  "gt_to_learned_p95": 0.18945343792438507,
  "learned_to_gt_p95": 0.11379394680261612,
  "n_gt": 8128,
  "n_learned": 4096,
  "eps_stop": 0.011701187118887901,
  "train_seconds": 78.51674859999912
}