{
  "method": "eikonal",
  "datasets": [
    "3d_planar_arm_line_n3_traj",
    "3d_spatial_arm_circle_n3",
    "3d_twosphere_traj",
    "3d_vz_2d_ellipse"
  ],
  "seed": 173,
  "avg_metrics": {
    "bidirectional_chamfer": 0.27421075105667114,
    "eps_stop": 0.012011430531856604,
    "eval_eps_used": 0.012011430531856604,
    "gt_to_learned_mean": 0.04596195090562105,
    "gt_to_learned_p95": 0.08888337668031454,
    "learned_to_gt_mean": 0.22824880480766296,
    "learned_to_gt_p95": 0.5323297306895256,
    "n_gt": 1024.0,
    "n_learned": 4096.0,
    "pred_FPrate": 0.010703757300579275,
    "pred_on_mean_v": 5.908791502662325e-05,
    "pred_precision": 0.27276611328125,
    "pred_recall": 0.7796630859375,
    "proj_manifold_dist": 0.19944722950458527,
    "proj_steps": 28.35406494140625,
    "proj_true_dist": 0.4759686328470707,
    "proj_v_residual": 0.009713932711747475,
    "train_seconds": 28.18296313373139
  },
  "std_metrics": {
    "bidirectional_chamfer": 0.11107258434742923,
    "eps_stop": 0.011981907750608149,
    "eval_eps_used": 0.011981907750608149,
    "gt_to_learned_mean": 0.028705323183096963,
    "gt_to_learned_p95": 0.054671356793447465,
    "learned_to_gt_mean": 0.11211761972923619,
    "learned_to_gt_p95": 0.31150096651859366,
    "n_gt": 0.0,
    "n_learned": 0.0,
    "pred_FPrate": 0.008527792009305134,
    "pred_on_mean_v": 8.770538891057115e-05,
    "pred_precision": 0.2199568410690795,
    "pred_recall": 0.10289310912867818,
    "proj_manifold_dist": 0.12967158237836082,
    "proj_steps": 14.59879696872565,
    "proj_true_dist": 0.43260304598057564,
    "proj_v_residual": 0.014250443925130293,
    "train_seconds": 22.932652130513503
  },
  "results": [
    {
      "method": "eikonal",
      "dataset": "3d_planar_arm_line_n3_traj",
      "metrics": {
        "pred_on_mean_v": 0.00021060692961327732,
        "proj_manifold_dist": 0.14003369212150574,
        "proj_v_residual": 0.034363217651844025,
        "proj_true_dist": 1.192582368850708,
        "proj_steps": 19.0,
        "pred_recall": 0.826171875,
        "pred_FPrate": 0.023707440100882726,
        "pred_precision": 0.42236328125,
        "eval_eps_used": 0.032142311334609985,
        "bidirectional_chamfer": 0.3124997019767761,
        "gt_to_learned_mean": 0.09431274235248566,
        "learned_to_gt_mean": 0.21818697452545166,
        "gt_to_learned_p95": 0.18077655136585236,
        "learned_to_gt_p95": 0.4763835668563843,
        "n_gt": 1024.0,
        "n_learned": 4096.0,
        "eps_stop": 0.032142311334609985,
        "train_seconds": 66.61279088701122
      },
      "eval_path": "/home/baiyu/PycharmProjects/equality_manofld/outputs_unified/sweeps/eikonal_all_3d/eikonal/3d_planar_arm_line_n3_traj_on_eikonal_eval.json",
      "ckpt_path": "/home/baiyu/PycharmProjects/equality_manofld/outputs_unified/sweeps/eikonal_all_3d/eikonal/3d_planar_arm_line_n3_traj_on_eikonal_model.pt",
      "config": {
        "seed": 173,
        "device": "cuda",
        "n_train": 2048,
        "n_grid": 4096,
        "hidden": 128,
        "depth": 3,
        "lr": 0.002,
        "lr_decay_step": 1000,
        "lr_decay_gamma": 0.5,
        "epochs": 2000,
        "batch_size": 128,
        "lam_eikonal": 0.2,
        "lam_eikonal_ortho": 0,
        "eikonal_near_ratio": 0.85,
        "eikonal_near_std_ratio": 0.05,
        "train_sample_pad_ratio": 0.6,
        "train_min_axis_span_ratio": 0.08,
        "metric_eval_every": 1,
        "projector": {
          "alpha": 0.3,
          "steps": 80,
          "min_steps": 20
        },
        "planner": {
          "enable": false,
          "pair_min_ratio": 0.15,
          "pair_max_ratio": 0.35,
          "pair_tries": 1200,
          "init_mode": "joint_spline",
          "joint_mid_noise": 0.0,
          "lam_manifold": 1.0,
          "lam_len_joint": 0.4,
          "opt_steps": 1240,
          "opt_lr": 0.01,
          "opt_lam_smooth": 0.2,
          "trust_scale": 0.8,
          "method": "traj_opt",
          "anim_fps": 6,
          "anim_stride": 1,
          "save_gif": false,
          "pybullet_render": false,
          "pybullet_real_time_dt": 0.06
        },
        "viz_proj_traj_count": 64,
        "constraint_dim": 1,
        "codim_auto_sample_ratio": 0.2,
        "codim_auto_k_neighbors": 5,
        "codim_auto_const_axis_std_ratio": 0.001,
        "codim_auto_strict_check": true,
        "codim_learn_enable": false,
        "codim_learn_m_max": 5,
        "codim_learn_stage1_ratio": 0.1,
        "codim_learn_sparsity_final": 0.0,
        "codim_learn_gate_lr": 0.01,
        "codim_learn_gate_threshold": 0.5,
        "codim_learn_min_active": 1,
        "codim_learn_min_active_weight": 1.0,
        "codim_learn_stage1_lam_eikonal": 0.01,
        "codim_learn_finetune_ratio": 0.1,
        "show_3d_plot": true,
        "surface_plot_n": 28,
        "surface_eval_chunk": 8192,
        "surface_max_points": 5000,
        "plot_train_max_points": 1200,
        "plot_traj_max_count": 24,
        "plot_traj_stride": 2,
        "surface_use_marching_cubes": true,
        "train_log_every": 50
      },
      "loaded_config_paths": [
        "/home/baiyu/PycharmProjects/equality_manofld/configs/base.json",
        "/home/baiyu/PycharmProjects/equality_manofld/configs/methods/eikonal.json",
        "/home/baiyu/PycharmProjects/equality_manofld/configs/datasets/3d_planar_arm_line_n3_traj.json"
      ],
      "seed": 173
    },
    {
      "method": "eikonal",
      "dataset": "3d_spatial_arm_circle_n3",
      "metrics": {
        "pred_on_mean_v": 1.6293918747578573e-07,
        "proj_manifold_dist": 0.2296898365020752,
        "proj_v_residual": 0.0015280288644134998,
        "proj_true_dist": 0.2786009907722473,
        "proj_steps": 53.55908203125,
        "pred_recall": 0.880615234375,
        "pred_FPrate": 0.0,
        "pred_precision": 0.060546875,
        "eval_eps_used": 0.0008285230142064393,
        "bidirectional_chamfer": 0.25025734305381775,
        "gt_to_learned_mean": 0.020371247082948685,
        "learned_to_gt_mean": 0.22988609969615936,
        "gt_to_learned_p95": 0.038502249866724014,
        "learned_to_gt_p95": 0.4995806813240051,
        "n_gt": 1024.0,
        "n_learned": 4096.0,
        "eps_stop": 0.0008285230142064393,
        "train_seconds": 22.535174913005903
      },
      "eval_path": "/home/baiyu/PycharmProjects/equality_manofld/outputs_unified/sweeps/eikonal_all_3d/eikonal/3d_spatial_arm_circle_n3_on_eikonal_eval.json",
      "ckpt_path": "/home/baiyu/PycharmProjects/equality_manofld/outputs_unified/sweeps/eikonal_all_3d/eikonal/3d_spatial_arm_circle_n3_on_eikonal_model.pt",
      "config": {
        "seed": 173,
        "device": "cuda",
        "n_train": 512,
        "n_grid": 4096,
        "hidden": 128,
        "depth": 3,
        "lr": 0.002,
        "lr_decay_step": 1000,
        "lr_decay_gamma": 0.5,
        "epochs": 2000,
        "batch_size": 128,
        "lam_eikonal": 0.2,
        "lam_eikonal_ortho": 0,
        "eikonal_near_ratio": 0.85,
        "eikonal_near_std_ratio": 0.05,
        "train_sample_pad_ratio": 0.6,
        "train_min_axis_span_ratio": 0.08,
        "metric_eval_every": 1,
        "projector": {
          "alpha": 0.3,
          "steps": 80,
          "min_steps": 20
        },
        "planner": {
          "enable": false,
          "pair_min_ratio": 0.15,
          "pair_max_ratio": 0.35,
          "pair_tries": 1200,
          "init_mode": "joint_spline",
          "joint_mid_noise": 0.0,
          "lam_manifold": 1.0,
          "lam_len_joint": 0.4,
          "opt_steps": 1240,
          "opt_lr": 0.01,
          "opt_lam_smooth": 0.2,
          "trust_scale": 0.8,
          "method": "traj_opt",
          "anim_fps": 6,
          "anim_stride": 1,
          "save_gif": false,
          "pybullet_render": false,
          "pybullet_real_time_dt": 0.06
        },
        "viz_proj_traj_count": 64,
        "constraint_dim": 2,