{
  "pred_on_mean_v": 0.0027417088858783245,
  "proj_manifold_dist": 0.24793633818626404,
  "proj_v_residual": 0.1944408416748047,
  "proj_true_dist": 0.5635523200035095,
  "proj_steps": 1.0,
  "pred_recall": 0.2294921875,
  "pred_FPrate": 0.03551354113438937,
  "pred_precision": 0.19091796875,
  "eval_eps_used": 0.1049637496471405,
  "dist_space": "data_space",
  "bidirectional_chamfer": 0.5117090940475464,
  "gt_to_learned_mean": 0.23433643579483032,
  "learned_to_gt_mean": 0.27737265825271606,
  "gt_to_learned_p95": 0.6693527698516846,
  "learned_to_gt_p95": 0.9189294576644897,
  "n_gt": 1024,
  "n_learned": 4096,
  "eps_stop": 0.1049637496471405,
  "train_seconds": 4.025304619994131,
  "gen_manifold_dist": 0.1543433964252472,
  "gen_chamfer": 0.40960022807121277
}