{
  "pred_on_mean_v": 0.0001780873426469043,
  "proj_manifold_dist": 0.18876390159130096,
  "proj_v_residual": 0.022508691996335983,
  "proj_true_dist": 0.19182151556015015,
  "proj_steps": 61.056396484375,
  "pred_recall": 0.7333333333333333,
  "pred_FPrate": 0.16848364717542122,
  "pred_manifold_dist": 0.1936275064945221,
  "pred_precision": 0.06077348066298342,
  "eval_eps_used": 0.0221482515335083,
  "dist_space": "data_space",
  "bidirectional_chamfer": 0.20799237489700317,
  "gt_to_learned_mean": 0.01880820468068123,
  "learned_to_gt_mean": 0.18918417394161224,
  "gt_to_learned_p95": 0.037442903965711594,
  "learned_to_gt_p95": 0.5811319351196289,
  "n_gt": 1024,
  "n_learned": 4096,
  "eps_stop": 0.0221482515335083
}