{
  "pred_on_mean_v": 0.0003546735970303416,
  "proj_manifold_dist": 0.23812994360923767,
  "proj_v_residual": 0.02756637893617153,
  "proj_true_dist": 0.2381393313407898,
  "proj_steps": 46.362548828125,
  "pred_recall": 0.8641975308641975,
  "pred_FPrate": 0.4266500622665006,
  "pred_manifold_dist": 0.18579323589801788,
  "pred_precision": 0.03925967470555244,
  "eval_eps_used": 0.02930528298020363,
  "dist_space": "data_space",
  "bidirectional_chamfer": 0.2600337564945221,
  "gt_to_learned_mean": 0.02169666811823845,
  "learned_to_gt_mean": 0.23833709955215454,
  "gt_to_learned_p95": 0.04080257937312126,
  "learned_to_gt_p95": 0.6100192070007324,
  "n_gt": 1024,
  "n_learned": 4096,
  "eps_stop": 0.02930528298020363
}