{
  "pred_on_mean_v": 0.001733263023197651,
  "proj_manifold_dist": 0.11545031517744064,
  "proj_v_residual": 0.0058091068640351295,
  "proj_true_dist": 0.1370173990726471,
  "proj_steps": 29.2685546875,
  "pred_recall": 0.927536231884058,
  "pred_FPrate": 0.23640427116960516,
  "pred_manifold_dist": 0.08651162683963776,
  "pred_precision": 0.06299212598425197,
  "eval_eps_used": 0.10797884315252304,
  "dist_space": "data_space",
  "bidirectional_chamfer": 0.15587618947029114,
  "gt_to_learned_mean": 0.04010513424873352,
  "learned_to_gt_mean": 0.11577105522155762,
  "gt_to_learned_p95": 0.10006264597177505,
  "learned_to_gt_p95": 0.533905029296875,
  "n_gt": 1024,
  "n_learned": 4096,
  "eps_stop": 0.10797884315252304
}