{
  "pred_on_mean_v": 0.0004761268210131675,
  "proj_manifold_dist": 0.5296457409858704,
  "proj_v_residual": 0.042235516011714935,
  "proj_true_dist": 0.5303058624267578,
  "proj_steps": 67.5595703125,
  "pred_recall": 0.7415730337078652,
  "pred_FPrate": 0.1287746443723484,
  "pred_manifold_dist": 0.3275049030780792,
  "pred_precision": 0.1134020618556701,
  "eval_eps_used": 0.03429827839136124,
  "dist_space": "data_space",
  "bidirectional_chamfer": 0.5714126825332642,
  "gt_to_learned_mean": 0.04160953313112259,
  "learned_to_gt_mean": 0.5298031568527222,
  "gt_to_learned_p95": 0.10206668078899384,
  "learned_to_gt_p95": 1.3758878707885742,
  "n_gt": 1024,
  "n_learned": 4096,
  "eps_stop": 0.03429827839136124
}