{
  "pred_on_mean_v": 0.0003253825707361102,
  "proj_manifold_dist": 0.4747939705848694,
  "proj_v_residual": 0.03726421296596527,
  "proj_true_dist": 0.4771251678466797,
  "proj_steps": 65.7822265625,
  "pred_recall": 0.6666666666666666,
  "pred_FPrate": 0.1485543369890329,
  "pred_manifold_dist": 0.31641626358032227,
  "pred_precision": 0.08588957055214724,
  "eval_eps_used": 0.030414562672376633,
  "dist_space": "data_space",
  "bidirectional_chamfer": 0.5104376673698425,
  "gt_to_learned_mean": 0.03550976142287254,
  "learned_to_gt_mean": 0.4749279022216797,
  "gt_to_learned_p95": 0.08698020875453949,
  "learned_to_gt_p95": 1.3052513599395752,
  "n_gt": 1024,
  "n_learned": 4096,
  "eps_stop": 0.030414562672376633
}