{
  "pred_on_mean_v": 6.727781874360517e-05,
  "proj_manifold_dist": 0.24013033509254456,
  "proj_v_residual": 0.0007970354054123163,
  "proj_true_dist": 0.2800007462501526,
  "proj_steps": 29.0751953125,
  "pred_recall": 0.18181818181818182,
  "pred_FPrate": 0.024724602203182375,
  "pred_manifold_dist": 0.23394541442394257,
  "pred_precision": 0.019417475728155338,
  "eval_eps_used": 0.019039664417505264,
  "dist_space": "workspace",
  "bidirectional_chamfer": 0.2640092670917511,
  "gt_to_learned_mean": 0.023744719102978706,
  "learned_to_gt_mean": 0.24026453495025635,
  "gt_to_learned_p95": 0.04245004802942276,
  "learned_to_gt_p95": 0.5952713489532471,
  "n_gt": 1024,
  "n_learned": 4096,
  "eps_stop": 0.019039664417505264
}