{
  "pred_on_mean_v": 0.0006382408319041133,
  "proj_manifold_dist": 0.1996058076620102,
  "proj_v_residual": 0.03109995648264885,
  "proj_true_dist": 0.44218382239341736,
  "proj_steps": 33.377685546875,
  "pred_recall": 0.7982456140350878,
  "pred_FPrate": 0.0389251632345555,
  "pred_manifold_dist": 0.1348128467798233,
  "pred_precision": 0.3699186991869919,
  "eval_eps_used": 0.05249059945344925,
  "dist_space": "workspace",
  "bidirectional_chamfer": 0.24950529634952545,
  "gt_to_learned_mean": 0.030256615951657295,
  "learned_to_gt_mean": 0.2192486822605133,
  "gt_to_learned_p95": 0.06966559588909149,
  "learned_to_gt_p95": 1.3640117645263672,
  "n_gt": 1024,
  "n_learned": 4096,
  "eps_stop": 0.05249059945344925
}