{
  "pred_on_mean_v": 0.0003686546115204692,
  "proj_manifold_dist": 0.31296658515930176,
  "proj_v_residual": 0.00041927851270884275,
  "proj_true_dist": 0.32676786184310913,
  "proj_steps": 29.01611328125,
  "pred_recall": 0.7777777777777778,
  "pred_FPrate": 0.05640019617459539,
  "pred_manifold_dist": 0.3331589102745056,
  "pred_precision": 0.05737704918032787,
  "eval_eps_used": 0.04791649058461189,
  "dist_space": "data_space",
  "bidirectional_chamfer": 0.3462485671043396,
  "gt_to_learned_mean": 0.032632697373628616,
  "learned_to_gt_mean": 0.3136158585548401,
  "gt_to_learned_p95": 0.06364993005990982,
  "learned_to_gt_p95": 0.7384949922561646,
  "n_gt": 1024,
  "n_learned": 4096,
  "eps_stop": 0.04791649058461189
}