{
  "pred_on_mean_v": 0.0007448132382705808,
  "proj_manifold_dist": 0.22557446360588074,
  "proj_v_residual": 0.023895150050520897,
  "proj_true_dist": 0.23160576820373535,
  "proj_steps": 29.8359375,
  "pred_recall": 0.9090909090909091,
  "pred_FPrate": 0.31050564555719196,
  "pred_manifold_dist": 0.24198055267333984,
  "pred_precision": 0.01556420233463035,
  "eval_eps_used": 0.05948606878519058,
  "dist_space": "data_space",
  "bidirectional_chamfer": 0.26468127965927124,
  "gt_to_learned_mean": 0.038912151008844376,
  "learned_to_gt_mean": 0.22576913237571716,
  "gt_to_learned_p95": 0.10776623338460922,
  "learned_to_gt_p95": 0.600385844707489,
  "n_gt": 1024,
  "n_learned": 4096,
  "eps_stop": 0.05948606878519058
}