{
  "pred_on_mean_v": 0.0023030946031212807,
  "proj_manifold_dist": 0.307759165763855,
  "proj_v_residual": 0.020363476127386093,
  "proj_true_dist": 0.4106002151966095,
  "proj_steps": 30.648681640625,
  "pred_recall": 0.6944444444444444,
  "pred_FPrate": 0.13694581280788176,
  "pred_manifold_dist": 0.30563515424728394,
  "pred_precision": 0.043029259896729774,
  "eval_eps_used": 0.0943245142698288,
  "dist_space": "data_space",
  "bidirectional_chamfer": 0.5528154373168945,
  "gt_to_learned_mean": 0.24490128457546234,
  "learned_to_gt_mean": 0.3079141676425934,
  "gt_to_learned_p95": 0.9957647919654846,
  "learned_to_gt_p95": 0.850594162940979,
  "n_gt": 1024,
  "n_learned": 4096,
  "eps_stop": 0.0943245142698288
}