{
  "pred_on_mean_v": 0.003223172854632139,
  "proj_manifold_dist": 0.20000998675823212,
  "proj_v_residual": 0.002564075868576765,
  "proj_true_dist": 0.2228182554244995,
  "proj_steps": 29.121826171875,
  "pred_recall": 0.96,
  "pred_FPrate": 0.29918938835666914,
  "pred_manifold_dist": 0.20131166279315948,
  "pred_precision": 0.01932367149758454,
  "eval_eps_used": 0.1478307992219925,
  "dist_space": "data_space",
  "bidirectional_chamfer": 0.267258882522583,
  "gt_to_learned_mean": 0.06708918511867523,
  "learned_to_gt_mean": 0.20016971230506897,
  "gt_to_learned_p95": 0.1734100729227066,
  "learned_to_gt_p95": 0.6053927540779114,
  "n_gt": 1024,
  "n_learned": 4096,
  "eps_stop": 0.1478307992219925
}