{
  "pred_on_mean_v": 0.004221166484057903,
  "proj_manifold_dist": 0.5399578213691711,
  "proj_v_residual": 0.03400479257106781,
  "proj_true_dist": 0.8169417381286621,
  "proj_steps": 32.007080078125,
  "pred_recall": 0.8333333333333334,
  "pred_FPrate": 0.2434632461766157,
  "pred_manifold_dist": 0.45752617716789246,
  "pred_precision": 0.03424657534246575,
  "eval_eps_used": 0.17152325809001923,
  "dist_space": "workspace",
  "bidirectional_chamfer": 0.6367501616477966,
  "gt_to_learned_mean": 0.0951664000749588,
  "learned_to_gt_mean": 0.541583776473999,
  "gt_to_learned_p95": 0.19068945944309235,
  "learned_to_gt_p95": 1.3405613899230957,
  "n_gt": 1024,
  "n_learned": 4096,
  "eps_stop": 0.17152325809001923
}