{
  "pred_on_mean_v": 0.0053505972027778625,
  "proj_manifold_dist": 0.20142793655395508,
  "proj_v_residual": 0.06585492193698883,
  "proj_true_dist": 0.2749291956424713,
  "proj_steps": 29.390869140625,
  "pred_recall": 0.9375,
  "pred_FPrate": 0.24360236220472442,
  "pred_manifold_dist": 0.2150351107120514,
  "pred_precision": 0.029411764705882353,
  "eval_eps_used": 0.13252505660057068,
  "dist_space": "data_space",
  "bidirectional_chamfer": 0.27884766459465027,
  "gt_to_learned_mean": 0.07721612602472305,
  "learned_to_gt_mean": 0.20163153111934662,
  "gt_to_learned_p95": 0.16926799714565277,
  "learned_to_gt_p95": 0.44212716817855835,
  "n_gt": 1024,
  "n_learned": 4096,
  "eps_stop": 0.13252505660057068
}