{
  "pred_on_mean_v": 0.0027860584668815136,
  "proj_manifold_dist": 0.43792086839675903,
  "proj_v_residual": 0.0397152453660965,
  "proj_true_dist": 0.480957567691803,
  "proj_steps": 32.930908203125,
  "pred_recall": 0.9696969696969697,
  "pred_FPrate": 0.22397243416194929,
  "pred_manifold_dist": 0.4442814886569977,
  "pred_precision": 0.03397027600849257,
  "eval_eps_used": 0.10106401145458221,
  "dist_space": "data_space",
  "bidirectional_chamfer": 0.558366060256958,
  "gt_to_learned_mean": 0.12027575075626373,
  "learned_to_gt_mean": 0.4380902945995331,
  "gt_to_learned_p95": 0.5345937609672546,
  "learned_to_gt_p95": 1.6484464406967163,
  "n_gt": 1024,
  "n_learned": 4096,
  "eps_stop": 0.10106401145458221
}