{
  "pred_on_mean_v": 0.00030724055250175297,
  "proj_manifold_dist": 0.2766880989074707,
  "proj_v_residual": 4.513933163252659e-05,
  "proj_true_dist": 0.2800244987010956,
  "proj_steps": 29.0,
  "pred_recall": 0.8,
  "pred_FPrate": 0.07476635514018691,
  "pred_manifold_dist": 0.2614229619503021,
  "pred_precision": 0.07317073170731707,
  "eval_eps_used": 0.03935283049941063,
  "dist_space": "data_space",
  "bidirectional_chamfer": 0.3097185492515564,
  "gt_to_learned_mean": 0.032828912138938904,
  "learned_to_gt_mean": 0.2768896222114563,
  "gt_to_learned_p95": 0.06669636815786362,
  "learned_to_gt_p95": 0.8346395492553711,
  "n_gt": 1024,
  "n_learned": 4096,
  "eps_stop": 0.03935283049941063
}