{
  "pred_on_mean_v": 0.0021488459315150976,
  "proj_manifold_dist": 0.3131299912929535,
  "proj_v_residual": 0.03072277083992958,
  "proj_true_dist": 0.3614985942840576,
  "proj_steps": 32.242431640625,
  "pred_recall": 0.8723404255319149,
  "pred_FPrate": 0.14818473697209186,
  "pred_manifold_dist": 0.29500019550323486,
  "pred_precision": 0.06396255850234009,
  "eval_eps_used": 0.09378484636545181,
  "dist_space": "data_space",
  "bidirectional_chamfer": 0.45415136218070984,
  "gt_to_learned_mean": 0.14075884222984314,
  "learned_to_gt_mean": 0.3133925199508667,
  "gt_to_learned_p95": 0.491202712059021,
  "learned_to_gt_p95": 0.821670651435852,
  "n_gt": 1024,
  "n_learned": 4096,
  "eps_stop": 0.09378484636545181
}