{
  "pred_on_mean_v": 0.002559587825089693,
  "proj_manifold_dist": 0.48189377784729004,
  "proj_v_residual": 0.0029638875275850296,
  "proj_true_dist": 0.5027936100959778,
  "proj_steps": 29.059326171875,
  "pred_recall": 0.9333333333333333,
  "pred_FPrate": 0.2710441866205875,
  "pred_manifold_dist": 0.38812243938446045,
  "pred_precision": 0.03684210526315789,
  "eval_eps_used": 0.13599804043769836,
  "dist_space": "data_space",
  "bidirectional_chamfer": 0.6225954294204712,
  "gt_to_learned_mean": 0.1405806988477707,
  "learned_to_gt_mean": 0.4820147156715393,
  "gt_to_learned_p95": 0.7282921075820923,
  "learned_to_gt_p95": 1.2673494815826416,
  "n_gt": 1024,
  "n_learned": 4096,
  "eps_stop": 0.13599804043769836
}