{
  "pred_on_mean_v": 0.0018766121938824654,
  "proj_manifold_dist": 0.6129165887832642,
  "proj_v_residual": 0.059737466275691986,
  "proj_true_dist": 0.6327109336853027,
  "proj_steps": 48.21484375,
  "pred_recall": 0.8666666666666667,
  "pred_FPrate": 0.21249385145105756,
  "pred_manifold_dist": 0.4666200876235962,
  "pred_precision": 0.029213483146067417,
  "eval_eps_used": 0.08102016896009445,
  "dist_space": "data_space",
  "bidirectional_chamfer": 0.6817861795425415,
  "gt_to_learned_mean": 0.06820991635322571,
  "learned_to_gt_mean": 0.6135762929916382,
  "gt_to_learned_p95": 0.1318391114473343,
  "learned_to_gt_p95": 1.9155323505401611,
  "n_gt": 1024,
  "n_learned": 4096,
  "eps_stop": 0.08102016896009445
}