{
  "pred_on_mean_v": 0.005676701199263334,
  "proj_manifold_dist": 0.0841398686170578,
  "proj_v_residual": 0.006503707263618708,
  "proj_true_dist": 0.1769002079963684,
  "proj_steps": 3.374755859375,
  "pred_recall": 0.8501476377952756,
  "pred_FPrate": 0.08168785501758183,
  "pred_precision": 0.515380859375,
  "eval_eps_used": 0.15616564452648163,
  "dist_space": "data_space",
  "bidirectional_chamfer": 0.15585166215896606,
  "gt_to_learned_mean": 0.07171180099248886,
  "learned_to_gt_mean": 0.0841398686170578,
  "gt_to_learned_p95": 0.24146801233291626,
  "learned_to_gt_p95": 0.31466326117515564,
  "n_gt": 8128,
  "n_learned": 4096,
  "eps_stop": 0.15616564452648163,
  "train_seconds": 15.015492837992497
}