{
  "pred_on_mean_v": 0.007858317345380783,
  "proj_manifold_dist": 0.19285373389720917,
  "proj_v_residual": 0.038812048733234406,
  "proj_true_dist": 0.6047701835632324,
  "proj_steps": 16.493408203125,
  "pred_recall": 0.8886564960629921,
  "pred_FPrate": 0.048260656540911315,
  "pred_precision": 0.01171875,
  "eval_eps_used": 0.18144050240516663,
  "dist_space": "workspace",
  "bidirectional_chamfer": 0.2618253231048584,
  "gt_to_learned_mean": 0.06897159665822983,
  "learned_to_gt_mean": 0.19285373389720917,
  "gt_to_learned_p95": 0.12482932955026627,
  "learned_to_gt_p95": 0.9509949088096619,
  "n_gt": 8128,
  "n_learned": 4096,
  "eps_stop": 0.18144050240516663,
  "train_seconds": 47.7921238669951
}