{
  "pred_on_mean_v": 0.15380802750587463,
  "proj_manifold_dist": 0.2573513686656952,
  "proj_v_residual": 0.00011014046322088689,
  "proj_true_dist": 0.28253766894340515,
  "proj_steps": 2.973388671875,
  "pred_recall": 0.906619094488189,
  "pred_FPrate": 0.5489159175039662,
  "pred_precision": 0.0,
  "eval_eps_used": 0.71368408203125,
  "dist_space": "data_space",
  "bidirectional_chamfer": 0.5158132314682007,
  "gt_to_learned_mean": 0.2584618926048279,
  "learned_to_gt_mean": 0.2573513686656952,
  "gt_to_learned_p95": 0.40886780619621277,
  "learned_to_gt_p95": 0.3735150694847107,
  "n_gt": 8128,
  "n_learned": 4096,
  "eps_stop": 0.71368408203125,
  "train_seconds": 13.33919577600318
}