{
  "pred_on_mean_v": 0.03424927592277527,
  "proj_manifold_dist": 0.3350598216056824,
  "proj_v_residual": 0.002013683784753084,
  "proj_true_dist": 0.3669697046279907,
  "proj_steps": 3.095947265625,
  "pred_recall": 0.8772839506172839,
  "pred_FPrate": 0.5161202926036305,
  "pred_precision": 0.013671875,
  "eval_eps_used": 0.344536155462265,
  "dist_space": "data_space",
  "bidirectional_chamfer": 0.6497277021408081,
  "gt_to_learned_mean": 0.31466785073280334,
  "learned_to_gt_mean": 0.3350598216056824,
  "gt_to_learned_p95": 0.5270076394081116,
  "learned_to_gt_p95": 0.5757606029510498,
  "n_gt": 8100,
  "n_learned": 4096,
  "eps_stop": 0.344536155462265,
  "train_seconds": 9.496522134984843
}