{
  "pred_on_mean_v": 0.013473542407155037,
  "proj_manifold_dist": 0.5743857622146606,
  "proj_v_residual": 0.4457892179489136,
  "proj_true_dist": 0.6180350184440613,
  "proj_steps": 14.741455078125,
  "pred_recall": 0.9002,
  "pred_FPrate": 0.049791513367672305,
  "pred_precision": 0.040771484375,
  "eval_eps_used": 0.18319253623485565,
  "dist_space": "workspace",
  "bidirectional_chamfer": 0.6802504658699036,
  "gt_to_learned_mean": 0.0015656107570976019,
  "learned_to_gt_mean": 0.6786848306655884,
  "gt_to_learned_p95": 0.0034352389629930258,
  "learned_to_gt_p95": 1.9611873626708984,
  "n_gt": 15000,
  "n_learned": 4096,
  "eps_stop": 0.18319253623485565,
  "train_seconds": 2799.996895828983
}