{
  "pred_on_mean_v": 0.005706294905394316,
  "proj_manifold_dist": 0.28107786178588867,
  "proj_v_residual": 0.20986983180046082,
  "proj_true_dist": 0.3387024402618408,
  "proj_steps": 10.793701171875,
  "pred_recall": 0.8801333333333333,
  "pred_FPrate": 0.012539955741332678,
  "pred_precision": 0.26708984375,
  "eval_eps_used": 0.1549142450094223,
  "dist_space": "workspace",
  "bidirectional_chamfer": 0.38955965638160706,
  "gt_to_learned_mean": 0.001411398290656507,
  "learned_to_gt_mean": 0.3881482481956482,
  "gt_to_learned_p95": 0.002732635708525777,
  "learned_to_gt_p95": 1.9584976434707642,
  "n_gt": 15000,
  "n_learned": 4096,
  "eps_stop": 0.1549142450094223,
  "train_seconds": 2192.538453339017
}