{
  "pred_on_mean_v": 0.005708684213459492,
  "proj_manifold_dist": 0.25417324900627136,
  "proj_v_residual": 0.08588305860757828,
  "proj_true_dist": 0.5200634002685547,
  "proj_steps": 8.707275390625,
  "pred_recall": 0.7771899606299213,
  "pred_FPrate": 0.009770395701025891,
  "pred_precision": 0.053466796875,
  "eval_eps_used": 0.15815232694149017,
  "dist_space": "workspace",
  "bidirectional_chamfer": 0.46391603350639343,
  "gt_to_learned_mean": 0.09314480423927307,
  "learned_to_gt_mean": 0.37077122926712036,
  "gt_to_learned_p95": 0.14922544360160828,
  "learned_to_gt_p95": 1.8291878700256348,
  "n_gt": 8128,
  "n_learned": 4096,
  "eps_stop": 0.15815232694149017,
  "train_seconds": 901.9084881180024
}