{"3d_planar_arm_line_n3/delta/proj_v_residual":0.01732785440981388,"sweep/avg/eval_eps_used":0.017355217365548015,"3d_planar_arm_line_n3/delta/pred_on_mean_v":0.00034113728906959295,"3d_saddle_surface/delta/proj_manifold_dist":0.11024484038352966,"3d_spiral/delta/proj_true_dist":0.4241832494735718,"3d_vz_2d_ellipse/delta/plot/3d_vz_2d_ellipse_delta_zero_surfaces_3d":{"format":"png","width":1260,"height":1080,"_type":"image-file","sha256":"dcf9f54017c59c762bf7bfc8185e3252fc4a042871decabc0f057e6e2ce7478d","size":467352,"path":"media/images/3d_vz_2d_ellipse/delta/plot/3d_vz_2d_ellipse_delta_zero_surfaces_3d_29_dcf9f54017c59c762bf7.png"},"sweep/std/gt_to_learned_mean":0.01666627901380942,"3d_spiral/delta/proj_manifold_dist":0.4177287220954895,"3d_saddle_surface/loaded_layers_count":4,"3d_planar_arm_line_n3/delta/gt_to_learned_mean":0.004170957952737808,"3d_spatial_arm_circle_n3/delta/bidirectional_chamfer":0.3419099748134613,"3d_torus_surface/delta/n_learned":4096,"3d_saddle_surface/delta/n_learned":4096,"3d_planar_arm_line_n3/delta/learned_to_gt_mean":0.03288916498422623,"3d_torus_surface/delta/pred_FPrate":0.003548795944233207,"3d_spatial_arm_circle_n3/delta/proj_manifold_dist":0.3247445821762085,"3d_torus_surface/delta/proj_v_residual":3.975538129452616e-05,"3d_spatial_arm_circle_n3/delta/proj_true_dist":0.34737369418144226,"3d_saddle_surface/delta/plot/3d_saddle_surface_delta_zero_surfaces_3d":{"height":1080,"_type":"image-file","sha256":"3a0a931421458f0047e20f598f34657a350a85f8b5a2812c852cd3e0adec0499","size":582558,"path":"media/images/3d_saddle_surface/delta/plot/3d_saddle_surface_delta_zero_surfaces_3d_9_3a0a931421458f0047e2.png","format":"png","width":1260},"3d_spatial_arm_circle_n3/delta/proj_steps":33.013671875,"3d_planar_arm_line_n3/delta/eval_eps_used":0.04213900491595268,"3d_spatial_arm_circle_n3/delta/pred_precision":0.01818181818181818,"3d_planar_arm_line_n3/delta/pred_recall":0.6938775510204082,"3d_torus_surface/delta/gt_to_learned_mean":0.058630868792533875,"sweep/n_cases":6,"3d_spiral/delta/n_learned":4096,"3d_spiral/delta/learned_to_gt_p95":0.9614046216011047,"3d_saddle_surface/delta/eps_stop":0.002006120979785919,"3d_spatial_arm_circle_n3/delta/pred_FPrate":0.013219094247246021,"3d_vz_2d_ellipse/delta/gt_to_learned_mean":0.027862057089805603,"3d_saddle_surface/delta/proj_steps":29,"sweep/std/pred_FPrate":0.010704065274914418,"3d_spatial_arm_circle_n3/delta/proj_v_residual":0.04714921861886978,"sweep/avg/proj_manifold_dist":0.19003467199703059,"3d_saddle_surface/delta/pred_recall":0.08247422680412371,"sweep/std/learned_to_gt_mean":0.13177421090379707,"3d_spatial_arm_circle_n3/delta/eps_stop":0.009130415506660938,"3d_spiral/delta/eval_eps_used":0.01788359321653843,"sweep/std/gt_to_learned_p95":0.03374828159590168,"3d_spiral/delta/proj_v_residual":0.00019924086518585682,"3d_planar_arm_line_n3/loaded_layers_count":4,"sweep/std/n_learned":0,"_step":32,"3d_saddle_surface/delta/learned_to_gt_p95":0.6389226913452148,"3d_torus_surface/delta/bidirectional_chamfer":0.1625252366065979,"3d_spiral/delta/plot/3d_spiral_delta_loss_curves":{"format":"png","width":1800,"height":600,"_type":"image-file","sha256":"e9496be71fe11343bee364c904874e01f15d040ad3fb524369aa120fd141901f","size":173960,"path":"media/images/3d_spiral/delta/plot/3d_spiral_delta_loss_curves_18_e9496be71fe11343bee3.png"},"3d_planar_arm_line_n3/delta/learned_to_gt_p95":0.10848620533943176,"3d_vz_2d_ellipse/delta/pred_manifold_dist":0.16346895694732666,"3d_vz_2d_ellipse/delta/proj_true_dist":0.2112760841846466,"3d_spatial_arm_circle_n3/delta/eval_eps_used":0.009130415506660938,"sweep/avg/proj_true_dist":0.25174330609540146,"3d_planar_arm_line_n3/delta/proj_true_dist":0.35568371415138245,"sweep/std/pred_recall":0.23344536484790937,"3d_saddle_surface/delta/pred_FPrate":0.0015376729882111738,"3d_planar_arm_line_n3/delta/plot/3d_planar_arm_line_n3_delta_knn_normal":{"width":900,"height":750,"_type":"image-file","sha256":"1b405d6f78c2f8b17cbb64c4e7f8712c67f7961c0b0ddd5cdb1dc1caf31c6a3d","size":202831,"path":"media/images/3d_planar_arm_line_n3/delta/plot/3d_planar_arm_line_n3_delta_knn_normal_2_1b405d6f78c2f8b17cbb.png","format":"png"},"sweep/avg/eps_stop":0.017355217365548015,"sweep/std/proj_v_residual":0.01717785429637233,"_wandb":{"runtime":65},"sweep/std/bidirectional_chamfer":0.1338529989336719,"3d_planar_arm_line_n3/delta/pred_precision":0.6623376623376623,"sweep/std/eval_eps_used":0.01355011054008895,"3d_planar_arm_line_n3/delta/plot/3d_planar_arm_line_n3_delta_loss_curves":{"_type":"image-file","sha256":"721926cafce2b410807bb81472438038d6a0dd7c21119bd420b1c755c9d1fe70","size":176409,"path":"media/images/3d_planar_arm_line_n3/delta/plot/3d_planar_arm_line_n3_delta_loss_curves_3_721926cafce2b410807b.png","format":"png","width":1800,"height":600},"3d_vz_2d_ellipse/delta/pred_precision":0.1095890410958904,"3d_torus_surface/delta/pred_recall":0.152317880794702,"3d_spiral/delta/pred_manifold_dist":0.3788188695907593,"3d_vz_2d_ellipse/delta/proj_steps":29.369384765625,"3d_planar_arm_line_n3/delta/proj_steps":29.07666015625,"3d_spiral/delta/gt_to_learned_p95":0.06624025106430054,"sweep/avg/bidirectional_chamfer":0.23141622729599476,"sweep/std/proj_steps":1.4615490002512,"3d_spatial_arm_circle_n3/loaded_layers_count":4,"3d_planar_arm_line_n3/delta/n_gt":1024,"3d_torus_surface/delta/learned_to_gt_mean":0.10389436781406403,"3d_torus_surface/delta/pred_on_mean_v":8.182376404874958e-06,"3d_planar_arm_line_n3/delta/pred_manifold_dist":0.03263713791966438,"sweep/std/pred_on_mean_v":0.00012141429961123796,"3d_spatial_arm_circle_n3/delta/gt_to_learned_mean":0.016979821026325226,"3d_vz_2d_ellipse/delta/learned_to_gt_p95":0.6131914854049683,"sweep/avg/learned_to_gt_p95":0.5405753975113233,"3d_spatial_arm_circle_n3/delta/pred_recall":0.09090909090909091,"3d_saddle_surface/delta/proj_true_dist":0.11212138086557388,"sweep/avg/pred_FPrate":0.014579549370151185,"3d_saddle_surface/delta/learned_to_gt_mean":0.1385526806116104,"3d_torus_surface/delta/pred_manifold_dist":0.04882870987057686,"3d_spiral/delta/plot/3d_spiral_delta_knn_normal":{"path":"media/images/3d_spiral/delta/plot/3d_spiral_delta_knn_normal_17_2bb1e71d07573c71c094.png","format":"png","width":900,"height":750,"_type":"image-file","sha256":"2bb1e71d07573c71c094503f21538ebb58c53d9b9fa0ffe911d54ecf8e8a8b8e","size":175138},"3d_saddle_surface/delta/gt_to_learned_mean":0.030328452587127686,"3d_planar_arm_line_n3/delta/eps_stop":0.04213900491595268,"sweep/std/proj_true_dist":0.133946562292692,"3d_saddle_surface/delta/plot/3d_saddle_surface_delta_loss_curves":{"width":1800,"height":600,"_type":"image-file","sha256":"5a732747dca34e0f508196fc3397d4e7ab619dd66eb8bf16a3ba0db0bc92fe1e","size":87989,"path":"media/images/3d_saddle_surface/delta/plot/3d_saddle_surface_delta_loss_curves_8_5a732747dca34e0f5081.png","format":"png"},"3d_saddle_surface/delta/eval_eps_used":0.002006120979785919,"3d_planar_arm_line_n3/delta/gt_to_learned_p95":0.009026759304106236,"3d_torus_surface/loaded_layers_count":4,"3d_spiral/delta/pred_on_mean_v":5.617392162093893e-05,"3d_planar_arm_line_n3/delta/bidirectional_chamfer":0.037060122936964035,"3d_vz_2d_ellipse/delta/eval_eps_used":0.02603503130376339,"3d_planar_arm_line_n3/delta/pred_FPrate":0.01316789060521651,"3d_vz_2d_ellipse/delta/plot/3d_vz_2d_ellipse_delta_knn_normal":{"sha256":"e86e9579a8cb8d76e4e876067d1b81efd68f3c775278f118520b6fe8afaa4715","size":170530,"path":"media/images/3d_vz_2d_ellipse/delta/plot/3d_vz_2d_ellipse_delta_knn_normal_27_e86e9579a8cb8d76e4e8.png","format":"png","width":900,"height":750,"_type":"image-file"},"3d_torus_surface/delta/plot/3d_torus_surface_delta_knn_normal":{"height":750,"_type":"image-file","sha256":"427504e4880dba061fa62aaac3d6fd23d10024caa40791af27e7ddff58ac6bf4","size":196214,"path":"media/images/3d_torus_surface/delta/plot/3d_torus_surface_delta_knn_normal_22_427504e4880dba061fa6.png","format":"png","width":900},"3d_saddle_surface/delta/n_gt":1024,