{
  "pred_on_mean_v": 6.066813875804655e-05,
  "proj_manifold_dist": 0.3124532401561737,
  "proj_v_residual": 0.006554815452545881,
  "proj_true_dist": 0.4552314281463623,
  "proj_steps": 19.0,
  "pred_recall": 0.023703703703703703,
  "pred_FPrate": 0.027079843662758236,
  "pred_precision": 0.224365234375,
  "eval_eps_used": 0.01774774119257927,
  "dist_space": "data_space",
  "bidirectional_chamfer": 1.188450574874878,
  "gt_to_learned_mean": 0.8759973049163818,
  "learned_to_gt_mean": 0.3124532401561737,
  "gt_to_learned_p95": 2.3199729919433594,
  "learned_to_gt_p95": 1.0406962633132935,
  "n_gt": 8100,
  "n_learned": 4096,
  "eps_stop": 0.01774774119257927,
  "train_seconds": 4.789131072990131
}