{
  "method": "delta",
  "datasets": [
    "6d_spatial_arm_up_n6",
    "6d_spatial_arm_up_n6_py",
    "6d_workspace_sine_surface_pose"
  ],
  "seed": 173,
  "avg_metrics": {
    "bidirectional_chamfer": 0.4828556180000305,
    "eps_stop": 0.05740447590748469,
    "eval_eps_used": 0.05740447590748469,
    "gt_to_learned_mean": 0.19001254439353943,
    "gt_to_learned_p95": 0.350293127199014,
    "learned_to_gt_mean": 0.2928430636723836,
    "learned_to_gt_p95": 0.936555008093516,
    "n_gt": 1024.0,
    "n_learned": 4096.0,
    "pred_FPrate": 0.006917317708333333,
    "pred_manifold_dist": 0.368293692668279,
    "pred_on_mean_v": 0.0007633186760358512,
    "pred_precision": 0.0,
    "proj_manifold_dist": 0.22779951989650726,
    "proj_steps": 37.150634765625,
    "proj_true_dist": 0.6961432496706644,
    "proj_v_residual": 0.16893372436364493
  },
  "std_metrics": {
    "bidirectional_chamfer": 0.17486002884660748,
    "eps_stop": 0.018638160818615697,
    "eval_eps_used": 0.018638160818615697,
    "gt_to_learned_mean": 0.16649644868093844,
    "gt_to_learned_p95": 0.31915419025940894,
    "learned_to_gt_mean": 0.07154096471316125,
    "learned_to_gt_p95": 0.4581273873057052,
    "n_gt": 0.0,
    "n_learned": 0.0,
    "pred_FPrate": 0.004590594002659653,
    "pred_manifold_dist": 0.1632971375751353,
    "pred_on_mean_v": 0.00036594655630906633,
    "pred_precision": 0.0,
    "proj_manifold_dist": 0.11273945250234314,
    "proj_steps": 1.3104664170970006,
    "proj_true_dist": 0.3745810155315165,
    "proj_v_residual": 0.10892409863193298
  },
  "results": [
    {
      "method": "delta",
      "dataset": "6d_spatial_arm_up_n6",
      "metrics": {
        "pred_on_mean_v": 0.0011444424744695425,
        "proj_manifold_dist": 0.20039033889770508,
        "proj_v_residual": 0.277131587266922,
        "proj_true_dist": 1.2169653177261353,
        "proj_steps": 36.62255859375,
        "pred_recall": NaN,
        "pred_FPrate": 0.0126953125,
        "pred_manifold_dist": 0.20087668299674988,
        "pred_precision": 0.0,
        "eval_eps_used": 0.08004254102706909,
        "bidirectional_chamfer": 0.7037659883499146,
        "gt_to_learned_mean": 0.4252181947231293,
        "learned_to_gt_mean": 0.2785477638244629,
        "gt_to_learned_p95": 0.8011324405670166,
        "learned_to_gt_p95": 0.43624770641326904,
        "n_gt": 1024.0,
        "n_learned": 4096.0,
        "eps_stop": 0.08004254102706909
      },
      "eval_path": "/home/baiyu/PycharmProjects/equality_manofld/outputs_unified/sweeps/delta_all_6d/delta/6d_spatial_arm_up_n6_delta_eval.json",
      "ckpt_path": "/home/baiyu/PycharmProjects/equality_manofld/outputs_unified/sweeps/delta_all_6d/delta/6d_spatial_arm_up_n6_delta_model.pt",
      "config": {
        "seed": 173,
        "device": "cuda",
        "n_train": 2048,
        "n_grid": 2048,
        "knn_norm_estimation_ratio": 0.08,
        "knn_norm_estimation_min_points": 4,
        "sigmas": [
          0.4
        ],
        "off_sigma_mode": "list",
        "off_bank_size": 32,
        "off_bank_oversample": 8,
        "off_bank_chunk": 64,
        "off_bank_max_rounds": 6,
        "off_curriculum_enable": false,
        "off_curriculum_start_ratio": 0.2,
        "off_curriculum_power": 1.0,
        "off_curriculum_epochs": 0,
        "use_knn_filter": true,
        "knn_off_data_filter_ratio": 0.03,
        "knn_off_data_filter_min_points": 1,
        "hidden": 128,
        "depth": 3,
        "lr": 0.0003,
        "lr_decay_step": 0,
        "lr_decay_gamma": 1.0,
        "epochs": 2000,
        "train_log_every": 50,
        "batch_size": 128,
        "baseline_margin_target": 1.0,
        "lam_on": 1.0,
        "lam_off": 1.0,
        "loss_ema_alpha": 0.85,
        "eps": 1e-08,
        "projector": {
          "alpha": 0.3,
          "steps": 100,
          "min_steps": 30
        },
        "planner": {
          "method": "trajectory_opt",
          "steps": 64,
          "opt_steps": 1240,
          "opt_lr": 0.01,
          "opt_lam_smooth": 0.2,
          "lam_manifold": 1.0,
          "lam_len_joint": 0.4,
          "trust_scale": 0.8,
          "off_dist": 0.6
        }
      },
      "loaded_config_paths": [
        "/home/baiyu/PycharmProjects/equality_manofld/configs/base.json",
        "/home/baiyu/PycharmProjects/equality_manofld/configs/methods/delta.json",
        "/home/baiyu/PycharmProjects/equality_manofld/configs/datasets/6d_spatial_arm_up_n6.json"
      ],
      "seed": 173
    },
    {
      "method": "delta",
      "dataset": "6d_spatial_arm_up_n6_py",
      "metrics": {
        "pred_on_mean_v": 0.0008759626653045416,
        "proj_manifold_dist": 0.37752553820610046,
        "proj_v_residual": 0.20979060232639313,
        "proj_true_dist": 0.5195456147193909,
        "proj_steps": 38.953125,
        "pred_recall": NaN,
        "pred_FPrate": 0.006591796875,
        "pred_manifold_dist": 0.5897613763809204,
        "pred_precision": 0.0,
        "eval_eps_used": 0.05777775123715401,
        "bidirectional_chamfer": 0.468644917011261,
        "gt_to_learned_mean": 0.08191380649805069,
        "learned_to_gt_mean": 0.3867311179637909,
        "gt_to_learned_p95": 0.14350223541259766,
        "learned_to_gt_p95": 1.5432062149047852,
        "n_gt": 1024.0,
        "n_learned": 4096.0,
        "eps_stop": 0.05777775123715401
      },
      "eval_path": "/home/baiyu/PycharmProjects/equality_manofld/outputs_unified/sweeps/delta_all_6d/delta/6d_spatial_arm_up_n6_py_delta_eval.json",
      "ckpt_path": "/home/baiyu/PycharmProjects/equality_manofld/outputs_unified/sweeps/delta_all_6d/delta/6d_spatial_arm_up_n6_py_delta_model.pt",
      "config": {
        "seed": 173,
        "device": "cuda",
        "n_train": 2048,
        "n_grid": 8192,
        "knn_norm_estimation_ratio": 0.08,
        "knn_norm_estimation_min_points": 4,
        "sigmas": [
          0.4
        ],
        "off_sigma_mode": "list",
        "off_bank_size": 32,
        "off_bank_oversample": 8,
        "off_bank_chunk": 64,
        "off_bank_max_rounds": 6,
        "off_curriculum_enable": false,
        "off_curriculum_start_ratio": 0.2,
        "off_curriculum_power": 1.0,
        "off_curriculum_epochs": 0,
        "use_knn_filter": true,
        "knn_off_data_filter_ratio": 0.03,
        "knn_off_data_filter_min_points": 1,
        "hidden": 128,
        "depth": 3,
        "lr": 0.0003,
        "lr_decay_step": 0,
        "lr_decay_gamma": 1.0,
        "epochs": 2000,
        "train_log_every": 50,
        "batch_size": 128,
        "baseline_margin_target": 1.0,
        "lam_on": 1.0,
        "lam_off": 1.0,
        "loss_ema_alpha": 0.85,
        "eps": 1e-08,
        "projector": {
          "alpha": 0.3,
          "steps": 100,
          "min_steps": 30
        },
        "planner": {
          "method": "trajectory_opt",
          "steps": 64,
          "opt_steps": 1240,
          "opt_lr": 0.01,
          "opt_lam_smooth": 0.2,
          "lam_manifold": 1.0,
          "lam_len_joint": 0.4,
          "trust_scale": 0.8,
          "off_dist": 0.6
        }
      },
      "loaded_config_paths": [
        "/home/baiyu/PycharmProjects/equality_manofld/configs/base.json",
        "/home/baiyu/PycharmProjects/equality_manofld/configs/methods/delta.json",
        "/home/baiyu/PycharmProjects/equality_manofld/configs/datasets/6d_spatial_arm_up_n6_py.json"
      ],
      "seed": 173
    },
    {
      "method": "delta",
      "dataset": "6d_workspace_sine_surface_pose",
      "metrics": {
        "pred_on_mean_v": 0.00026955088833346963,
        "proj_manifold_dist": 0.10548268258571625,
        "proj_v_residual": 0.01987898349761963,
        "proj_true_dist": 0.3519188165664673,
        "proj_steps": 35.876220703125,
        "pred_recall": NaN,
        "pred_FPrate": 0.00146484375,
        "pred_manifold_dist": 0.31424301862716675,
        "pred_precision": 0.0,
        "eval_eps_used": 0.03439313545823097,