{
  "pred_on_mean_v": 0.00014553072105627507,
  "proj_manifold_dist": 0.2754252254962921,
  "proj_v_residual": 0.029736027121543884,
  "proj_true_dist": 0.9832355976104736,
  "proj_steps": 19.051513671875,
  "pred_recall": 0.7595964566929134,
  "pred_FPrate": 0.01634074470934905,
  "pred_precision": 0.586669921875,
  "eval_eps_used": 0.025631340220570564,
  "dist_space": "workspace",
  "bidirectional_chamfer": 0.3975544571876526,
  "gt_to_learned_mean": 0.12212924659252167,
  "learned_to_gt_mean": 0.2754252254962921,
  "gt_to_learned_p95": 0.28899702429771423,
  "learned_to_gt_p95": 1.099487543106079,
  "n_gt": 8128,
  "n_learned": 4096,
  "eps_stop": 0.025631340220570564,
  "train_seconds": 62.34925976200611
}