{
  "pred_on_mean_v": 2.822063834173605e-06,
  "proj_manifold_dist": 0.3380642533302307,
  "proj_v_residual": 0.0005797354388050735,
  "proj_true_dist": 0.4210706055164337,
  "proj_steps": 19.0,
  "pred_recall": 0.8144685039370079,
  "pred_FPrate": 0.005389514943655071,
  "pred_precision": 0.05078125,
  "eval_eps_used": 0.003826601430773735,
  "dist_space": "workspace",
  "bidirectional_chamfer": 0.36115285754203796,
  "gt_to_learned_mean": 0.023088598623871803,
  "learned_to_gt_mean": 0.3380642533302307,
  "gt_to_learned_p95": 0.04241258651018143,
  "learned_to_gt_p95": 0.7430931329727173,
  "n_gt": 8128,
  "n_learned": 4096,
  "eps_stop": 0.003826601430773735,
  "train_seconds": 5.125785758980783
}