{
  "pred_on_mean_v": 2.368497553106863e-05,
  "proj_manifold_dist": 0.02773641236126423,
  "proj_v_residual": 0.0004622572159860283,
  "proj_true_dist": 0.03167036175727844,
  "proj_steps": 19.0,
  "pred_recall": 0.7992125984251969,
  "pred_FPrate": 0.0018377526909950119,
  "pred_precision": 0.9287109375,
  "eval_eps_used": 0.007985180243849754,
  "dist_space": "data_space",
  "bidirectional_chamfer": 0.06833550333976746,
  "gt_to_learned_mean": 0.040599092841148376,
  "learned_to_gt_mean": 0.02773641236126423,
  "gt_to_learned_p95": 0.0830274224281311,
  "learned_to_gt_p95": 0.05415325611829758,
  "n_gt": 8128,
  "n_learned": 4096,
  "eps_stop": 0.007985180243849754,
  "train_seconds": 16.218261998990783
}