{
  "pred_on_mean_v": 8.228034857893363e-06,
  "proj_manifold_dist": 0.38753992319107056,
  "proj_v_residual": 0.0005809128633700311,
  "proj_true_dist": 0.38822776079177856,
  "proj_steps": 19.0,
  "pred_recall": 0.8202509842519685,
  "pred_FPrate": 0.022974308300395256,
  "pred_precision": 0.07666015625,
  "eval_eps_used": 0.006276875734329224,
  "dist_space": "data_space",
  "bidirectional_chamfer": 0.41485536098480225,
  "gt_to_learned_mean": 0.027315432205796242,
  "learned_to_gt_mean": 0.38753992319107056,
  "gt_to_learned_p95": 0.05415164306759834,
  "learned_to_gt_p95": 0.9659051299095154,
  "n_gt": 8128,
  "n_learned": 4096,
  "eps_stop": 0.006276875734329224,
  "train_seconds": 4.852875394019065
}