{
  "pred_on_mean_v": 0.00024961176677607,
  "proj_manifold_dist": 0.5254843831062317,
  "proj_v_residual": 0.12702634930610657,
  "proj_true_dist": 0.557770848274231,
  "proj_steps": 29.0,
  "pred_recall": 0.8870666666666667,
  "pred_FPrate": 0.05311040078682075,
  "pred_precision": 0.09130859375,
  "eval_eps_used": 0.035860273987054825,
  "dist_space": "workspace",
  "bidirectional_chamfer": 0.5920339822769165,
  "gt_to_learned_mean": 0.00261145131662488,
  "learned_to_gt_mean": 0.5894225239753723,
  "gt_to_learned_p95": 0.004546050913631916,
  "learned_to_gt_p95": 1.8359715938568115,
  "n_gt": 15000,
  "n_learned": 4096,
  "eps_stop": 0.035860273987054825,
  "train_seconds": 91.95590934500797
}