{"3d_spiral/vae/plot/3d_spiral_vae_visualize_all":{"height":898,"_type":"image-file","sha256":"92c90f46f4b929ae18d8724c3aaf50ff0a2fff4712dec5a06be8f64b20d22790","size":422784,"path":"media/images/3d_spiral/vae/plot/3d_spiral_vae_visualize_all_16_92c90f46f4b929ae18d8.png","format":"png","width":1849},"3d_vz_2d_ellipse/vae/learned_to_gt_mean":0.13051092624664307,"3d_spiral/loaded_layers_count":3,"3d_spiral/vae/eval_eps_used":0.09583543241024017,"3d_torus_surface/vae/bidirectional_chamfer":0.5246375799179077,"3d_spiral/vae/proj_v_residual":0.0717330127954483,"3d_vz_2d_ellipse/vae/n_gt":1024,"sweep/avg/eps_stop":0.2096592515707016,"sweep/std/pred_precision":0.12561415441660137,"3d_torus_surface/vae/proj_true_dist":0.6076023578643799,"3d_spatial_arm_circle_n3/vae/n_gt":1024,"sweep/std/pred_manifold_dist":0.05060522413090356,"sweep/avg/learned_to_gt_mean":0.15448380783200263,"3d_spatial_arm_circle_n3/vae/proj_v_residual":0.11042514443397522,"3d_torus_surface/vae/plot/3d_torus_surface_vae_planner_paths_3d":{"height":1156,"_type":"image-file","sha256":"ab3d32bdfdd3af291d5aa17ca69108cbca5728e5bdc1c766e69d5786130735fe","size":304826,"path":"media/images/3d_torus_surface/vae/plot/3d_torus_surface_vae_planner_paths_3d_21_ab3d32bdfdd3af291d5a.png","format":"png","width":1428},"3d_planar_arm_line_n3/vae/eval_eps_used":0.303447425365448,"3d_spatial_arm_circle_n3/vae/gt_to_learned_mean":0.008061311207711697,"_runtime":61.092383744,"sweep/std/learned_to_gt_mean":0.12405717284719624,"3d_torus_surface/vae/plot/3d_torus_surface_vae_visualize_all":{"size":666687,"path":"media/images/3d_torus_surface/vae/plot/3d_torus_surface_vae_visualize_all_22_d2d37b8aace35cad0082.png","format":"png","width":1856,"height":908,"_type":"image-file","sha256":"d2d37b8aace35cad008284d6800eeac8626293ad8a08a50b68c918ad61c5ef48"},"3d_spatial_arm_circle_n3/vae/learned_to_gt_p95":0.04068653658032417,"3d_spiral/vae/proj_manifold_dist":0.028649065643548965,"sweep/std/eval_eps_used":0.07061404738440223,"3d_spatial_arm_circle_n3/vae/pred_manifold_dist":0.12876103818416595,"sweep/avg/pred_manifold_dist":0.13157352358102797,"sweep/std/gt_to_learned_mean":0.06551659750333734,"3d_spiral/vae/gt_to_learned_mean":0.02013232186436653,"sweep/std/learned_to_gt_p95":0.48053386702243545,"3d_planar_arm_line_n3/vae/learned_to_gt_p95":0.9258539080619812,"3d_vz_2d_ellipse/vae/gt_to_learned_mean":0.11972842365503311,"3d_spatial_arm_circle_n3/vae/pred_precision":0.03663003663003663,"_step":32,"3d_torus_surface/vae/learned_to_gt_p95":1.249340534210205,"3d_torus_surface/vae/proj_steps":1,"sweep/n_datasets":5,"3d_spiral/vae/pred_FPrate":0.005394801373222168,"sweep/std/proj_true_dist":0.17704798767324498,"3d_planar_arm_line_n3/vae/learned_to_gt_mean":0.22081363201141357,"sweep/std/bidirectional_chamfer":0.1759974790393882,"3d_planar_arm_line_n3/vae/bidirectional_chamfer":0.23118719458580017,"sweep/avg/proj_manifold_dist":0.1483379364013672,"sweep/std/pred_FPrate":0.08041883390608973,"3d_planar_arm_line_n3/loaded_layers_count":3,"3d_planar_arm_line_n3/vae/n_learned":4096,"3d_vz_2d_ellipse/vae/eps_stop":0.19136543571949005,"3d_spiral/vae/proj_steps":1,"3d_planar_arm_line_n3/vae/proj_v_residual":0.3143683671951294,"3d_vz_2d_ellipse/vae/pred_FPrate":0.0838662075750123,"3d_vz_2d_ellipse/vae/pred_precision":0.06830601092896176,"3d_torus_surface/vae/pred_on_mean_v":0.015096529386937618,"3d_spiral/vae/eps_stop":0.09583543241024017,"3d_planar_arm_line_n3/vae/proj_steps":1,"3d_planar_arm_line_n3/vae/gt_to_learned_p95":0.02144162729382515,"_timestamp":1.7726151307698374e+09,"3d_vz_2d_ellipse/vae/learned_to_gt_p95":0.6623182892799377,"3d_planar_arm_line_n3/vae/n_gt":1024,"3d_spatial_arm_circle_n3/vae/plot/3d_spatial_arm_circle_n3_vae_visualize_all":{"sha256":"54ece489e38531ae2b9426924078ab9d5ef479c1e9e16a985e6954a2e7fd2799","size":418518,"path":"media/images/3d_spatial_arm_circle_n3/vae/plot/3d_spatial_arm_circle_n3_vae_visualize_all_10_54ece489e38531ae2b94.png","format":"png","width":1833,"height":906,"_type":"image-file"},"3d_spatial_arm_circle_n3/vae/pred_recall":0.9090909090909091,"3d_planar_arm_line_n3/vae/eps_stop":0.303447425365448,"3d_planar_arm_line_n3/vae/pred_precision":0.14979195561719832,"3d_torus_surface/vae/pred_recall":0.7086092715231788,"sweep/std/proj_v_residual":0.08749496391352064,"3d_spatial_arm_circle_n3/vae/proj_true_dist":0.6957237720489502,"sweep/std/pred_on_mean_v":0.00658125850061441,"3d_planar_arm_line_n3/vae/proj_manifold_dist":0.22057877480983734,"3d_spatial_arm_circle_n3/loaded_layers_count":3,"3d_spatial_arm_circle_n3/vae/proj_steps":1,"3d_torus_surface/vae/proj_manifold_dist":0.331570565700531,"sweep/std/eps_stop":0.07061404738440223,"3d_spatial_arm_circle_n3/vae/learned_to_gt_mean":0.03195739537477493,"3d_vz_2d_ellipse/vae/plot/3d_vz_2d_ellipse_vae_zero_surfaces_3d":{"width":3240,"height":1080,"_type":"image-file","sha256":"97479f104bf0bd456306273f45ad8b9b11454a205d99f72948aad0934f603c52","size":1980602,"path":"media/images/3d_vz_2d_ellipse/vae/plot/3d_vz_2d_ellipse_vae_zero_surfaces_3d_29_97479f104bf0bd456306.png","format":"png"},"3d_spiral/vae/proj_true_dist":1.0354599952697754,"3d_spatial_arm_circle_n3/vae/n_learned":4096,"3d_spatial_arm_circle_n3/vae/plot/3d_spatial_arm_circle_n3_vae_loss_curves":{"_type":"image-file","sha256":"6c55aa70a7c128d37874ae37c450fcbce9be3a1b1274483271e92f73d7102fad","size":80245,"path":"media/images/3d_spatial_arm_circle_n3/vae/plot/3d_spatial_arm_circle_n3_vae_loss_curves_8_6c55aa70a7c128d37874.png","format":"png","width":1350,"height":600},"sweep/std/n_learned":0,"3d_planar_arm_line_n3/vae/plot/3d_planar_arm_line_n3_vae_zero_surfaces_3d":{"width":3240,"height":1080,"_type":"image-file","sha256":"509051fc3856b2893a1289259d663cbb4110e966cb6faf09d39961686a7c7f97","size":2317452,"path":"media/images/3d_planar_arm_line_n3/vae/plot/3d_planar_arm_line_n3_vae_zero_surfaces_3d_5_509051fc3856b2893a12.png","format":"png"},"3d_torus_surface/vae/pred_manifold_dist":0.19910205900669098,"3d_spatial_arm_circle_n3/vae/pred_FPrate":0.06438188494492043,"3d_vz_2d_ellipse/vae/n_learned":4096,"3d_spatial_arm_circle_n3/vae/plot/3d_spatial_arm_circle_n3_vae_planning_demo":{"height":2040,"_type":"image-file","sha256":"94fd75b04ed4cd78c030af98d15a074f58a018dda255485c689a4046aa855968","size":1272495,"path":"media/images/3d_spatial_arm_circle_n3/vae/plot/3d_spatial_arm_circle_n3_vae_planning_demo_9_94fd75b04ed4cd78c030.png","format":"png","width":1785},"3d_spiral/vae/pred_recall":0.7777777777777778,"3d_vz_2d_ellipse/vae/proj_true_dist":0.5889326333999634,"3d_spiral/vae/pred_manifold_dist":0.04636962711811066,"3d_spatial_arm_circle_n3/vae/pred_on_mean_v":0.009821002371609211,"3d_vz_2d_ellipse/vae/plot/3d_vz_2d_ellipse_vae_loss_curves":{"size":87801,"path":"media/images/3d_vz_2d_ellipse/vae/plot/3d_vz_2d_ellipse_vae_loss_curves_26_9c28ff0a016e51bfce18.png","format":"png","width":1350,"height":600,"_type":"image-file","sha256":"9c28ff0a016e51bfce18690299e2f19b9bda8e5ff391fdead6f2180ff584d21f"},"3d_spatial_arm_circle_n3/vae/bidirectional_chamfer":0.040018707513809204,"3d_planar_arm_line_n3/vae/pred_FPrate":0.15522917194226388,"sweep/n_cases":5,"3d_vz_2d_ellipse/loaded_layers_count":3,"sweep/avg/proj_v_residual":0.1791826993227005,"sweep/std/gt_to_learned_p95":0.19956262888762663,"3d_spatial_arm_circle_n3/vae/plot/3d_spatial_arm_circle_n3_vae_zero_surfaces_3d":{"width":3240,"height":1080,"_type":"image-file","sha256":"ecdee636539fe5c76efbc0d4c5d973aa4f9caa070e8a8762763f57965ba3bd49","size":1583104,"path":"media/images/3d_spatial_arm_circle_n3/vae/plot/3d_spatial_arm_circle_n3_vae_zero_surfaces_3d_11_ecdee636539fe5c76efb.png","format":"png"},"3d_torus_surface/vae/learned_to_gt_mean":0.35850492119789124,"3d_vz_2d_ellipse/vae/proj_v_residual":0.1616983711719513,"sweep/avg/pred_recall":0.7927010338552438,"3d_spatial_arm_circle_n3/vae/proj_manifold_dist":0.030938636511564255,"sweep/avg/proj_steps":1,"3d_spiral/vae/learned_to_gt_p95":0.042060330510139465,