{
  "pred_on_mean_v": 0.01948525384068489,
  "proj_manifold_dist": 0.7152705192565918,
  "proj_v_residual": 0.043605465441942215,
  "proj_true_dist": 1.0124670267105103,
  "proj_steps": 9.26025390625,
  "pred_recall": 0.890625,
  "pred_FPrate": 0.8025348542458809,
  "pred_precision": 0.038330078125,
  "eval_eps_used": 0.3233988583087921,
  "dist_space": "data_space",
  "bidirectional_chamfer": 1.151253342628479,
  "gt_to_learned_mean": 0.4177427291870117,
  "learned_to_gt_mean": 0.7335106134414673,
  "gt_to_learned_p95": 1.0319085121154785,
  "learned_to_gt_p95": 2.3451619148254395,
  "n_gt": 1024,
  "n_learned": 4096,
  "eps_stop": 0.3233988583087921,
  "train_seconds": 34.24640053300027
}