method,mean_over_datasets,std_over_datasets,n_datasets
delta,0.5004276900972275,0.32343835636240964,14
eikonal,0.6919961062342878,0.21595768174706528,14
vae,0.19088232606872282,0.2046605790185896,14
