method,mean_over_datasets,std_over_datasets,n_datasets
delta,0.3464806627923019,0.30261493347168594,14
eikonal,0.12901369067282187,0.13952706152995548,14
vae,0.4907767622973301,0.24200534438270913,14
