{
  "pred_on_mean_v": 0.00029129907488822937,
  "proj_manifold_dist": 0.032447315752506256,
  "proj_v_residual": 0.012912461534142494,
  "proj_true_dist": 0.3615330457687378,
  "proj_steps": 19.0244140625,
  "pred_recall": 0.9106791338582677,
  "pred_FPrate": 0.005865850548329507,
  "pred_precision": 0.825927734375,
  "eval_eps_used": 0.03535305708646774,
  "dist_space": "workspace",
  "bidirectional_chamfer": 0.039050087332725525,
  "gt_to_learned_mean": 0.006602770648896694,
  "learned_to_gt_mean": 0.032447315752506256,
  "gt_to_learned_p95": 0.01753220707178116,
  "learned_to_gt_p95": 0.1094566285610199,
  "n_gt": 8128,
  "n_learned": 4096,
  "eps_stop": 0.03535305708646774,
  "train_seconds": 4.727011910988949
}