{
  "pred_on_mean_v": 0.00015901084407232702,
  "proj_manifold_dist": 0.03087398037314415,
  "proj_v_residual": 0.0007095056935213506,
  "proj_true_dist": 0.07056693732738495,
  "proj_steps": 19.0,
  "pred_recall": 0.7139517716535433,
  "pred_FPrate": 0.0005635390250774866,
  "pred_precision": 0.947265625,
  "eval_eps_used": 0.026512451469898224,
  "dist_space": "data_space",
  "bidirectional_chamfer": 0.06301973015069962,
  "gt_to_learned_mean": 0.032145749777555466,
  "learned_to_gt_mean": 0.03087398037314415,
  "gt_to_learned_p95": 0.14600501954555511,
  "learned_to_gt_p95": 0.10615954548120499,
  "n_gt": 8128,
  "n_learned": 4096,
  "eps_stop": 0.026512451469898224,
  "train_seconds": 2.6468167990096845
}