{
  "pred_on_mean_v": 0.00014553072105627507,
  "proj_manifold_dist": 0.2758205533027649,
  "proj_v_residual": 0.029736027121543884,
  "proj_true_dist": 0.9837691187858582,
  "proj_steps": 19.051513671875,
  "pred_recall": 0.7570127952755905,
  "pred_FPrate": 0.016613076098606645,
  "pred_precision": 0.586669921875,
  "eval_eps_used": 0.025631340220570564,
  "dist_space": "workspace",
  "bidirectional_chamfer": 0.39938294887542725,
  "gt_to_learned_mean": 0.12356238812208176,
  "learned_to_gt_mean": 0.2758205533027649,
  "gt_to_learned_p95": 0.29022452235221863,
  "learned_to_gt_p95": 1.0985994338989258,
  "n_gt": 8128,
  "n_learned": 4096,
  "eps_stop": 0.025631340220570564,
  "train_seconds": 62.03292590100318
}