{
  "pred_on_mean_v": 0.0002855869824998081,
  "proj_manifold_dist": 0.0347069688141346,
  "proj_v_residual": 0.03034496307373047,
  "proj_true_dist": 0.30217698216438293,
  "proj_steps": 19.0,
  "pred_recall": 0.7851870078740157,
  "pred_FPrate": 0.0026947574718275357,
  "pred_precision": 0.821533203125,
  "eval_eps_used": 0.039344433695077896,
  "dist_space": "workspace",
  "bidirectional_chamfer": 0.04622139781713486,
  "gt_to_learned_mean": 0.011514428071677685,
  "learned_to_gt_mean": 0.0347069688141346,
  "gt_to_learned_p95": 0.02009192667901516,
  "learned_to_gt_p95": 0.09753788262605667,
  "n_gt": 8128,
  "n_learned": 4096,
  "eps_stop": 0.039344433695077896,
  "train_seconds": 7.239677773002768
}