{
  "pred_on_mean_v": 6.50179572403431e-05,
  "proj_manifold_dist": 0.04310433566570282,
  "proj_v_residual": 0.0005654959240928292,
  "proj_true_dist": 0.04757336527109146,
  "proj_steps": 19.0,
  "pred_recall": 0.8898765432098765,
  "pred_FPrate": 0.001083717149823896,
  "pred_precision": 0.907958984375,
  "eval_eps_used": 0.019044658169150352,
  "dist_space": "data_space",
  "bidirectional_chamfer": 0.10238461196422577,
  "gt_to_learned_mean": 0.05928027257323265,
  "learned_to_gt_mean": 0.04310433566570282,
  "gt_to_learned_p95": 0.11783277988433838,
  "learned_to_gt_p95": 0.08313828706741333,
  "n_gt": 8100,
  "n_learned": 4096,
  "eps_stop": 0.019044658169150352,
  "train_seconds": 16.62340025600861
}