{
  "pred_on_mean_v": 2.14547344512539e-05,
  "proj_manifold_dist": 0.006851528771221638,
  "proj_v_residual": 0.0005494493525475264,
  "proj_true_dist": 0.013846330344676971,
  "proj_steps": 19.0,
  "pred_recall": 0.8100393700787402,
  "pred_FPrate": 0.0,
  "pred_precision": 1.0,
  "eval_eps_used": 0.009536116383969784,
  "dist_space": "data_space",
  "bidirectional_chamfer": 0.014125533401966095,
  "gt_to_learned_mean": 0.007274004630744457,
  "learned_to_gt_mean": 0.006851528771221638,
  "gt_to_learned_p95": 0.016402168199419975,
  "learned_to_gt_p95": 0.015170893631875515,
  "n_gt": 8128,
  "n_learned": 4096,
  "eps_stop": 0.009536116383969784,
  "train_seconds": 6.4045989379810635
}