method,mean_over_datasets,std_over_datasets,n_datasets
delta,0.6018834101278133,0.30281196469749594,11
eikonal,0.8780072894519009,0.11494794611171591,11
vae,0.4131235369641651,0.23302255560861607,11
ecomann,0.08203829712820725,0.0986440735375665,11
