{
  "pred_on_mean_v": 0.0002442084951326251,
  "proj_manifold_dist": 0.06832937896251678,
  "proj_v_residual": 0.0009527889778837562,
  "proj_true_dist": 0.10067012161016464,
  "proj_steps": 29.1865234375,
  "pred_recall": 0.7482517482517482,
  "pred_FPrate": 0.03543307086614173,
  "pred_manifold_dist": 0.0867265984416008,
  "pred_precision": 0.6131805157593123,
  "eval_eps_used": 0.04144251346588135,
  "dist_space": "data_space",
  "bidirectional_chamfer": 0.08818379044532776,
  "gt_to_learned_mean": 0.018705831840634346,
  "learned_to_gt_mean": 0.06947796046733856,
  "gt_to_learned_p95": 0.04943478852510452,
  "learned_to_gt_p95": 0.39479774236679077,
  "n_gt": 1024,
  "n_learned": 4096,
  "eps_stop": 0.04144251346588135
}