{
  "pred_on_mean_v": 0.0001476389734307304,
  "proj_manifold_dist": 0.016399303451180458,
  "proj_v_residual": 0.000335611286573112,
  "proj_true_dist": 0.043430130928754807,
  "proj_steps": 29.0,
  "pred_recall": 0.635036496350365,
  "pred_FPrate": 0.0141287284144427,
  "pred_manifold_dist": 0.02080492302775383,
  "pred_precision": 0.7631578947368421,
  "eval_eps_used": 0.024292567744851112,
  "dist_space": "data_space",
  "bidirectional_chamfer": 0.03637121990323067,
  "gt_to_learned_mean": 0.01889602094888687,
  "learned_to_gt_mean": 0.017475198954343796,
  "gt_to_learned_p95": 0.07590287178754807,
  "learned_to_gt_p95": 0.05846793204545975,
  "n_gt": 1024,
  "n_learned": 4096,
  "eps_stop": 0.024292567744851112
}