{
  "pred_on_mean_v": 0.0010818314040079713,
  "proj_manifold_dist": 0.08455684036016464,
  "proj_v_residual": 0.012976170517504215,
  "proj_true_dist": 0.159586101770401,
  "proj_steps": 32.801513671875,
  "pred_recall": 0.8088642659279779,
  "pred_FPrate": 0.06345381526104418,
  "pred_manifold_dist": 0.147679403424263,
  "pred_precision": 0.5519848771266541,
  "eval_eps_used": 0.0841318741440773,
  "dist_space": "data_space",
  "bidirectional_chamfer": 0.12645497918128967,
  "gt_to_learned_mean": 0.040822871029376984,
  "learned_to_gt_mean": 0.08563210070133209,
  "gt_to_learned_p95": 0.14400960505008698,
  "learned_to_gt_p95": 0.4886666536331177,
  "n_gt": 1024,
  "n_learned": 4096,
  "eps_stop": 0.0841318741440773
}