{
  "pred_on_mean_v": 0.0010675687808543444,
  "proj_manifold_dist": 0.09693282842636108,
  "proj_v_residual": 0.035933393985033035,
  "proj_true_dist": 0.4154903292655945,
  "proj_steps": 30.289306640625,
  "pred_recall": 0.7662337662337663,
  "pred_FPrate": 0.059107052257737186,
  "pred_manifold_dist": 0.09544270485639572,
  "pred_precision": 0.33618233618233617,
  "eval_eps_used": 0.06863420456647873,
  "dist_space": "workspace",
  "bidirectional_chamfer": 0.10390084981918335,
  "gt_to_learned_mean": 0.006611404940485954,
  "learned_to_gt_mean": 0.09728944301605225,
  "gt_to_learned_p95": 0.014338693581521511,
  "learned_to_gt_p95": 0.4089074730873108,
  "n_gt": 1024,
  "n_learned": 4096,
  "eps_stop": 0.06863420456647873
}