{
  "pred_on_mean_v": 0.0012003214797005057,
  "proj_manifold_dist": 0.532561182975769,
  "proj_v_residual": 0.2297501415014267,
  "proj_true_dist": 0.6420916318893433,
  "proj_steps": 36.61572265625,
  "pred_recall": NaN,
  "pred_FPrate": 0.013427734375,
  "pred_manifold_dist": 0.8380388021469116,
  "pred_precision": 0.0,
  "eval_eps_used": 0.07365601509809494,
  "dist_space": "workspace",
  "bidirectional_chamfer": 0.63001549243927,
  "gt_to_learned_mean": 0.08911821246147156,
  "learned_to_gt_mean": 0.5408973097801208,
  "gt_to_learned_p95": 0.1551477015018463,
  "learned_to_gt_p95": 1.6615617275238037,
  "n_gt": 1024,
  "n_learned": 4096,
  "eps_stop": 0.07365601509809494
}