{
  "pred_on_mean_v": 0.011979480274021626,
  "proj_manifold_dist": 0.23889344930648804,
  "proj_v_residual": 0.008930588141083717,
  "proj_true_dist": 0.42919212579727173,
  "proj_steps": 4.42041015625,
  "pred_recall": 0.9314714566929134,
  "pred_FPrate": 0.10727406318883174,
  "pred_precision": 0.08251953125,
  "eval_eps_used": 0.2499798834323883,
  "dist_space": "workspace",
  "bidirectional_chamfer": 0.3367064893245697,
  "gt_to_learned_mean": 0.09781304746866226,
  "learned_to_gt_mean": 0.23889344930648804,
  "gt_to_learned_p95": 0.224916011095047,
  "learned_to_gt_p95": 0.510368824005127,
  "n_gt": 8128,
  "n_learned": 4096,
  "eps_stop": 0.2499798834323883,
  "train_seconds": 28.583445403026417
}