method,mean_over_datasets,std_over_datasets,n_datasets
delta,0.6031407330680111,0.3437368774604637,15
eikonal,0.9308758852074167,0.09480785435056728,15
vae,0.5209708357620939,0.20273600857618573,15
ecomann,0.09240780474931252,0.09805814185580806,15
