{
  "pred_on_mean_v": 0.04779558256268501,
  "proj_manifold_dist": 0.21248513460159302,
  "proj_v_residual": 0.013482453301548958,
  "proj_true_dist": 0.30328792333602905,
  "proj_steps": 3.7880859375,
  "pred_recall": 0.915283203125,
  "pred_FPrate": 0.48037924677376875,
  "pred_precision": 0.07958984375,
  "eval_eps_used": 0.48078620433807373,
  "dist_space": "data_space",
  "bidirectional_chamfer": 0.3976239562034607,
  "gt_to_learned_mean": 0.1849394291639328,
  "learned_to_gt_mean": 0.2126845419406891,
  "gt_to_learned_p95": 0.37553030252456665,
  "learned_to_gt_p95": 0.3832705020904541,
  "n_gt": 1024,
  "n_learned": 4096,
  "eps_stop": 0.48078620433807373,
  "train_seconds": 12.652624860998912
}