{
  "pred_on_mean_v": 0.007968416437506676,
  "proj_manifold_dist": 0.30022144317626953,
  "proj_v_residual": 0.030145034193992615,
  "proj_true_dist": 0.44476932287216187,
  "proj_steps": 10.018310546875,
  "pred_recall": 0.86474609375,
  "pred_FPrate": 0.2717505241090147,
  "pred_precision": 0.196044921875,
  "eval_eps_used": 0.19565019011497498,
  "dist_space": "data_space",
  "bidirectional_chamfer": 0.41512951254844666,
  "gt_to_learned_mean": 0.11460515856742859,
  "learned_to_gt_mean": 0.30052435398101807,
  "gt_to_learned_p95": 0.3094668388366699,
  "learned_to_gt_p95": 2.4046573638916016,
  "n_gt": 1024,
  "n_learned": 4096,
  "eps_stop": 0.19565019011497498,
  "train_seconds": 12.803315879002184
}