{
  "pred_on_mean_v": 0.039393775165081024,
  "proj_manifold_dist": 0.38605931401252747,
  "proj_v_residual": 0.08543755114078522,
  "proj_true_dist": 0.56541907787323,
  "proj_steps": 3.005126953125,
  "pred_recall": 0.92626953125,
  "pred_FPrate": 0.33517449158925433,
  "pred_precision": 0.005126953125,
  "eval_eps_used": 0.4284341633319855,
  "dist_space": "workspace",
  "bidirectional_chamfer": 0.4767475724220276,
  "gt_to_learned_mean": 0.09064777195453644,
  "learned_to_gt_mean": 0.38609981536865234,
  "gt_to_learned_p95": 0.1620435267686844,
  "learned_to_gt_p95": 1.3062864542007446,
  "n_gt": 1024,
  "n_learned": 4096,
  "eps_stop": 0.4284341633319855,
  "train_seconds": 15.288307513998006
}