{
  "pred_on_mean_v": 0.07779239118099213,
  "proj_manifold_dist": 0.2968936562538147,
  "proj_v_residual": 0.002617715857923031,
  "proj_true_dist": 0.4017993211746216,
  "proj_steps": 2.802978515625,
  "pred_recall": 0.6787109375,
  "pred_FPrate": 0.46629986244841815,
  "pred_precision": 0.129150390625,
  "eval_eps_used": 0.5976107120513916,
  "dist_space": "data_space",
  "bidirectional_chamfer": 0.6778327226638794,
  "gt_to_learned_mean": 0.38076072931289673,
  "learned_to_gt_mean": 0.2970719635486603,
  "gt_to_learned_p95": 0.9766198396682739,
  "learned_to_gt_p95": 0.7229068279266357,
  "n_gt": 1024,
  "n_learned": 4096,
  "eps_stop": 0.5976107120513916,
  "train_seconds": 3.8643748860013147
}