{
  "pred_on_mean_v": 0.0033099630381911993,
  "proj_manifold_dist": 0.15313048660755157,
  "proj_v_residual": 0.024339862167835236,
  "proj_true_dist": 1.1402242183685303,
  "proj_steps": 2.76416015625,
  "pred_recall": 0.8857421875,
  "pred_FPrate": 0.11257606490872211,
  "pred_precision": 0.283935546875,
  "eval_eps_used": 0.13540402054786682,
  "dist_space": "workspace",
  "bidirectional_chamfer": 0.34109315276145935,
  "gt_to_learned_mean": 0.1195077896118164,
  "learned_to_gt_mean": 0.22158536314964294,
  "gt_to_learned_p95": 0.23512130975723267,
  "learned_to_gt_p95": 0.4633774161338806,
  "n_gt": 1024,
  "n_learned": 4096,
  "eps_stop": 0.13540402054786682,
  "train_seconds": 80.48374518100172
}