{
  "pred_on_mean_v": 0.003171066753566265,
  "proj_manifold_dist": 0.1434929519891739,
  "proj_v_residual": 0.018448159098625183,
  "proj_true_dist": 0.4822513461112976,
  "proj_steps": 5.172119140625,
  "pred_recall": 0.87548828125,
  "pred_FPrate": 0.02493887530562347,
  "pred_precision": 0.167236328125,
  "eval_eps_used": 0.12661683559417725,
  "dist_space": "workspace",
  "bidirectional_chamfer": 0.17012886703014374,
  "gt_to_learned_mean": 0.026379693299531937,
  "learned_to_gt_mean": 0.1437491774559021,
  "gt_to_learned_p95": 0.05249062180519104,
  "learned_to_gt_p95": 0.8140667080879211,
  "n_gt": 1024,
  "n_learned": 4096,
  "eps_stop": 0.12661683559417725,
  "train_seconds": 105.50176163199649
}