{
  "pred_on_mean_v": 0.10287189483642578,
  "proj_manifold_dist": 0.2412143349647522,
  "proj_v_residual": 0.0001094003309844993,
  "proj_true_dist": 0.29108214378356934,
  "proj_steps": 2.877197265625,
  "pred_recall": 0.915283203125,
  "pred_FPrate": 0.6408255726151523,
  "pred_precision": 0.002685546875,
  "eval_eps_used": 0.6784856915473938,
  "dist_space": "data_space",
  "bidirectional_chamfer": 0.4819469749927521,
  "gt_to_learned_mean": 0.22670778632164001,
  "learned_to_gt_mean": 0.25523918867111206,
  "gt_to_learned_p95": 0.4558230936527252,
  "learned_to_gt_p95": 0.49439388513565063,
  "n_gt": 1024,
  "n_learned": 4096,
  "eps_stop": 0.6784856915473938,
  "train_seconds": 13.319399326996063
}