{
  "pred_on_mean_v": 0.0073491656221449375,
  "proj_manifold_dist": 0.24285821616649628,
  "proj_v_residual": 0.06581102311611176,
  "proj_true_dist": 0.4780134856700897,
  "proj_steps": 5.747802734375,
  "pred_recall": 0.66796875,
  "pred_FPrate": 0.008547008547008548,
  "pred_precision": 0.0078125,
  "eval_eps_used": 0.16493824124336243,
  "dist_space": "workspace",
  "bidirectional_chamfer": 0.5003949403762817,
  "gt_to_learned_mean": 0.10346542298793793,
  "learned_to_gt_mean": 0.3969295024871826,
  "gt_to_learned_p95": 0.15948331356048584,
  "learned_to_gt_p95": 1.5234887599945068,
  "n_gt": 1024,
  "n_learned": 4096,
  "eps_stop": 0.16493824124336243,
  "train_seconds": 890.0734378619964
}