{
  "pred_on_mean_v": 0.011415921151638031,
  "proj_manifold_dist": 0.21945838630199432,
  "proj_v_residual": 0.028077049180865288,
  "proj_true_dist": 0.2559173107147217,
  "proj_steps": 19.0185546875,
  "pred_recall": 0.864501953125,
  "pred_FPrate": 0.6322716504343249,
  "pred_precision": 0.05908203125,
  "eval_eps_used": 0.19510367512702942,
  "dist_space": "data_space",
  "bidirectional_chamfer": 0.32218441367149353,
  "gt_to_learned_mean": 0.10249552130699158,
  "learned_to_gt_mean": 0.21968889236450195,
  "gt_to_learned_p95": 0.3002004027366638,
  "learned_to_gt_p95": 0.5524635314941406,
  "n_gt": 1024,
  "n_learned": 4096,
  "eps_stop": 0.19510367512702942
}