{
  "pred_on_mean_v": 0.0002442084951326251,
  "proj_manifold_dist": 0.06858320534229279,
  "proj_v_residual": 0.0005075195804238319,
  "proj_true_dist": 0.10104796290397644,
  "proj_steps": 49.090087890625,
  "pred_recall": 0.844970703125,
  "pred_FPrate": 0.03543307086614173,
  "pred_precision": 0.76708984375,
  "eval_eps_used": 0.04144251346588135,
  "dist_space": "data_space",
  "bidirectional_chamfer": 0.08941531181335449,
  "gt_to_learned_mean": 0.019685596227645874,
  "learned_to_gt_mean": 0.06972971558570862,
  "gt_to_learned_p95": 0.0499490424990654,
  "learned_to_gt_p95": 0.3947869837284088,
  "n_gt": 1024,
  "n_learned": 4096,
  "eps_stop": 0.04144251346588135,
  "train_seconds": 3.6171232000924647
}