{
  "pred_on_mean_v": 0.0002903768909163773,
  "proj_manifold_dist": 0.2102036476135254,
  "proj_v_residual": 0.0007233447977341712,
  "proj_true_dist": 0.2586142122745514,
  "proj_steps": 49.0,
  "pred_recall": 0.910400390625,
  "pred_FPrate": 0.04185022026431718,
  "pred_precision": 0.087158203125,
  "eval_eps_used": 0.034418217837810516,
  "dist_space": "workspace",
  "bidirectional_chamfer": 0.2298165261745453,
  "gt_to_learned_mean": 0.019430585205554962,
  "learned_to_gt_mean": 0.21038594841957092,
  "gt_to_learned_p95": 0.03446049988269806,
  "learned_to_gt_p95": 0.4498608112335205,
  "n_gt": 1024,
  "n_learned": 4096,
  "eps_stop": 0.034418217837810516,
  "train_seconds": 6.8533353940583766
}