{
  "pred_on_mean_v": 3.34625510731712e-05,
  "proj_manifold_dist": 0.04717536270618439,
  "proj_v_residual": 0.0033681015484035015,
  "proj_true_dist": 0.057101499289274216,
  "proj_steps": 50.050048828125,
  "pred_recall": 0.84912109375,
  "pred_FPrate": 0.042821158690176324,
  "pred_precision": 0.3740234375,
  "eval_eps_used": 0.0116647407412529,
  "dist_space": "data_space",
  "bidirectional_chamfer": 0.1308371126651764,
  "gt_to_learned_mean": 0.05022629350423813,
  "learned_to_gt_mean": 0.08061081171035767,
  "gt_to_learned_p95": 0.0985330119729042,
  "learned_to_gt_p95": 0.14615343511104584,
  "n_gt": 1024,
  "n_learned": 4096,
  "eps_stop": 0.0116647407412529,
  "train_seconds": 14.244033952010795
}