{
  "pred_on_mean_v": 0.00031058667809702456,
  "proj_manifold_dist": 0.36289140582084656,
  "proj_v_residual": 4.482681833906099e-05,
  "proj_true_dist": 0.3655094802379608,
  "proj_steps": 49.0,
  "pred_recall": 0.78173828125,
  "pred_FPrate": 0.08780127889818003,
  "pred_precision": 0.044921875,
  "eval_eps_used": 0.03655373677611351,
  "dist_space": "data_space",
  "bidirectional_chamfer": 0.3994171917438507,
  "gt_to_learned_mean": 0.03639513999223709,
  "learned_to_gt_mean": 0.3630220592021942,
  "gt_to_learned_p95": 0.07145342230796814,
  "learned_to_gt_p95": 0.953262209892273,
  "n_gt": 1024,
  "n_learned": 4096,
  "eps_stop": 0.03655373677611351,
  "train_seconds": 3678.6880549939815
}