{
  "pred_on_mean_v": 3.280913006165065e-05,
  "proj_manifold_dist": 0.09997013211250305,
  "proj_v_residual": 0.009781072847545147,
  "proj_true_dist": 0.3772466480731964,
  "proj_steps": 60.2587890625,
  "pred_recall": 0.625244140625,
  "pred_FPrate": 0.0009765625,
  "pred_precision": 0.10986328125,
  "eval_eps_used": 0.013458114117383957,
  "dist_space": "workspace",
  "bidirectional_chamfer": 0.3007137179374695,
  "gt_to_learned_mean": 0.06831244379281998,
  "learned_to_gt_mean": 0.2324012666940689,
  "gt_to_learned_p95": 0.11229760944843292,
  "learned_to_gt_p95": 0.7998130321502686,
  "n_gt": 1024,
  "n_learned": 4096,
  "eps_stop": 0.013458114117383957,
  "train_seconds": 148.75329135218635
}