{
  "pred_on_mean_v": 3.3466899394989014,
  "proj_manifold_dist": 0.20987655222415924,
  "proj_v_residual": 7.081425189971924,
  "proj_true_dist": 0.5660409927368164,
  "proj_steps": 42.1083984375,
  "pred_recall": 0.90771484375,
  "pred_FPrate": 0.01297112090063632,
  "pred_precision": 0.3935546875,
  "eval_eps_used": 3.8367135524749756,
  "dist_space": "workspace",
  "bidirectional_chamfer": 0.22617489099502563,
  "gt_to_learned_mean": 0.015725813806056976,
  "learned_to_gt_mean": 0.21044906973838806,
  "gt_to_learned_p95": 0.03324222192168236,
  "learned_to_gt_p95": 0.7711846828460693,
  "n_gt": 1024,
  "n_learned": 4096,
  "eps_stop": 3.8367135524749756,
  "train_seconds": 182.77124525700128
}