{"3d_planar_arm_line_n3/delta/plot/3d_planar_arm_line_n3_delta_planning_demo":{"size":583656,"path":"media/images/3d_planar_arm_line_n3/delta/plot/3d_planar_arm_line_n3_delta_planning_demo_4_f81d690660d5965af724.png","format":"png","width":1785,"height":2040,"_type":"image-file","sha256":"f81d690660d5965af7247dfc39e7953a011a1c1f5bf60aeec3b77dad2fa71069"},"sweep/n_seeds":1,"3d_planar_arm_line_n3/delta/eval_eps_used":0.06909208744764328,"_timestamp":1.7726122477624607e+09,"3d_vz_2d_ellipse/delta/n_gt":1024,"3d_vz_2d_ellipse/delta/proj_manifold_dist":0.2766880989074707,"3d_spatial_arm_circle_n3/delta/plot/3d_spatial_arm_circle_n3_delta_loss_curves":{"size":167360,"path":"media/images/3d_spatial_arm_circle_n3/delta/plot/3d_spatial_arm_circle_n3_delta_loss_curves_9_dd56aca7c90d8a9dbd03.png","format":"png","width":1800,"height":600,"_type":"image-file","sha256":"dd56aca7c90d8a9dbd03182e0e2df74bcd641baf1fda5fccd7083393f9d06367"},"3d_torus_surface/delta/proj_steps":29,"3d_spatial_arm_circle_n3/delta/pred_on_mean_v":6.727781874360517e-05,"3d_spatial_arm_circle_n3/delta/gt_to_learned_mean":0.023744719102978706,"3d_torus_surface/delta/proj_v_residual":4.41515730926767e-05,"sweep/std/proj_true_dist":0.10546193887927419,"sweep/avg/proj_manifold_dist":0.1906932473182678,"3d_planar_arm_line_n3/delta/proj_steps":29.3515625,"3d_planar_arm_line_n3/delta/proj_v_residual":0.0294415932148695,"3d_torus_surface/delta/proj_manifold_dist":0.05825773626565933,"3d_vz_2d_ellipse/delta/bidirectional_chamfer":0.3097185492515564,"3d_vz_2d_ellipse/delta/learned_to_gt_p95":0.8346395492553711,"3d_torus_surface/delta/gt_to_learned_mean":0.05896729230880737,"3d_spiral/delta/proj_v_residual":0.00041927851270884275,"sweep/avg/pred_recall":0.5571721540311889,"3d_spatial_arm_circle_n3/delta/n_gt":1024,"sweep/avg/proj_true_dist":0.26272720471024513,"3d_planar_arm_line_n3/delta/proj_true_dist":0.3651617169380188,"3d_torus_surface/delta/proj_true_dist":0.061681199818849564,"sweep/avg/n_gt":1024,"sweep/std/pred_recall":0.2670963185894296,"sweep/avg/proj_steps":29.08857421875,"3d_torus_surface/delta/pred_on_mean_v":3.521701000863686e-05,"3d_spiral/delta/gt_to_learned_mean":0.032632697373628616,"3d_spatial_arm_circle_n3/delta/proj_true_dist":0.2800007462501526,"_step":32,"sweep/avg/pred_on_mean_v":0.00036985646293032917,"3d_vz_2d_ellipse/delta/plot/3d_vz_2d_ellipse_delta_knn_normal":{"size":194806,"path":"media/images/3d_vz_2d_ellipse/delta/plot/3d_vz_2d_ellipse_delta_knn_normal_26_ee4aa1693349cd591919.png","format":"png","width":900,"height":750,"_type":"image-file","sha256":"ee4aa1693349cd591919bf94310dbf468f5dbea23baae7fb7c51bc124e21d36d"},"3d_planar_arm_line_n3/delta/plot/3d_planar_arm_line_n3_delta_knn_normal":{"width":900,"height":750,"_type":"image-file","sha256":"219637934b66e9d03d9a090566c0dd6533c278cc64e1aa53a629a381e5337cc8","size":209137,"path":"media/images/3d_planar_arm_line_n3/delta/plot/3d_planar_arm_line_n3_delta_knn_normal_2_219637934b66e9d03d9a.png","format":"png"},"sweep/avg/learned_to_gt_p95":0.5137629747390747,"3d_spatial_arm_circle_n3/delta/learned_to_gt_p95":0.5952713489532471,"3d_torus_surface/delta/bidirectional_chamfer":0.16355837881565094,"sweep/std/pred_on_mean_v":0.0003738745435529323,"3d_spiral/delta/proj_true_dist":0.32676786184310913,"sweep/std/gt_to_learned_p95":0.034084821162067264,"3d_planar_arm_line_n3/delta/learned_to_gt_p95":0.19514873623847961,"3d_spiral/delta/plot/3d_spiral_delta_planner_paths_3d":{"width":1428,"height":1156,"_type":"image-file","sha256":"1143fd8f3820c19614f5f2c9b6dca12b3cd01392623a75599f45a951820aabb3","size":284451,"path":"media/images/3d_spiral/delta/plot/3d_spiral_delta_planner_paths_3d_16_1143fd8f3820c19614f5.png","format":"png"},"sweep/n_datasets":5,"sweep/avg/learned_to_gt_mean":0.2002209782600403,"sweep/avg/eval_eps_used":0.037891458906233313,"3d_spatial_arm_circle_n3/delta/pred_precision":0.019417475728155338,"sweep/std/proj_v_residual":0.011649415611309548,"3d_spiral/delta/learned_to_gt_mean":0.3136158585548401,"3d_vz_2d_ellipse/delta/gt_to_learned_mean":0.032828912138938904,"3d_spatial_arm_circle_n3/delta/bidirectional_chamfer":0.2640092670917511,"3d_spatial_arm_circle_n3/delta/proj_v_residual":0.0007970354054123163,"sweep/std/bidirectional_chamfer":0.10026157331843635,"3d_planar_arm_line_n3/delta/pred_FPrate":0.04026335781210433,"3d_planar_arm_line_n3/delta/pred_manifold_dist":0.06087764352560043,"3d_spatial_arm_circle_n3/delta/n_learned":4096,"3d_vz_2d_ellipse/delta/learned_to_gt_mean":0.2768896222114563,"sweep/std/learned_to_gt_p95":0.2671324902891008,"3d_planar_arm_line_n3/delta/n_gt":1024,"_runtime":82.085531919,"3d_spatial_arm_circle_n3/delta/plot/3d_spatial_arm_circle_n3_delta_zero_surfaces_3d":{"path":"media/images/3d_spatial_arm_circle_n3/delta/plot/3d_spatial_arm_circle_n3_delta_zero_surfaces_3d_11_ea3070fe0d17261f55c1.png","format":"png","width":1260,"height":1080,"_type":"image-file","sha256":"ea3070fe0d17261f55c144f3f17e06c17a1fbb6925d38ceadeba8ccc121087b3","size":409830},"3d_vz_2d_ellipse/delta/proj_true_dist":0.2800244987010956,"3d_vz_2d_ellipse/loaded_layers_count":4,"3d_spiral/loaded_layers_count":4,"3d_planar_arm_line_n3/delta/bidirectional_chamfer":0.07242738455533981,"3d_spiral/delta/eval_eps_used":0.04791649058461189,"sweep/std/gt_to_learned_mean":0.016923962427563506,"3d_spatial_arm_circle_n3/loaded_layers_count":4,"3d_planar_arm_line_n3/delta/plot/3d_planar_arm_line_n3_delta_zero_surfaces_3d":{"height":1080,"_type":"image-file","sha256":"cb6e0ae539df63785930b0d74bd8a94abc0846690e0293e4c3c641d78b0872cc","size":539998,"path":"media/images/3d_planar_arm_line_n3/delta/plot/3d_planar_arm_line_n3_delta_zero_surfaces_3d_5_cb6e0ae539df63785930.png","format":"png","width":1260},"3d_torus_surface/delta/learned_to_gt_mean":0.10459108650684357,"3d_torus_surface/delta/pred_recall":0.2847682119205298,"3d_torus_surface/delta/n_learned":4096,"3d_torus_surface/delta/n_gt":1024,"3d_torus_surface/delta/pred_manifold_dist":0.05509075149893761,"3d_spiral/delta/pred_manifold_dist":0.3331589102745056,"3d_planar_arm_line_n3/delta/gt_to_learned_mean":0.006683597341179848,"3d_spiral/delta/plot/3d_spiral_delta_zero_surfaces_3d":{"size":448628,"path":"media/images/3d_spiral/delta/plot/3d_spiral_delta_zero_surfaces_3d_17_11ee250ab765e2f5eeba.png","format":"png","width":1260,"height":1080,"_type":"image-file","sha256":"11ee250ab765e2f5eebac4be7f6ff63e76772ee6c6a2395ff86dd54052e490bb"},"3d_torus_surface/delta/learned_to_gt_p95":0.2052602469921112,"3d_vz_2d_ellipse/delta/pred_manifold_dist":0.2614229619503021,"3d_spiral/delta/learned_to_gt_p95":0.7384949922561646,"3d_spatial_arm_circle_n3/delta/proj_steps":29.0751953125,"sweep/avg/bidirectional_chamfer":0.23119242936372758,"3d_spatial_arm_circle_n3/delta/learned_to_gt_mean":0.24026453495025635,"3d_spatial_arm_circle_n3/delta/pred_manifold_dist":0.23394541442394257,"3d_torus_surface/delta/plot/3d_torus_surface_delta_loss_curves":{"_type":"image-file","sha256":"5bf4c7010c536207f9fb01d69f776a3c299fc94d71dfd0895c22d8587d4cedcf","size":104911,"path":"media/images/3d_torus_surface/delta/plot/3d_torus_surface_delta_loss_curves_21_5bf4c7010c536207f9fb.png","format":"png","width":1800,"height":600},"3d_spiral/delta/proj_steps":29.01611328125,"3d_torus_surface/delta/plot/3d_torus_surface_delta_planner_paths_3d":{"_type":"image-file","sha256":"5c789e329f9c3d7835e4433dac720fdf9296dcdb1d560a1904099da6b03b1aac","size":303225,"path":"media/images/3d_torus_surface/delta/plot/3d_torus_surface_delta_planner_paths_3d_22_5c789e329f9c3d7835e4.png","format":"png","width":1428,"height":1156},"3d_torus_surface/delta/pred_FPrate":0.009125475285171103,"sweep/std/proj_manifold_dist":0.10772333841258054,"sweep/avg/pred_FPrate":0.04105599732304802,"3d_vz_2d_ellipse/delta/plot/3d_vz_2d_ellipse_delta_zero_surfaces_3d":{"path":"media/images/3d_vz_2d_ellipse/delta/plot/3d_vz_2d_ellipse_delta_zero_surfaces_3d_29_4e915f35173093de5790.png","format":"png","width":1260,"height":1080,"_type":"image-file",